drug_name,generic_name,category,dosage_form,color,shape,indication,manufacturer,strength,text_description,description,drug_name_ar,generic_name_ar,drug_class_ar,dosage_form_ar,color_ar,shape_ar,indications_ar,rx_otc_status_en,side_effects_en,side_effects_ar,contraindications_en,contraindications_ar
Norvasc,Amlodipine,Calcium Channel Blocker,Tablet,White,Round,Hypertension; Angina pectoris,Pfizer,5 mg,norvasc generic amlodipine form tablet class calcium channel blocker indication hypertension; angina pectoris color white shape round amlodipine besylate 5 mg peripheral edema; dizziness; flushing; fatigue severe aortic stenosis; hypotension; cardiogenic shock نورفاسك أملوديبين قرص حاصر قنوات الكالسيوم ارتفاع ضغط الدم؛ الذبحة الصدرية أبيض دائري وذمة طرفية؛ دوخة؛ احمرار الوجه؛ إرهاق تضيق الأبهر الشديد؛ انخفاض ضغط الدم؛ صدمة قلبية,norvasc generic amlodipine form tablet class calcium channel blocker indication hypertension; angina pectoris color white shape round amlodipine besylate 5 mg peripheral edema; dizziness; flushing; fatigue severe aortic stenosis; hypotension; cardiogenic shock نورفاسك أملوديبين قرص حاصر قنوات الكالسيوم ارتفاع ضغط الدم؛ الذبحة الصدرية أبيض دائري وذمة طرفية؛ دوخة؛ احمرار الوجه؛ إرهاق تضيق الأبهر الشديد؛ انخفاض ضغط الدم؛ صدمة قلبية,نورفاسك,أملوديبين,حاصر قنوات الكالسيوم,قرص,أبيض,دائري,ارتفاع ضغط الدم؛ الذبحة الصدرية,Prescription,Peripheral edema; Dizziness; Flushing; Fatigue,وذمة طرفية؛ دوخة؛ احمرار الوجه؛ إرهاق,Severe aortic stenosis; Hypotension; Cardiogenic shock,تضيق الأبهر الشديد؛ انخفاض ضغط الدم؛ صدمة قلبية
Norvasc,Amlodipine,Calcium Channel Blocker,Tablet,White,Round,Hypertension; Angina pectoris,Pfizer,10 mg,norvasc generic amlodipine form tablet class calcium channel blocker indication hypertension; angina pectoris color white shape round amlodipine besylate 10 mg peripheral edema; dizziness; flushing; headache severe aortic stenosis; hypotension نورفاسك أملوديبين قرص حاصر قنوات الكالسيوم ارتفاع ضغط الدم؛ الذبحة الصدرية أبيض دائري وذمة طرفية؛ دوخة؛ احمرار الوجه؛ صداع تضيق الأبهر الشديد؛ انخفاض ضغط الدم,norvasc generic amlodipine form tablet class calcium channel blocker indication hypertension; angina pectoris color white shape round amlodipine besylate 10 mg peripheral edema; dizziness; flushing; headache severe aortic stenosis; hypotension نورفاسك أملوديبين قرص حاصر قنوات الكالسيوم ارتفاع ضغط الدم؛ الذبحة الصدرية أبيض دائري وذمة طرفية؛ دوخة؛ احمرار الوجه؛ صداع تضيق الأبهر الشديد؛ انخفاض ضغط الدم,نورفاسك,أملوديبين,حاصر قنوات الكالسيوم,قرص,أبيض,دائري,ارتفاع ضغط الدم؛ الذبحة الصدرية,Prescription,Peripheral edema; Dizziness; Flushing; Headache,وذمة طرفية؛ دوخة؛ احمرار الوجه؛ صداع,Severe aortic stenosis; Hypotension,تضيق الأبهر الشديد؛ انخفاض ضغط الدم
Concor,Bisoprolol,Beta Blocker,Tablet,Yellow,Heart-shaped,Hypertension; Heart failure; Angina,Merck,5 mg,concor generic bisoprolol form tablet class beta blocker indication hypertension; heart failure; angina color yellow shape heart-shaped bisoprolol fumarate 5 mg bradycardia; fatigue; dizziness; cold extremities severe bradycardia; acute heart failure; asthma كونكور بيسوبرولول قرص حاصر بيتا ارتفاع ضغط الدم؛ فشل القلب؛ الذبحة الصدرية أصفر على شكل قلب بطء القلب؛ إرهاق؛ دوخة؛ برودة الأطراف بطء القلب الشديد؛ فشل قلبي حاد؛ الربو,concor generic bisoprolol form tablet class beta blocker indication hypertension; heart failure; angina color yellow shape heart-shaped bisoprolol fumarate 5 mg bradycardia; fatigue; dizziness; cold extremities severe bradycardia; acute heart failure; asthma كونكور بيسوبرولول قرص حاصر بيتا ارتفاع ضغط الدم؛ فشل القلب؛ الذبحة الصدرية أصفر على شكل قلب بطء القلب؛ إرهاق؛ دوخة؛ برودة الأطراف بطء القلب الشديد؛ فشل قلبي حاد؛ الربو,كونكور,بيسوبرولول,حاصر بيتا,قرص,أصفر,على شكل قلب,ارتفاع ضغط الدم؛ فشل القلب؛ الذبحة الصدرية,Prescription,Bradycardia; Fatigue; Dizziness; Cold extremities,بطء القلب؛ إرهاق؛ دوخة؛ برودة الأطراف,Severe bradycardia; Acute heart failure; Asthma,بطء القلب الشديد؛ فشل قلبي حاد؛ الربو
Concor,Bisoprolol,Beta Blocker,Tablet,Orange,Heart-shaped,Hypertension; Heart failure,Merck,10 mg,concor generic bisoprolol form tablet class beta blocker indication hypertension; heart failure color orange shape heart-shaped bisoprolol fumarate 10 mg bradycardia; fatigue; dizziness severe bradycardia; av block; asthma كونكور بيسوبرولول قرص حاصر بيتا ارتفاع ضغط الدم؛ فشل القلب برتقالي على شكل قلب بطء القلب؛ إرهاق؛ دوخة بطء القلب الشديد؛ إحصار أذيني بطيني؛ الربو,concor generic bisoprolol form tablet class beta blocker indication hypertension; heart failure color orange shape heart-shaped bisoprolol fumarate 10 mg bradycardia; fatigue; dizziness severe bradycardia; av block; asthma كونكور بيسوبرولول قرص حاصر بيتا ارتفاع ضغط الدم؛ فشل القلب برتقالي على شكل قلب بطء القلب؛ إرهاق؛ دوخة بطء القلب الشديد؛ إحصار أذيني بطيني؛ الربو,كونكور,بيسوبرولول,حاصر بيتا,قرص,برتقالي,على شكل قلب,ارتفاع ضغط الدم؛ فشل القلب,Prescription,Bradycardia; Fatigue; Dizziness,بطء القلب؛ إرهاق؛ دوخة,Severe bradycardia; AV block; Asthma,بطء القلب الشديد؛ إحصار أذيني بطيني؛ الربو
Zestril,Lisinopril,ACE Inhibitor,Tablet,Pink,Round,Hypertension; Heart failure; Post-MI,AstraZeneca,10 mg,zestril generic lisinopril form tablet class ace inhibitor indication hypertension; heart failure; post-mi color pink shape round lisinopril 10 mg cough; dizziness; headache; hyperkalemia angioedema history; bilateral renal artery stenosis; pregnancy زيستريل ليسينوبريل قرص مثبط الإنزيم المحول للأنجيوتنسين ارتفاع ضغط الدم؛ فشل القلب؛ ما بعد الجلطة القلبية وردي دائري سعال؛ دوخة؛ صداع؛ فرط بوتاسيوم الدم تاريخ وذمة وعائية؛ تضيق الشريان الكلوي الثنائي؛ الحمل,zestril generic lisinopril form tablet class ace inhibitor indication hypertension; heart failure; post-mi color pink shape round lisinopril 10 mg cough; dizziness; headache; hyperkalemia angioedema history; bilateral renal artery stenosis; pregnancy زيستريل ليسينوبريل قرص مثبط الإنزيم المحول للأنجيوتنسين ارتفاع ضغط الدم؛ فشل القلب؛ ما بعد الجلطة القلبية وردي دائري سعال؛ دوخة؛ صداع؛ فرط بوتاسيوم الدم تاريخ وذمة وعائية؛ تضيق الشريان الكلوي الثنائي؛ الحمل,زيستريل,ليسينوبريل,مثبط الإنزيم المحول للأنجيوتنسين,قرص,وردي,دائري,ارتفاع ضغط الدم؛ فشل القلب؛ ما بعد الجلطة القلبية,Prescription,Cough; Dizziness; Headache; Hyperkalemia,سعال؛ دوخة؛ صداع؛ فرط بوتاسيوم الدم,Angioedema history; Bilateral renal artery stenosis; Pregnancy,تاريخ وذمة وعائية؛ تضيق الشريان الكلوي الثنائي؛ الحمل
Zestril,Lisinopril,ACE Inhibitor,Tablet,Red,Round,Hypertension; Heart failure,AstraZeneca,20 mg,zestril generic lisinopril form tablet class ace inhibitor indication hypertension; heart failure color red shape round lisinopril 20 mg cough; dizziness; hypotension; renal impairment angioedema history; pregnancy; hyperkalemia زيستريل ليسينوبريل قرص مثبط الإنزيم المحول للأنجيوتنسين ارتفاع ضغط الدم؛ فشل القلب أحمر دائري سعال؛ دوخة؛ انخفاض ضغط الدم؛ قصور كلوي تاريخ وذمة وعائية؛ الحمل؛ فرط بوتاسيوم الدم,zestril generic lisinopril form tablet class ace inhibitor indication hypertension; heart failure color red shape round lisinopril 20 mg cough; dizziness; hypotension; renal impairment angioedema history; pregnancy; hyperkalemia زيستريل ليسينوبريل قرص مثبط الإنزيم المحول للأنجيوتنسين ارتفاع ضغط الدم؛ فشل القلب أحمر دائري سعال؛ دوخة؛ انخفاض ضغط الدم؛ قصور كلوي تاريخ وذمة وعائية؛ الحمل؛ فرط بوتاسيوم الدم,زيستريل,ليسينوبريل,مثبط الإنزيم المحول للأنجيوتنسين,قرص,أحمر,دائري,ارتفاع ضغط الدم؛ فشل القلب,Prescription,Cough; Dizziness; Hypotension; Renal impairment,سعال؛ دوخة؛ انخفاض ضغط الدم؛ قصور كلوي,Angioedema history; Pregnancy; Hyperkalemia,تاريخ وذمة وعائية؛ الحمل؛ فرط بوتاسيوم الدم
Diovan,Valsartan,ARB (Angiotensin II Receptor Blocker),Capsule,Light Grey,Capsule,Hypertension; Heart failure; Post-MI,Novartis,80 mg,diovan generic valsartan form capsule class arb (angiotensin ii receptor blocker) indication hypertension; heart failure; post-mi color light grey shape capsule valsartan 80 mg dizziness; headache; hyperkalemia; fatigue pregnancy; severe hepatic impairment; bilateral renal artery stenosis ديوفان فالسارتان كبسولة حاصر مستقبلات الأنجيوتنسين ارتفاع ضغط الدم؛ فشل القلب؛ ما بعد الجلطة القلبية رمادي فاتح كبسولة دوخة؛ صداع؛ فرط بوتاسيوم الدم؛ إرهاق الحمل؛ قصور كبدي شديد؛ تضيق الشريان الكلوي الثنائي,diovan generic valsartan form capsule class arb (angiotensin ii receptor blocker) indication hypertension; heart failure; post-mi color light grey shape capsule valsartan 80 mg dizziness; headache; hyperkalemia; fatigue pregnancy; severe hepatic impairment; bilateral renal artery stenosis ديوفان فالسارتان كبسولة حاصر مستقبلات الأنجيوتنسين ارتفاع ضغط الدم؛ فشل القلب؛ ما بعد الجلطة القلبية رمادي فاتح كبسولة دوخة؛ صداع؛ فرط بوتاسيوم الدم؛ إرهاق الحمل؛ قصور كبدي شديد؛ تضيق الشريان الكلوي الثنائي,ديوفان,فالسارتان,حاصر مستقبلات الأنجيوتنسين,كبسولة,رمادي فاتح,كبسولة,ارتفاع ضغط الدم؛ فشل القلب؛ ما بعد الجلطة القلبية,Prescription,Dizziness; Headache; Hyperkalemia; Fatigue,دوخة؛ صداع؛ فرط بوتاسيوم الدم؛ إرهاق,Pregnancy; Severe hepatic impairment; Bilateral renal artery stenosis,الحمل؛ قصور كبدي شديد؛ تضيق الشريان الكلوي الثنائي
Diovan,Valsartan,ARB (Angiotensin II Receptor Blocker),Tablet,Dark Grey,Oval,Hypertension; Heart failure,Novartis,160 mg,diovan generic valsartan form tablet class arb (angiotensin ii receptor blocker) indication hypertension; heart failure color dark grey shape oval valsartan 160 mg dizziness; hypotension; renal impairment pregnancy; severe hepatic impairment ديوفان فالسارتان قرص حاصر مستقبلات الأنجيوتنسين ارتفاع ضغط الدم؛ فشل القلب رمادي غامق بيضاوي دوخة؛ انخفاض ضغط الدم؛ قصور كلوي الحمل؛ قصور كبدي شديد,diovan generic valsartan form tablet class arb (angiotensin ii receptor blocker) indication hypertension; heart failure color dark grey shape oval valsartan 160 mg dizziness; hypotension; renal impairment pregnancy; severe hepatic impairment ديوفان فالسارتان قرص حاصر مستقبلات الأنجيوتنسين ارتفاع ضغط الدم؛ فشل القلب رمادي غامق بيضاوي دوخة؛ انخفاض ضغط الدم؛ قصور كلوي الحمل؛ قصور كبدي شديد,ديوفان,فالسارتان,حاصر مستقبلات الأنجيوتنسين,قرص,رمادي غامق,بيضاوي,ارتفاع ضغط الدم؛ فشل القلب,Prescription,Dizziness; Hypotension; Renal impairment,دوخة؛ انخفاض ضغط الدم؛ قصور كلوي,Pregnancy; Severe hepatic impairment,الحمل؛ قصور كبدي شديد
Cozaar,Losartan,ARB (Angiotensin II Receptor Blocker),Tablet,Green,Oval,Hypertension; Diabetic nephropathy; Stroke prevention,MSD,50 mg,cozaar generic losartan form tablet class arb (angiotensin ii receptor blocker) indication hypertension; diabetic nephropathy; stroke prevention color green shape oval losartan potassium 50 mg dizziness; hyperkalemia; fatigue; back pain pregnancy; severe hepatic impairment كوزار لوسارتان قرص حاصر مستقبلات الأنجيوتنسين ارتفاع ضغط الدم؛ اعتلال الكلى السكري؛ الوقاية من السكتة الدماغية أخضر بيضاوي دوخة؛ فرط بوتاسيوم الدم؛ إرهاق؛ ألم الظهر الحمل؛ قصور كبدي شديد,cozaar generic losartan form tablet class arb (angiotensin ii receptor blocker) indication hypertension; diabetic nephropathy; stroke prevention color green shape oval losartan potassium 50 mg dizziness; hyperkalemia; fatigue; back pain pregnancy; severe hepatic impairment كوزار لوسارتان قرص حاصر مستقبلات الأنجيوتنسين ارتفاع ضغط الدم؛ اعتلال الكلى السكري؛ الوقاية من السكتة الدماغية أخضر بيضاوي دوخة؛ فرط بوتاسيوم الدم؛ إرهاق؛ ألم الظهر الحمل؛ قصور كبدي شديد,كوزار,لوسارتان,حاصر مستقبلات الأنجيوتنسين,قرص,أخضر,بيضاوي,ارتفاع ضغط الدم؛ اعتلال الكلى السكري؛ الوقاية من السكتة الدماغية,Prescription,Dizziness; Hyperkalemia; Fatigue; Back pain,دوخة؛ فرط بوتاسيوم الدم؛ إرهاق؛ ألم الظهر,Pregnancy; Severe hepatic impairment,الحمل؛ قصور كبدي شديد
Cozaar,Losartan,ARB (Angiotensin II Receptor Blocker),Tablet,Dark Green,Oval,Hypertension; Diabetic nephropathy,MSD,100 mg,cozaar generic losartan form tablet class arb (angiotensin ii receptor blocker) indication hypertension; diabetic nephropathy color dark green shape oval losartan potassium 100 mg dizziness; upper respiratory infection; hyperkalemia pregnancy; bilateral renal artery stenosis كوزار لوسارتان قرص حاصر مستقبلات الأنجيوتنسين ارتفاع ضغط الدم؛ اعتلال الكلى السكري أخضر غامق بيضاوي دوخة؛ عدوى الجهاز التنفسي العلوي؛ فرط بوتاسيوم الدم الحمل؛ تضيق الشريان الكلوي الثنائي,cozaar generic losartan form tablet class arb (angiotensin ii receptor blocker) indication hypertension; diabetic nephropathy color dark green shape oval losartan potassium 100 mg dizziness; upper respiratory infection; hyperkalemia pregnancy; bilateral renal artery stenosis كوزار لوسارتان قرص حاصر مستقبلات الأنجيوتنسين ارتفاع ضغط الدم؛ اعتلال الكلى السكري أخضر غامق بيضاوي دوخة؛ عدوى الجهاز التنفسي العلوي؛ فرط بوتاسيوم الدم الحمل؛ تضيق الشريان الكلوي الثنائي,كوزار,لوسارتان,حاصر مستقبلات الأنجيوتنسين,قرص,أخضر غامق,بيضاوي,ارتفاع ضغط الدم؛ اعتلال الكلى السكري,Prescription,Dizziness; Upper respiratory infection; Hyperkalemia,دوخة؛ عدوى الجهاز التنفسي العلوي؛ فرط بوتاسيوم الدم,Pregnancy; Bilateral renal artery stenosis,الحمل؛ تضيق الشريان الكلوي الثنائي
Micardis,Telmisartan,ARB (Angiotensin II Receptor Blocker),Tablet,White,Oblong,Hypertension; Cardiovascular risk reduction,Boehringer Ingelheim,80 mg,micardis generic telmisartan form tablet class arb (angiotensin ii receptor blocker) indication hypertension; cardiovascular risk reduction color white shape oblong telmisartan 80 mg dizziness; back pain; diarrhea; sinusitis pregnancy; biliary obstruction; severe hepatic impairment ميكارديس تلميسارتان قرص حاصر مستقبلات الأنجيوتنسين ارتفاع ضغط الدم؛ تقليل خطر الأمراض القلبية أبيض مستطيل دوخة؛ ألم الظهر؛ إسهال؛ التهاب الجيوب الأنفية الحمل؛ انسداد القنوات الصفراوية؛ قصور كبدي شديد,micardis generic telmisartan form tablet class arb (angiotensin ii receptor blocker) indication hypertension; cardiovascular risk reduction color white shape oblong telmisartan 80 mg dizziness; back pain; diarrhea; sinusitis pregnancy; biliary obstruction; severe hepatic impairment ميكارديس تلميسارتان قرص حاصر مستقبلات الأنجيوتنسين ارتفاع ضغط الدم؛ تقليل خطر الأمراض القلبية أبيض مستطيل دوخة؛ ألم الظهر؛ إسهال؛ التهاب الجيوب الأنفية الحمل؛ انسداد القنوات الصفراوية؛ قصور كبدي شديد,ميكارديس,تلميسارتان,حاصر مستقبلات الأنجيوتنسين,قرص,أبيض,مستطيل,ارتفاع ضغط الدم؛ تقليل خطر الأمراض القلبية,Prescription,Dizziness; Back pain; Diarrhea; Sinusitis,دوخة؛ ألم الظهر؛ إسهال؛ التهاب الجيوب الأنفية,Pregnancy; Biliary obstruction; Severe hepatic impairment,الحمل؛ انسداد القنوات الصفراوية؛ قصور كبدي شديد
Lasix,Furosemide,Loop Diuretic,Tablet,White,Round,Edema; Heart failure; Hypertension; Renal failure,Sanofi,40 mg,lasix generic furosemide form tablet class loop diuretic indication edema; heart failure; hypertension; renal failure color white shape round furosemide 40 mg hypokalemia; dehydration; hypotension; dizziness anuria; severe hyponatremia; hepatic coma لازكس فوروسيميد قرص مدر عروي الوذمة؛ فشل القلب؛ ارتفاع ضغط الدم؛ فشل كلوي أبيض دائري نقص البوتاسيوم؛ جفاف؛ انخفاض ضغط الدم؛ دوخة انقطاع البول؛ نقص الصوديوم الشديد؛ غيبوبة كبدية,lasix generic furosemide form tablet class loop diuretic indication edema; heart failure; hypertension; renal failure color white shape round furosemide 40 mg hypokalemia; dehydration; hypotension; dizziness anuria; severe hyponatremia; hepatic coma لازكس فوروسيميد قرص مدر عروي الوذمة؛ فشل القلب؛ ارتفاع ضغط الدم؛ فشل كلوي أبيض دائري نقص البوتاسيوم؛ جفاف؛ انخفاض ضغط الدم؛ دوخة انقطاع البول؛ نقص الصوديوم الشديد؛ غيبوبة كبدية,لازكس,فوروسيميد,مدر عروي,قرص,أبيض,دائري,الوذمة؛ فشل القلب؛ ارتفاع ضغط الدم؛ فشل كلوي,Prescription,Hypokalemia; Dehydration; Hypotension; Dizziness,نقص البوتاسيوم؛ جفاف؛ انخفاض ضغط الدم؛ دوخة,Anuria; Severe hyponatremia; Hepatic coma,انقطاع البول؛ نقص الصوديوم الشديد؛ غيبوبة كبدية
Aldactone,Spironolactone,Potassium-Sparing Diuretic,Tablet,White,Round,Heart failure; Hypertension; Edema; Hyperaldosteronism,Pfizer,25 mg,aldactone generic spironolactone form tablet class potassium-sparing diuretic indication heart failure; hypertension; edema; hyperaldosteronism color white shape round spironolactone 25 mg hyperkalemia; gynecomastia; dizziness; gi upset hyperkalemia; addison disease; anuria; pregnancy ألداكتون سبيرونولاكتون قرص مدر للبول حافظ للبوتاسيوم فشل القلب؛ ارتفاع ضغط الدم؛ الوذمة؛ فرط الألدوستيرونية أبيض دائري فرط بوتاسيوم الدم؛ تثدي الرجل؛ دوخة؛ اضطراب الجهاز الهضمي فرط بوتاسيوم الدم؛ مرض أديسون؛ انقطاع البول؛ الحمل,aldactone generic spironolactone form tablet class potassium-sparing diuretic indication heart failure; hypertension; edema; hyperaldosteronism color white shape round spironolactone 25 mg hyperkalemia; gynecomastia; dizziness; gi upset hyperkalemia; addison disease; anuria; pregnancy ألداكتون سبيرونولاكتون قرص مدر للبول حافظ للبوتاسيوم فشل القلب؛ ارتفاع ضغط الدم؛ الوذمة؛ فرط الألدوستيرونية أبيض دائري فرط بوتاسيوم الدم؛ تثدي الرجل؛ دوخة؛ اضطراب الجهاز الهضمي فرط بوتاسيوم الدم؛ مرض أديسون؛ انقطاع البول؛ الحمل,ألداكتون,سبيرونولاكتون,مدر للبول حافظ للبوتاسيوم,قرص,أبيض,دائري,فشل القلب؛ ارتفاع ضغط الدم؛ الوذمة؛ فرط الألدوستيرونية,Prescription,Hyperkalemia; Gynecomastia; Dizziness; GI upset,فرط بوتاسيوم الدم؛ تثدي الرجل؛ دوخة؛ اضطراب الجهاز الهضمي,Hyperkalemia; Addison disease; Anuria; Pregnancy,فرط بوتاسيوم الدم؛ مرض أديسون؛ انقطاع البول؛ الحمل
Hydrochlorothiazide,Hydrochlorothiazide,Thiazide Diuretic,Tablet,White,Round,Hypertension; Edema,Various,25 mg,hydrochlorothiazide generic hydrochlorothiazide form tablet class thiazide diuretic indication hypertension; edema color white shape round hydrochlorothiazide 25 mg hypokalemia; hyperuricemia; dizziness; photosensitivity anuria; sulfonamide allergy; severe renal impairment هيدروكلوروثيازيد هيدروكلوروثيازيد قرص مدر ثيازيدي ارتفاع ضغط الدم؛ الوذمة أبيض دائري نقص البوتاسيوم؛ فرط حمض اليوريك؛ دوخة؛ حساسية للضوء انقطاع البول؛ حساسية السلفوناميد؛ قصور كلوي شديد,hydrochlorothiazide generic hydrochlorothiazide form tablet class thiazide diuretic indication hypertension; edema color white shape round hydrochlorothiazide 25 mg hypokalemia; hyperuricemia; dizziness; photosensitivity anuria; sulfonamide allergy; severe renal impairment هيدروكلوروثيازيد هيدروكلوروثيازيد قرص مدر ثيازيدي ارتفاع ضغط الدم؛ الوذمة أبيض دائري نقص البوتاسيوم؛ فرط حمض اليوريك؛ دوخة؛ حساسية للضوء انقطاع البول؛ حساسية السلفوناميد؛ قصور كلوي شديد,هيدروكلوروثيازيد,هيدروكلوروثيازيد,مدر ثيازيدي,قرص,أبيض,دائري,ارتفاع ضغط الدم؛ الوذمة,Prescription,Hypokalemia; Hyperuricemia; Dizziness; Photosensitivity,نقص البوتاسيوم؛ فرط حمض اليوريك؛ دوخة؛ حساسية للضوء,Anuria; Sulfonamide allergy; Severe renal impairment,انقطاع البول؛ حساسية السلفوناميد؛ قصور كلوي شديد
Lipitor,Atorvastatin,Statin (HMG-CoA Reductase Inhibitor),Tablet,White,Oval,Hyperlipidemia; Cardiovascular risk reduction,Pfizer,20 mg,lipitor generic atorvastatin form tablet class statin (hmg-coa reductase inhibitor) indication hyperlipidemia; cardiovascular risk reduction color white shape oval atorvastatin calcium 20 mg myalgia; elevated liver enzymes; gi upset; headache active liver disease; pregnancy; breastfeeding ليبيتور أتورفاستاتين قرص ستاتين (مثبط إنزيم HMG-CoA) فرط الدهون؛ تقليل خطر الأمراض القلبية أبيض بيضاوي ألم عضلي؛ ارتفاع إنزيمات الكبد؛ اضطراب هضمي؛ صداع مرض كبدي نشط؛ الحمل؛ الرضاعة,lipitor generic atorvastatin form tablet class statin (hmg-coa reductase inhibitor) indication hyperlipidemia; cardiovascular risk reduction color white shape oval atorvastatin calcium 20 mg myalgia; elevated liver enzymes; gi upset; headache active liver disease; pregnancy; breastfeeding ليبيتور أتورفاستاتين قرص ستاتين (مثبط إنزيم HMG-CoA) فرط الدهون؛ تقليل خطر الأمراض القلبية أبيض بيضاوي ألم عضلي؛ ارتفاع إنزيمات الكبد؛ اضطراب هضمي؛ صداع مرض كبدي نشط؛ الحمل؛ الرضاعة,ليبيتور,أتورفاستاتين,ستاتين (مثبط إنزيم HMG-CoA),قرص,أبيض,بيضاوي,فرط الدهون؛ تقليل خطر الأمراض القلبية,Prescription,Myalgia; Elevated liver enzymes; GI upset; Headache,ألم عضلي؛ ارتفاع إنزيمات الكبد؛ اضطراب هضمي؛ صداع,Active liver disease; Pregnancy; Breastfeeding,مرض كبدي نشط؛ الحمل؛ الرضاعة
Lipitor,Atorvastatin,Statin (HMG-CoA Reductase Inhibitor),Tablet,Green,Oval,Hyperlipidemia; Cardiovascular risk reduction,Pfizer,40 mg,lipitor generic atorvastatin form tablet class statin (hmg-coa reductase inhibitor) indication hyperlipidemia; cardiovascular risk reduction color green shape oval atorvastatin calcium 40 mg myalgia; rhabdomyolysis (rare); liver dysfunction active liver disease; pregnancy ليبيتور أتورفاستاتين قرص ستاتين (مثبط إنزيم HMG-CoA) فرط الدهون؛ تقليل خطر الأمراض القلبية أخضر بيضاوي ألم عضلي؛ انحلال الربيدات (نادر)؛ خلل كبدي مرض كبدي نشط؛ الحمل,lipitor generic atorvastatin form tablet class statin (hmg-coa reductase inhibitor) indication hyperlipidemia; cardiovascular risk reduction color green shape oval atorvastatin calcium 40 mg myalgia; rhabdomyolysis (rare); liver dysfunction active liver disease; pregnancy ليبيتور أتورفاستاتين قرص ستاتين (مثبط إنزيم HMG-CoA) فرط الدهون؛ تقليل خطر الأمراض القلبية أخضر بيضاوي ألم عضلي؛ انحلال الربيدات (نادر)؛ خلل كبدي مرض كبدي نشط؛ الحمل,ليبيتور,أتورفاستاتين,ستاتين (مثبط إنزيم HMG-CoA),قرص,أخضر,بيضاوي,فرط الدهون؛ تقليل خطر الأمراض القلبية,Prescription,Myalgia; Rhabdomyolysis (rare); Liver dysfunction,ألم عضلي؛ انحلال الربيدات (نادر)؛ خلل كبدي,Active liver disease; Pregnancy,مرض كبدي نشط؛ الحمل
Crestor,Rosuvastatin,Statin (HMG-CoA Reductase Inhibitor),Tablet,Pink,Round,Hyperlipidemia; Atherosclerosis,AstraZeneca,10 mg,crestor generic rosuvastatin form tablet class statin (hmg-coa reductase inhibitor) indication hyperlipidemia; atherosclerosis color pink shape round rosuvastatin calcium 10 mg myalgia; headache; abdominal pain; nausea active liver disease; pregnancy; severe renal impairment كريستور روسوفاستاتين قرص ستاتين (مثبط إنزيم HMG-CoA) فرط الدهون؛ تصلب الشرايين وردي دائري ألم عضلي؛ صداع؛ ألم البطن؛ غثيان مرض كبدي نشط؛ الحمل؛ قصور كلوي شديد,crestor generic rosuvastatin form tablet class statin (hmg-coa reductase inhibitor) indication hyperlipidemia; atherosclerosis color pink shape round rosuvastatin calcium 10 mg myalgia; headache; abdominal pain; nausea active liver disease; pregnancy; severe renal impairment كريستور روسوفاستاتين قرص ستاتين (مثبط إنزيم HMG-CoA) فرط الدهون؛ تصلب الشرايين وردي دائري ألم عضلي؛ صداع؛ ألم البطن؛ غثيان مرض كبدي نشط؛ الحمل؛ قصور كلوي شديد,كريستور,روسوفاستاتين,ستاتين (مثبط إنزيم HMG-CoA),قرص,وردي,دائري,فرط الدهون؛ تصلب الشرايين,Prescription,Myalgia; Headache; Abdominal pain; Nausea,ألم عضلي؛ صداع؛ ألم البطن؛ غثيان,Active liver disease; Pregnancy; Severe renal impairment,مرض كبدي نشط؛ الحمل؛ قصور كلوي شديد
Crestor,Rosuvastatin,Statin (HMG-CoA Reductase Inhibitor),Tablet,Pink,Round,Hyperlipidemia; Cardiovascular risk reduction,AstraZeneca,20 mg,crestor generic rosuvastatin form tablet class statin (hmg-coa reductase inhibitor) indication hyperlipidemia; cardiovascular risk reduction color pink shape round rosuvastatin calcium 20 mg myalgia; proteinuria; liver enzyme elevation active liver disease; pregnancy كريستور روسوفاستاتين قرص ستاتين (مثبط إنزيم HMG-CoA) فرط الدهون؛ تقليل خطر الأمراض القلبية وردي دائري ألم عضلي؛ بيلة بروتينية؛ ارتفاع إنزيمات الكبد مرض كبدي نشط؛ الحمل,crestor generic rosuvastatin form tablet class statin (hmg-coa reductase inhibitor) indication hyperlipidemia; cardiovascular risk reduction color pink shape round rosuvastatin calcium 20 mg myalgia; proteinuria; liver enzyme elevation active liver disease; pregnancy كريستور روسوفاستاتين قرص ستاتين (مثبط إنزيم HMG-CoA) فرط الدهون؛ تقليل خطر الأمراض القلبية وردي دائري ألم عضلي؛ بيلة بروتينية؛ ارتفاع إنزيمات الكبد مرض كبدي نشط؛ الحمل,كريستور,روسوفاستاتين,ستاتين (مثبط إنزيم HMG-CoA),قرص,وردي,دائري,فرط الدهون؛ تقليل خطر الأمراض القلبية,Prescription,Myalgia; Proteinuria; Liver enzyme elevation,ألم عضلي؛ بيلة بروتينية؛ ارتفاع إنزيمات الكبد,Active liver disease; Pregnancy,مرض كبدي نشط؛ الحمل
Zocor,Simvastatin,Statin (HMG-CoA Reductase Inhibitor),Tablet,Tan,Oval,Hyperlipidemia; Coronary heart disease,MSD,20 mg,zocor generic simvastatin form tablet class statin (hmg-coa reductase inhibitor) indication hyperlipidemia; coronary heart disease color tan shape oval simvastatin 20 mg myalgia; gi disturbance; headache; rash active liver disease; pregnancy; concurrent strong cyp3a4 inhibitors زوكور سيمفاستاتين قرص ستاتين (مثبط إنزيم HMG-CoA) فرط الدهون؛ مرض القلب التاجي بني فاتح بيضاوي ألم عضلي؛ اضطراب هضمي؛ صداع؛ طفح جلدي مرض كبدي نشط؛ الحمل؛ الاستخدام المتزامن لمثبطات CYP3A4 القوية,zocor generic simvastatin form tablet class statin (hmg-coa reductase inhibitor) indication hyperlipidemia; coronary heart disease color tan shape oval simvastatin 20 mg myalgia; gi disturbance; headache; rash active liver disease; pregnancy; concurrent strong cyp3a4 inhibitors زوكور سيمفاستاتين قرص ستاتين (مثبط إنزيم HMG-CoA) فرط الدهون؛ مرض القلب التاجي بني فاتح بيضاوي ألم عضلي؛ اضطراب هضمي؛ صداع؛ طفح جلدي مرض كبدي نشط؛ الحمل؛ الاستخدام المتزامن لمثبطات CYP3A4 القوية,زوكور,سيمفاستاتين,ستاتين (مثبط إنزيم HMG-CoA),قرص,بني فاتح,بيضاوي,فرط الدهون؛ مرض القلب التاجي,Prescription,Myalgia; GI disturbance; Headache; Rash,ألم عضلي؛ اضطراب هضمي؛ صداع؛ طفح جلدي,Active liver disease; Pregnancy; Concurrent strong CYP3A4 inhibitors,مرض كبدي نشط؛ الحمل؛ الاستخدام المتزامن لمثبطات CYP3A4 القوية
Plavix,Clopidogrel,Antiplatelet Agent,Tablet,Pink,Round,Acute coronary syndrome; Stroke prevention; Peripheral artery disease,Sanofi,75 mg,plavix generic clopidogrel form tablet class antiplatelet agent indication acute coronary syndrome; stroke prevention; peripheral artery disease color pink shape round clopidogrel bisulfate 75 mg bleeding; bruising; diarrhea; rash active bleeding; severe hepatic impairment بلافيكس كلوبيدوغريل قرص مضاد للصفيحات متلازمة الشريان التاجي الحادة؛ الوقاية من السكتة الدماغية؛ مرض الشرايين الطرفية وردي دائري نزيف؛ كدمات؛ إسهال؛ طفح جلدي نزيف نشط؛ قصور كبدي شديد,plavix generic clopidogrel form tablet class antiplatelet agent indication acute coronary syndrome; stroke prevention; peripheral artery disease color pink shape round clopidogrel bisulfate 75 mg bleeding; bruising; diarrhea; rash active bleeding; severe hepatic impairment بلافيكس كلوبيدوغريل قرص مضاد للصفيحات متلازمة الشريان التاجي الحادة؛ الوقاية من السكتة الدماغية؛ مرض الشرايين الطرفية وردي دائري نزيف؛ كدمات؛ إسهال؛ طفح جلدي نزيف نشط؛ قصور كبدي شديد,بلافيكس,كلوبيدوغريل,مضاد للصفيحات,قرص,وردي,دائري,متلازمة الشريان التاجي الحادة؛ الوقاية من السكتة الدماغية؛ مرض الشرايين الطرفية,Prescription,Bleeding; Bruising; Diarrhea; Rash,نزيف؛ كدمات؛ إسهال؛ طفح جلدي,Active bleeding; Severe hepatic impairment,نزيف نشط؛ قصور كبدي شديد
Aspirin Protect,Aspirin,Antiplatelet / NSAID,Enteric-coated Tablet,White,Round,Secondary prevention of cardiovascular events; Antiplatelet therapy,Bayer,100 mg,aspirin protect generic aspirin form enteric-coated tablet class antiplatelet / nsaid indication secondary prevention of cardiovascular events; antiplatelet therapy color white shape round acetylsalicylic acid 100 mg gi bleeding; peptic ulcer; bruising; tinnitus active gi bleeding; aspirin allergy; hemophilia; last trimester of pregnancy أسبرين بروتكت أسبرين قرص مغلف معوياً مضاد للصفيحات / مسكن غير ستيرويدي الوقاية الثانوية من أحداث القلب والأوعية؛ العلاج المضاد للصفيحات أبيض دائري نزيف معدي معوي؛ قرحة هضمية؛ كدمات؛ طنين الأذن نزيف معدي نشط؛ حساسية الأسبرين؛ الهيموفيليا؛ الثلث الأخير من الحمل,aspirin protect generic aspirin form enteric-coated tablet class antiplatelet / nsaid indication secondary prevention of cardiovascular events; antiplatelet therapy color white shape round acetylsalicylic acid 100 mg gi bleeding; peptic ulcer; bruising; tinnitus active gi bleeding; aspirin allergy; hemophilia; last trimester of pregnancy أسبرين بروتكت أسبرين قرص مغلف معوياً مضاد للصفيحات / مسكن غير ستيرويدي الوقاية الثانوية من أحداث القلب والأوعية؛ العلاج المضاد للصفيحات أبيض دائري نزيف معدي معوي؛ قرحة هضمية؛ كدمات؛ طنين الأذن نزيف معدي نشط؛ حساسية الأسبرين؛ الهيموفيليا؛ الثلث الأخير من الحمل,أسبرين بروتكت,أسبرين,مضاد للصفيحات / مسكن غير ستيرويدي,قرص مغلف معوياً,أبيض,دائري,الوقاية الثانوية من أحداث القلب والأوعية؛ العلاج المضاد للصفيحات,OTC,GI bleeding; Peptic ulcer; Bruising; Tinnitus,نزيف معدي معوي؛ قرحة هضمية؛ كدمات؛ طنين الأذن,Active GI bleeding; Aspirin allergy; Hemophilia; Last trimester of pregnancy,نزيف معدي نشط؛ حساسية الأسبرين؛ الهيموفيليا؛ الثلث الأخير من الحمل
Coumadin,Warfarin,Anticoagulant (Vitamin K Antagonist),Tablet,Peach,Round,Deep vein thrombosis; Pulmonary embolism; Atrial fibrillation; Prosthetic heart valves,Bristol-Myers Squibb,5 mg,coumadin generic warfarin form tablet class anticoagulant (vitamin k antagonist) indication deep vein thrombosis; pulmonary embolism; atrial fibrillation; prosthetic heart valves color peach shape round warfarin sodium 5 mg bleeding; bruising; hematuria; skin necrosis (rare) pregnancy; active bleeding; severe hepatic disease; uncontrolled hypertension كومادين وارفارين قرص مضاد تخثر (مضاد فيتامين ك) تخثر الأوردة العميقة؛ الانصمام الرئوي؛ الرجفان الأذيني؛ صمامات القلب الاصطناعية خوخي دائري نزيف؛ كدمات؛ بيلة دموية؛ نخر الجلد (نادر) الحمل؛ نزيف نشط؛ مرض كبدي شديد؛ ارتفاع ضغط الدم غير المسيطر عليه,coumadin generic warfarin form tablet class anticoagulant (vitamin k antagonist) indication deep vein thrombosis; pulmonary embolism; atrial fibrillation; prosthetic heart valves color peach shape round warfarin sodium 5 mg bleeding; bruising; hematuria; skin necrosis (rare) pregnancy; active bleeding; severe hepatic disease; uncontrolled hypertension كومادين وارفارين قرص مضاد تخثر (مضاد فيتامين ك) تخثر الأوردة العميقة؛ الانصمام الرئوي؛ الرجفان الأذيني؛ صمامات القلب الاصطناعية خوخي دائري نزيف؛ كدمات؛ بيلة دموية؛ نخر الجلد (نادر) الحمل؛ نزيف نشط؛ مرض كبدي شديد؛ ارتفاع ضغط الدم غير المسيطر عليه,كومادين,وارفارين,مضاد تخثر (مضاد فيتامين ك),قرص,خوخي,دائري,تخثر الأوردة العميقة؛ الانصمام الرئوي؛ الرجفان الأذيني؛ صمامات القلب الاصطناعية,Prescription,Bleeding; Bruising; Hematuria; Skin necrosis (rare),نزيف؛ كدمات؛ بيلة دموية؛ نخر الجلد (نادر),Pregnancy; Active bleeding; Severe hepatic disease; Uncontrolled hypertension,الحمل؛ نزيف نشط؛ مرض كبدي شديد؛ ارتفاع ضغط الدم غير المسيطر عليه
Isordil,Isosorbide Dinitrate,Nitrate,Tablet,White,Round,Angina pectoris; Heart failure,Various,10 mg,isordil generic isosorbide dinitrate form tablet class nitrate indication angina pectoris; heart failure color white shape round isosorbide dinitrate 10 mg headache; dizziness; hypotension; flushing concurrent pde-5 inhibitors; severe anemia; increased intracranial pressure إيزورديل إيزوسوربيد ثنائي النترات قرص نترات الذبحة الصدرية؛ فشل القلب أبيض دائري صداع؛ دوخة؛ انخفاض ضغط الدم؛ احمرار الوجه الاستخدام المتزامن لمثبطات PDE-5؛ فقر الدم الشديد؛ ارتفاع الضغط داخل الجمجمة,isordil generic isosorbide dinitrate form tablet class nitrate indication angina pectoris; heart failure color white shape round isosorbide dinitrate 10 mg headache; dizziness; hypotension; flushing concurrent pde-5 inhibitors; severe anemia; increased intracranial pressure إيزورديل إيزوسوربيد ثنائي النترات قرص نترات الذبحة الصدرية؛ فشل القلب أبيض دائري صداع؛ دوخة؛ انخفاض ضغط الدم؛ احمرار الوجه الاستخدام المتزامن لمثبطات PDE-5؛ فقر الدم الشديد؛ ارتفاع الضغط داخل الجمجمة,إيزورديل,إيزوسوربيد ثنائي النترات,نترات,قرص,أبيض,دائري,الذبحة الصدرية؛ فشل القلب,Prescription,Headache; Dizziness; Hypotension; Flushing,صداع؛ دوخة؛ انخفاض ضغط الدم؛ احمرار الوجه,Concurrent PDE-5 inhibitors; Severe anemia; Increased intracranial pressure,الاستخدام المتزامن لمثبطات PDE-5؛ فقر الدم الشديد؛ ارتفاع الضغط داخل الجمجمة
Digoxin,Digoxin,Cardiac Glycoside,Tablet,White,Round,Heart failure; Atrial fibrillation,Aspen,0.25 mg,digoxin generic digoxin form tablet class cardiac glycoside indication heart failure; atrial fibrillation color white shape round digoxin 0.25 mg nausea; arrhythmias; visual disturbances; fatigue hypokalemia; ventricular fibrillation; hypertrophic cardiomyopathy ديجوكسين ديجوكسين قرص غليكوسيد قلبي فشل القلب؛ الرجفان الأذيني أبيض دائري غثيان؛ اضطرابات نظم القلب؛ اضطرابات بصرية؛ إرهاق نقص البوتاسيوم؛ الرجفان البطيني؛ اعتلال عضلة القلب الضخامي,digoxin generic digoxin form tablet class cardiac glycoside indication heart failure; atrial fibrillation color white shape round digoxin 0.25 mg nausea; arrhythmias; visual disturbances; fatigue hypokalemia; ventricular fibrillation; hypertrophic cardiomyopathy ديجوكسين ديجوكسين قرص غليكوسيد قلبي فشل القلب؛ الرجفان الأذيني أبيض دائري غثيان؛ اضطرابات نظم القلب؛ اضطرابات بصرية؛ إرهاق نقص البوتاسيوم؛ الرجفان البطيني؛ اعتلال عضلة القلب الضخامي,ديجوكسين,ديجوكسين,غليكوسيد قلبي,قرص,أبيض,دائري,فشل القلب؛ الرجفان الأذيني,Prescription,Nausea; Arrhythmias; Visual disturbances; Fatigue,غثيان؛ اضطرابات نظم القلب؛ اضطرابات بصرية؛ إرهاق,Hypokalemia; Ventricular fibrillation; Hypertrophic cardiomyopathy,نقص البوتاسيوم؛ الرجفان البطيني؛ اعتلال عضلة القلب الضخامي
Adalat,Nifedipine,Calcium Channel Blocker,Extended-release Tablet,Pink,Round,Hypertension; Angina pectoris,Bayer,30 mg,adalat generic nifedipine form extended-release tablet class calcium channel blocker indication hypertension; angina pectoris color pink shape round nifedipine 30 mg peripheral edema; headache; flushing; dizziness cardiogenic shock; advanced aortic stenosis; acute mi أدالات نيفيديبين قرص ممتد المفعول حاصر قنوات الكالسيوم ارتفاع ضغط الدم؛ الذبحة الصدرية وردي دائري وذمة طرفية؛ صداع؛ احمرار الوجه؛ دوخة صدمة قلبية؛ تضيق أبهري متقدم؛ جلطة قلبية حادة,adalat generic nifedipine form extended-release tablet class calcium channel blocker indication hypertension; angina pectoris color pink shape round nifedipine 30 mg peripheral edema; headache; flushing; dizziness cardiogenic shock; advanced aortic stenosis; acute mi أدالات نيفيديبين قرص ممتد المفعول حاصر قنوات الكالسيوم ارتفاع ضغط الدم؛ الذبحة الصدرية وردي دائري وذمة طرفية؛ صداع؛ احمرار الوجه؛ دوخة صدمة قلبية؛ تضيق أبهري متقدم؛ جلطة قلبية حادة,أدالات,نيفيديبين,حاصر قنوات الكالسيوم,قرص ممتد المفعول,وردي,دائري,ارتفاع ضغط الدم؛ الذبحة الصدرية,Prescription,Peripheral edema; Headache; Flushing; Dizziness,وذمة طرفية؛ صداع؛ احمرار الوجه؛ دوخة,Cardiogenic shock; Advanced aortic stenosis; Acute MI,صدمة قلبية؛ تضيق أبهري متقدم؛ جلطة قلبية حادة
Tritace,Ramipril,ACE Inhibitor,Capsule,Yellow,Capsule,Hypertension; Heart failure; Post-MI; Diabetic nephropathy,Sanofi,5 mg,tritace generic ramipril form capsule class ace inhibitor indication hypertension; heart failure; post-mi; diabetic nephropathy color yellow shape capsule ramipril 5 mg cough; dizziness; hyperkalemia; hypotension angioedema history; pregnancy; bilateral renal artery stenosis ترايتيس راميبريل كبسولة مثبط الإنزيم المحول للأنجيوتنسين ارتفاع ضغط الدم؛ فشل القلب؛ ما بعد الجلطة القلبية؛ اعتلال الكلى السكري أصفر كبسولة سعال؛ دوخة؛ فرط بوتاسيوم الدم؛ انخفاض ضغط الدم تاريخ وذمة وعائية؛ الحمل؛ تضيق الشريان الكلوي الثنائي,tritace generic ramipril form capsule class ace inhibitor indication hypertension; heart failure; post-mi; diabetic nephropathy color yellow shape capsule ramipril 5 mg cough; dizziness; hyperkalemia; hypotension angioedema history; pregnancy; bilateral renal artery stenosis ترايتيس راميبريل كبسولة مثبط الإنزيم المحول للأنجيوتنسين ارتفاع ضغط الدم؛ فشل القلب؛ ما بعد الجلطة القلبية؛ اعتلال الكلى السكري أصفر كبسولة سعال؛ دوخة؛ فرط بوتاسيوم الدم؛ انخفاض ضغط الدم تاريخ وذمة وعائية؛ الحمل؛ تضيق الشريان الكلوي الثنائي,ترايتيس,راميبريل,مثبط الإنزيم المحول للأنجيوتنسين,كبسولة,أصفر,كبسولة,ارتفاع ضغط الدم؛ فشل القلب؛ ما بعد الجلطة القلبية؛ اعتلال الكلى السكري,Prescription,Cough; Dizziness; Hyperkalemia; Hypotension,سعال؛ دوخة؛ فرط بوتاسيوم الدم؛ انخفاض ضغط الدم,Angioedema history; Pregnancy; Bilateral renal artery stenosis,تاريخ وذمة وعائية؛ الحمل؛ تضيق الشريان الكلوي الثنائي
Capoten,Captopril,ACE Inhibitor,Tablet,White,Round biconvex,Hypertension; Heart failure; Diabetic nephropathy,Bristol-Myers Squibb,25 mg,capoten generic captopril form tablet class ace inhibitor indication hypertension; heart failure; diabetic nephropathy color white shape round biconvex captopril 25 mg cough; rash; taste disturbance; hypotension angioedema history; pregnancy كابوتن كابتوبريل قرص مثبط الإنزيم المحول للأنجيوتنسين ارتفاع ضغط الدم؛ فشل القلب؛ اعتلال الكلى السكري أبيض دائري محدب سعال؛ طفح جلدي؛ اضطراب التذوق؛ انخفاض ضغط الدم تاريخ وذمة وعائية؛ الحمل,capoten generic captopril form tablet class ace inhibitor indication hypertension; heart failure; diabetic nephropathy color white shape round biconvex captopril 25 mg cough; rash; taste disturbance; hypotension angioedema history; pregnancy كابوتن كابتوبريل قرص مثبط الإنزيم المحول للأنجيوتنسين ارتفاع ضغط الدم؛ فشل القلب؛ اعتلال الكلى السكري أبيض دائري محدب سعال؛ طفح جلدي؛ اضطراب التذوق؛ انخفاض ضغط الدم تاريخ وذمة وعائية؛ الحمل,كابوتن,كابتوبريل,مثبط الإنزيم المحول للأنجيوتنسين,قرص,أبيض,دائري محدب,ارتفاع ضغط الدم؛ فشل القلب؛ اعتلال الكلى السكري,Prescription,Cough; Rash; Taste disturbance; Hypotension,سعال؛ طفح جلدي؛ اضطراب التذوق؛ انخفاض ضغط الدم,Angioedema history; Pregnancy,تاريخ وذمة وعائية؛ الحمل
Inderal,Propranolol,Beta Blocker (Non-selective),Tablet,Green,Round,Hypertension; Angina; Arrhythmias; Migraine prevention; Tremor,AstraZeneca,40 mg,inderal generic propranolol form tablet class beta blocker (non-selective) indication hypertension; angina; arrhythmias; migraine prevention; tremor color green shape round propranolol hcl 40 mg bradycardia; fatigue; cold extremities; bronchospasm; insomnia asthma; severe bradycardia; cardiogenic shock; uncontrolled heart failure إنديرال بروبرانولول قرص حاصر بيتا (غير انتقائي) ارتفاع ضغط الدم؛ الذبحة الصدرية؛ اضطرابات النظم؛ الوقاية من الصداع النصفي؛ الرعاش أخضر دائري بطء القلب؛ إرهاق؛ برودة الأطراف؛ تشنج قصبي؛ أرق الربو؛ بطء القلب الشديد؛ صدمة قلبية؛ فشل قلبي غير مسيطر عليه,inderal generic propranolol form tablet class beta blocker (non-selective) indication hypertension; angina; arrhythmias; migraine prevention; tremor color green shape round propranolol hcl 40 mg bradycardia; fatigue; cold extremities; bronchospasm; insomnia asthma; severe bradycardia; cardiogenic shock; uncontrolled heart failure إنديرال بروبرانولول قرص حاصر بيتا (غير انتقائي) ارتفاع ضغط الدم؛ الذبحة الصدرية؛ اضطرابات النظم؛ الوقاية من الصداع النصفي؛ الرعاش أخضر دائري بطء القلب؛ إرهاق؛ برودة الأطراف؛ تشنج قصبي؛ أرق الربو؛ بطء القلب الشديد؛ صدمة قلبية؛ فشل قلبي غير مسيطر عليه,إنديرال,بروبرانولول,حاصر بيتا (غير انتقائي),قرص,أخضر,دائري,ارتفاع ضغط الدم؛ الذبحة الصدرية؛ اضطرابات النظم؛ الوقاية من الصداع النصفي؛ الرعاش,Prescription,Bradycardia; Fatigue; Cold extremities; Bronchospasm; Insomnia,بطء القلب؛ إرهاق؛ برودة الأطراف؛ تشنج قصبي؛ أرق,Asthma; Severe bradycardia; Cardiogenic shock; Uncontrolled heart failure,الربو؛ بطء القلب الشديد؛ صدمة قلبية؛ فشل قلبي غير مسيطر عليه
Tenormin,Atenolol,Beta Blocker (Cardioselective),Tablet,White,Round,Hypertension; Angina; Arrhythmias,AstraZeneca,50 mg,tenormin generic atenolol form tablet class beta blocker (cardioselective) indication hypertension; angina; arrhythmias color white shape round atenolol 50 mg bradycardia; fatigue; dizziness; cold extremities severe bradycardia; av block; cardiogenic shock; asthma تينورمين أتينولول قرص حاصر بيتا (انتقائي للقلب) ارتفاع ضغط الدم؛ الذبحة الصدرية؛ اضطرابات النظم أبيض دائري بطء القلب؛ إرهاق؛ دوخة؛ برودة الأطراف بطء القلب الشديد؛ إحصار أذيني بطيني؛ صدمة قلبية؛ الربو,tenormin generic atenolol form tablet class beta blocker (cardioselective) indication hypertension; angina; arrhythmias color white shape round atenolol 50 mg bradycardia; fatigue; dizziness; cold extremities severe bradycardia; av block; cardiogenic shock; asthma تينورمين أتينولول قرص حاصر بيتا (انتقائي للقلب) ارتفاع ضغط الدم؛ الذبحة الصدرية؛ اضطرابات النظم أبيض دائري بطء القلب؛ إرهاق؛ دوخة؛ برودة الأطراف بطء القلب الشديد؛ إحصار أذيني بطيني؛ صدمة قلبية؛ الربو,تينورمين,أتينولول,حاصر بيتا (انتقائي للقلب),قرص,أبيض,دائري,ارتفاع ضغط الدم؛ الذبحة الصدرية؛ اضطرابات النظم,Prescription,Bradycardia; Fatigue; Dizziness; Cold extremities,بطء القلب؛ إرهاق؛ دوخة؛ برودة الأطراف,Severe bradycardia; AV block; Cardiogenic shock; Asthma,بطء القلب الشديد؛ إحصار أذيني بطيني؛ صدمة قلبية؛ الربو
Carvedilol,Carvedilol,Alpha/Beta Blocker,Tablet,White,Oval,Heart failure; Hypertension,Various,6.25 mg,carvedilol generic carvedilol form tablet class alpha/beta blocker indication heart failure; hypertension color white shape oval carvedilol 6.25 mg dizziness; fatigue; hypotension; weight gain; bradycardia asthma; severe bradycardia; decompensated heart failure; severe hepatic impairment كارفيديلول كارفيديلول قرص حاصر ألفا/بيتا فشل القلب؛ ارتفاع ضغط الدم أبيض بيضاوي دوخة؛ إرهاق؛ انخفاض ضغط الدم؛ زيادة الوزن؛ بطء القلب الربو؛ بطء القلب الشديد؛ فشل قلبي لا معاوض؛ قصور كبدي شديد,carvedilol generic carvedilol form tablet class alpha/beta blocker indication heart failure; hypertension color white shape oval carvedilol 6.25 mg dizziness; fatigue; hypotension; weight gain; bradycardia asthma; severe bradycardia; decompensated heart failure; severe hepatic impairment كارفيديلول كارفيديلول قرص حاصر ألفا/بيتا فشل القلب؛ ارتفاع ضغط الدم أبيض بيضاوي دوخة؛ إرهاق؛ انخفاض ضغط الدم؛ زيادة الوزن؛ بطء القلب الربو؛ بطء القلب الشديد؛ فشل قلبي لا معاوض؛ قصور كبدي شديد,كارفيديلول,كارفيديلول,حاصر ألفا/بيتا,قرص,أبيض,بيضاوي,فشل القلب؛ ارتفاع ضغط الدم,Prescription,Dizziness; Fatigue; Hypotension; Weight gain; Bradycardia,دوخة؛ إرهاق؛ انخفاض ضغط الدم؛ زيادة الوزن؛ بطء القلب,Asthma; Severe bradycardia; Decompensated heart failure; Severe hepatic impairment,الربو؛ بطء القلب الشديد؛ فشل قلبي لا معاوض؛ قصور كبدي شديد
Nitroglycerin Sublingual,Nitroglycerin,Nitrate,Sublingual Tablet,White,Round,Acute angina attack,Various,0.5 mg,nitroglycerin sublingual generic nitroglycerin form sublingual tablet class nitrate indication acute angina attack color white shape round nitroglycerin 0.5 mg headache; hypotension; dizziness; flushing concurrent pde-5 inhibitors; severe anemia; increased intracranial pressure; constrictive pericarditis نيتروغليسرين تحت اللسان نيتروغليسرين قرص تحت اللسان نترات نوبة الذبحة الصدرية الحادة أبيض دائري صداع؛ انخفاض ضغط الدم؛ دوخة؛ احمرار الوجه الاستخدام المتزامن لمثبطات PDE-5؛ فقر الدم الشديد؛ ارتفاع الضغط داخل الجمجمة؛ التهاب التأمور التضيقي,nitroglycerin sublingual generic nitroglycerin form sublingual tablet class nitrate indication acute angina attack color white shape round nitroglycerin 0.5 mg headache; hypotension; dizziness; flushing concurrent pde-5 inhibitors; severe anemia; increased intracranial pressure; constrictive pericarditis نيتروغليسرين تحت اللسان نيتروغليسرين قرص تحت اللسان نترات نوبة الذبحة الصدرية الحادة أبيض دائري صداع؛ انخفاض ضغط الدم؛ دوخة؛ احمرار الوجه الاستخدام المتزامن لمثبطات PDE-5؛ فقر الدم الشديد؛ ارتفاع الضغط داخل الجمجمة؛ التهاب التأمور التضيقي,نيتروغليسرين تحت اللسان,نيتروغليسرين,نترات,قرص تحت اللسان,أبيض,دائري,نوبة الذبحة الصدرية الحادة,Prescription,Headache; Hypotension; Dizziness; Flushing,صداع؛ انخفاض ضغط الدم؛ دوخة؛ احمرار الوجه,Concurrent PDE-5 inhibitors; Severe anemia; Increased intracranial pressure; Constrictive pericarditis,الاستخدام المتزامن لمثبطات PDE-5؛ فقر الدم الشديد؛ ارتفاع الضغط داخل الجمجمة؛ التهاب التأمور التضيقي
Co-Diovan,Valsartan/Hydrochlorothiazide,ARB + Thiazide Diuretic,Tablet,Dark Red,Oval,Hypertension (combination therapy),Novartis,160/12.5 mg,co-diovan generic valsartan/hydrochlorothiazide form tablet class arb + thiazide diuretic indication hypertension (combination therapy) color dark red shape oval valsartan 160 mg / hctz 12.5 mg dizziness; hypokalemia; hyperuricemia; fatigue pregnancy; anuria; severe hepatic/renal impairment; sulfonamide allergy كو ديوفان فالسارتان/هيدروكلوروثيازيد قرص حاصر مستقبلات أنجيوتنسين + مدر ثيازيدي ارتفاع ضغط الدم (علاج مشترك) أحمر غامق بيضاوي دوخة؛ نقص البوتاسيوم؛ فرط حمض اليوريك؛ إرهاق الحمل؛ انقطاع البول؛ قصور كبدي/كلوي شديد؛ حساسية السلفوناميد,co-diovan generic valsartan/hydrochlorothiazide form tablet class arb + thiazide diuretic indication hypertension (combination therapy) color dark red shape oval valsartan 160 mg / hctz 12.5 mg dizziness; hypokalemia; hyperuricemia; fatigue pregnancy; anuria; severe hepatic/renal impairment; sulfonamide allergy كو ديوفان فالسارتان/هيدروكلوروثيازيد قرص حاصر مستقبلات أنجيوتنسين + مدر ثيازيدي ارتفاع ضغط الدم (علاج مشترك) أحمر غامق بيضاوي دوخة؛ نقص البوتاسيوم؛ فرط حمض اليوريك؛ إرهاق الحمل؛ انقطاع البول؛ قصور كبدي/كلوي شديد؛ حساسية السلفوناميد,كو ديوفان,فالسارتان/هيدروكلوروثيازيد,حاصر مستقبلات أنجيوتنسين + مدر ثيازيدي,قرص,أحمر غامق,بيضاوي,ارتفاع ضغط الدم (علاج مشترك),Prescription,Dizziness; Hypokalemia; Hyperuricemia; Fatigue,دوخة؛ نقص البوتاسيوم؛ فرط حمض اليوريك؛ إرهاق,Pregnancy; Anuria; Severe hepatic/renal impairment; Sulfonamide allergy,الحمل؛ انقطاع البول؛ قصور كبدي/كلوي شديد؛ حساسية السلفوناميد
Exforge,Amlodipine/Valsartan,CCB + ARB,Tablet,Yellow,Oval,Hypertension (combination therapy),Novartis,5/160 mg,exforge generic amlodipine/valsartan form tablet class ccb + arb indication hypertension (combination therapy) color yellow shape oval amlodipine 5 mg / valsartan 160 mg peripheral edema; dizziness; headache; nasopharyngitis pregnancy; severe aortic stenosis; severe hepatic impairment إكسفورج أملوديبين/فالسارتان قرص حاصر قنوات الكالسيوم + حاصر مستقبلات أنجيوتنسين ارتفاع ضغط الدم (علاج مشترك) أصفر بيضاوي وذمة طرفية؛ دوخة؛ صداع؛ التهاب البلعوم الأنفي الحمل؛ تضيق الأبهر الشديد؛ قصور كبدي شديد,exforge generic amlodipine/valsartan form tablet class ccb + arb indication hypertension (combination therapy) color yellow shape oval amlodipine 5 mg / valsartan 160 mg peripheral edema; dizziness; headache; nasopharyngitis pregnancy; severe aortic stenosis; severe hepatic impairment إكسفورج أملوديبين/فالسارتان قرص حاصر قنوات الكالسيوم + حاصر مستقبلات أنجيوتنسين ارتفاع ضغط الدم (علاج مشترك) أصفر بيضاوي وذمة طرفية؛ دوخة؛ صداع؛ التهاب البلعوم الأنفي الحمل؛ تضيق الأبهر الشديد؛ قصور كبدي شديد,إكسفورج,أملوديبين/فالسارتان,حاصر قنوات الكالسيوم + حاصر مستقبلات أنجيوتنسين,قرص,أصفر,بيضاوي,ارتفاع ضغط الدم (علاج مشترك),Prescription,Peripheral edema; Dizziness; Headache; Nasopharyngitis,وذمة طرفية؛ دوخة؛ صداع؛ التهاب البلعوم الأنفي,Pregnancy; Severe aortic stenosis; Severe hepatic impairment,الحمل؛ تضيق الأبهر الشديد؛ قصور كبدي شديد
Ezetimibe,Ezetimibe,Cholesterol Absorption Inhibitor,Tablet,White,Capsule-shaped,Hyperlipidemia; Used with statins,MSD,10 mg,ezetimibe generic ezetimibe form tablet class cholesterol absorption inhibitor indication hyperlipidemia; used with statins color white shape capsule-shaped ezetimibe 10 mg diarrhea; fatigue; upper respiratory infection severe hepatic impairment (when combined with statin) إزيتيميب إزيتيميب قرص مثبط امتصاص الكوليسترول فرط الدهون؛ يستخدم مع الستاتينات أبيض على شكل كبسولة إسهال؛ إرهاق؛ عدوى الجهاز التنفسي العلوي قصور كبدي شديد (عند الاستخدام مع الستاتين),ezetimibe generic ezetimibe form tablet class cholesterol absorption inhibitor indication hyperlipidemia; used with statins color white shape capsule-shaped ezetimibe 10 mg diarrhea; fatigue; upper respiratory infection severe hepatic impairment (when combined with statin) إزيتيميب إزيتيميب قرص مثبط امتصاص الكوليسترول فرط الدهون؛ يستخدم مع الستاتينات أبيض على شكل كبسولة إسهال؛ إرهاق؛ عدوى الجهاز التنفسي العلوي قصور كبدي شديد (عند الاستخدام مع الستاتين),إزيتيميب,إزيتيميب,مثبط امتصاص الكوليسترول,قرص,أبيض,على شكل كبسولة,فرط الدهون؛ يستخدم مع الستاتينات,Prescription,Diarrhea; Fatigue; Upper respiratory infection,إسهال؛ إرهاق؛ عدوى الجهاز التنفسي العلوي,Severe hepatic impairment (when combined with statin),قصور كبدي شديد (عند الاستخدام مع الستاتين)
Methyldopa,Methyldopa,Centrally Acting Antihypertensive,Tablet,Yellow,Round,Hypertension (especially in pregnancy),Various,250 mg,methyldopa generic methyldopa form tablet class centrally acting antihypertensive indication hypertension (especially in pregnancy) color yellow shape round methyldopa 250 mg drowsiness; dry mouth; headache; edema; hepatitis (rare) active liver disease; pheochromocytoma; depression ميثيل دوبا ميثيل دوبا قرص خافض ضغط مركزي المفعول ارتفاع ضغط الدم (خصوصاً أثناء الحمل) أصفر دائري نعاس؛ جفاف الفم؛ صداع؛ وذمة؛ التهاب الكبد (نادر) مرض كبدي نشط؛ ورم القواتم؛ اكتئاب,methyldopa generic methyldopa form tablet class centrally acting antihypertensive indication hypertension (especially in pregnancy) color yellow shape round methyldopa 250 mg drowsiness; dry mouth; headache; edema; hepatitis (rare) active liver disease; pheochromocytoma; depression ميثيل دوبا ميثيل دوبا قرص خافض ضغط مركزي المفعول ارتفاع ضغط الدم (خصوصاً أثناء الحمل) أصفر دائري نعاس؛ جفاف الفم؛ صداع؛ وذمة؛ التهاب الكبد (نادر) مرض كبدي نشط؛ ورم القواتم؛ اكتئاب,ميثيل دوبا,ميثيل دوبا,خافض ضغط مركزي المفعول,قرص,أصفر,دائري,ارتفاع ضغط الدم (خصوصاً أثناء الحمل),Prescription,Drowsiness; Dry mouth; Headache; Edema; Hepatitis (rare),نعاس؛ جفاف الفم؛ صداع؛ وذمة؛ التهاب الكبد (نادر),Active liver disease; Pheochromocytoma; Depression,مرض كبدي نشط؛ ورم القواتم؛ اكتئاب
Glucophage,Metformin,Biguanide,Tablet,White,Round,Type 2 diabetes mellitus,Merck,500 mg,glucophage generic metformin form tablet class biguanide indication type 2 diabetes mellitus color white shape round metformin hcl 500 mg nausea; diarrhea; abdominal pain; lactic acidosis (rare) severe renal impairment (egfr <30); metabolic acidosis; diabetic ketoacidosis غلوكوفاج ميتفورمين قرص بيغوانيد السكري من النوع الثاني أبيض دائري غثيان؛ إسهال؛ ألم البطن؛ حماض لاكتيكي (نادر) قصور كلوي شديد؛ حماض استقلابي؛ حماض كيتوني سكري,glucophage generic metformin form tablet class biguanide indication type 2 diabetes mellitus color white shape round metformin hcl 500 mg nausea; diarrhea; abdominal pain; lactic acidosis (rare) severe renal impairment (egfr <30); metabolic acidosis; diabetic ketoacidosis غلوكوفاج ميتفورمين قرص بيغوانيد السكري من النوع الثاني أبيض دائري غثيان؛ إسهال؛ ألم البطن؛ حماض لاكتيكي (نادر) قصور كلوي شديد؛ حماض استقلابي؛ حماض كيتوني سكري,غلوكوفاج,ميتفورمين,بيغوانيد,قرص,أبيض,دائري,السكري من النوع الثاني,Prescription,Nausea; Diarrhea; Abdominal pain; Lactic acidosis (rare),غثيان؛ إسهال؛ ألم البطن؛ حماض لاكتيكي (نادر),Severe renal impairment (eGFR <30); Metabolic acidosis; Diabetic ketoacidosis,قصور كلوي شديد؛ حماض استقلابي؛ حماض كيتوني سكري
Glucophage,Metformin,Biguanide,Tablet,White,Oblong,Type 2 diabetes mellitus,Merck,850 mg,glucophage generic metformin form tablet class biguanide indication type 2 diabetes mellitus color white shape oblong metformin hcl 850 mg nausea; diarrhea; metallic taste; vitamin b12 deficiency severe renal impairment; metabolic acidosis; acute mi غلوكوفاج ميتفورمين قرص بيغوانيد السكري من النوع الثاني أبيض مستطيل غثيان؛ إسهال؛ طعم معدني؛ نقص فيتامين ب12 قصور كلوي شديد؛ حماض استقلابي؛ جلطة قلبية حادة,glucophage generic metformin form tablet class biguanide indication type 2 diabetes mellitus color white shape oblong metformin hcl 850 mg nausea; diarrhea; metallic taste; vitamin b12 deficiency severe renal impairment; metabolic acidosis; acute mi غلوكوفاج ميتفورمين قرص بيغوانيد السكري من النوع الثاني أبيض مستطيل غثيان؛ إسهال؛ طعم معدني؛ نقص فيتامين ب12 قصور كلوي شديد؛ حماض استقلابي؛ جلطة قلبية حادة,غلوكوفاج,ميتفورمين,بيغوانيد,قرص,أبيض,مستطيل,السكري من النوع الثاني,Prescription,Nausea; Diarrhea; Metallic taste; Vitamin B12 deficiency,غثيان؛ إسهال؛ طعم معدني؛ نقص فيتامين ب12,Severe renal impairment; Metabolic acidosis; Acute MI,قصور كلوي شديد؛ حماض استقلابي؛ جلطة قلبية حادة
Glucophage XR,Metformin,Biguanide,Extended-release Tablet,White,Oval,Type 2 diabetes mellitus,Merck,1000 mg,glucophage xr generic metformin form extended-release tablet class biguanide indication type 2 diabetes mellitus color white shape oval metformin hcl 1000 mg nausea; diarrhea; flatulence; abdominal discomfort severe renal impairment; metabolic acidosis غلوكوفاج إكس آر ميتفورمين قرص ممتد المفعول بيغوانيد السكري من النوع الثاني أبيض بيضاوي غثيان؛ إسهال؛ انتفاخ؛ انزعاج بطني قصور كلوي شديد؛ حماض استقلابي,glucophage xr generic metformin form extended-release tablet class biguanide indication type 2 diabetes mellitus color white shape oval metformin hcl 1000 mg nausea; diarrhea; flatulence; abdominal discomfort severe renal impairment; metabolic acidosis غلوكوفاج إكس آر ميتفورمين قرص ممتد المفعول بيغوانيد السكري من النوع الثاني أبيض بيضاوي غثيان؛ إسهال؛ انتفاخ؛ انزعاج بطني قصور كلوي شديد؛ حماض استقلابي,غلوكوفاج إكس آر,ميتفورمين,بيغوانيد,قرص ممتد المفعول,أبيض,بيضاوي,السكري من النوع الثاني,Prescription,Nausea; Diarrhea; Flatulence; Abdominal discomfort,غثيان؛ إسهال؛ انتفاخ؛ انزعاج بطني,Severe renal impairment; Metabolic acidosis,قصور كلوي شديد؛ حماض استقلابي
Amaryl,Glimepiride,Sulfonylurea,Tablet,Green,Oblong,Type 2 diabetes mellitus,Sanofi,2 mg,amaryl generic glimepiride form tablet class sulfonylurea indication type 2 diabetes mellitus color green shape oblong glimepiride 2 mg hypoglycemia; weight gain; dizziness; nausea type 1 diabetes; diabetic ketoacidosis; severe hepatic/renal impairment أماريل غليميبيريد قرص سلفونيل يوريا السكري من النوع الثاني أخضر مستطيل هبوط السكر؛ زيادة الوزن؛ دوخة؛ غثيان السكري من النوع الأول؛ حماض كيتوني سكري؛ قصور كبدي/كلوي شديد,amaryl generic glimepiride form tablet class sulfonylurea indication type 2 diabetes mellitus color green shape oblong glimepiride 2 mg hypoglycemia; weight gain; dizziness; nausea type 1 diabetes; diabetic ketoacidosis; severe hepatic/renal impairment أماريل غليميبيريد قرص سلفونيل يوريا السكري من النوع الثاني أخضر مستطيل هبوط السكر؛ زيادة الوزن؛ دوخة؛ غثيان السكري من النوع الأول؛ حماض كيتوني سكري؛ قصور كبدي/كلوي شديد,أماريل,غليميبيريد,سلفونيل يوريا,قرص,أخضر,مستطيل,السكري من النوع الثاني,Prescription,Hypoglycemia; Weight gain; Dizziness; Nausea,هبوط السكر؛ زيادة الوزن؛ دوخة؛ غثيان,Type 1 diabetes; Diabetic ketoacidosis; Severe hepatic/renal impairment,السكري من النوع الأول؛ حماض كيتوني سكري؛ قصور كبدي/كلوي شديد
Amaryl,Glimepiride,Sulfonylurea,Tablet,Blue,Oblong,Type 2 diabetes mellitus,Sanofi,4 mg,amaryl generic glimepiride form tablet class sulfonylurea indication type 2 diabetes mellitus color blue shape oblong glimepiride 4 mg hypoglycemia; weight gain; gi disturbances type 1 diabetes; diabetic ketoacidosis أماريل غليميبيريد قرص سلفونيل يوريا السكري من النوع الثاني أزرق مستطيل هبوط السكر؛ زيادة الوزن؛ اضطرابات هضمية السكري من النوع الأول؛ حماض كيتوني سكري,amaryl generic glimepiride form tablet class sulfonylurea indication type 2 diabetes mellitus color blue shape oblong glimepiride 4 mg hypoglycemia; weight gain; gi disturbances type 1 diabetes; diabetic ketoacidosis أماريل غليميبيريد قرص سلفونيل يوريا السكري من النوع الثاني أزرق مستطيل هبوط السكر؛ زيادة الوزن؛ اضطرابات هضمية السكري من النوع الأول؛ حماض كيتوني سكري,أماريل,غليميبيريد,سلفونيل يوريا,قرص,أزرق,مستطيل,السكري من النوع الثاني,Prescription,Hypoglycemia; Weight gain; GI disturbances,هبوط السكر؛ زيادة الوزن؛ اضطرابات هضمية,Type 1 diabetes; Diabetic ketoacidosis,السكري من النوع الأول؛ حماض كيتوني سكري
Daonil,Glibenclamide,Sulfonylurea,Tablet,White,Round,Type 2 diabetes mellitus,Sanofi,5 mg,daonil generic glibenclamide form tablet class sulfonylurea indication type 2 diabetes mellitus color white shape round glibenclamide 5 mg hypoglycemia; weight gain; nausea; skin rash type 1 diabetes; diabetic ketoacidosis; severe renal impairment; pregnancy داونيل غليبنكلاميد قرص سلفونيل يوريا السكري من النوع الثاني أبيض دائري هبوط السكر؛ زيادة الوزن؛ غثيان؛ طفح جلدي السكري من النوع الأول؛ حماض كيتوني سكري؛ قصور كلوي شديد؛ الحمل,daonil generic glibenclamide form tablet class sulfonylurea indication type 2 diabetes mellitus color white shape round glibenclamide 5 mg hypoglycemia; weight gain; nausea; skin rash type 1 diabetes; diabetic ketoacidosis; severe renal impairment; pregnancy داونيل غليبنكلاميد قرص سلفونيل يوريا السكري من النوع الثاني أبيض دائري هبوط السكر؛ زيادة الوزن؛ غثيان؛ طفح جلدي السكري من النوع الأول؛ حماض كيتوني سكري؛ قصور كلوي شديد؛ الحمل,داونيل,غليبنكلاميد,سلفونيل يوريا,قرص,أبيض,دائري,السكري من النوع الثاني,Prescription,Hypoglycemia; Weight gain; Nausea; Skin rash,هبوط السكر؛ زيادة الوزن؛ غثيان؛ طفح جلدي,Type 1 diabetes; Diabetic ketoacidosis; Severe renal impairment; Pregnancy,السكري من النوع الأول؛ حماض كيتوني سكري؛ قصور كلوي شديد؛ الحمل
Januvia,Sitagliptin,DPP-4 Inhibitor,Tablet,Beige,Round,Type 2 diabetes mellitus,MSD,100 mg,januvia generic sitagliptin form tablet class dpp-4 inhibitor indication type 2 diabetes mellitus color beige shape round sitagliptin phosphate 100 mg headache; upper respiratory infection; nasopharyngitis; pancreatitis (rare) type 1 diabetes; diabetic ketoacidosis; history of pancreatitis جانوفيا سيتاغليبتين قرص مثبط DPP-4 السكري من النوع الثاني بيج دائري صداع؛ عدوى الجهاز التنفسي العلوي؛ التهاب البلعوم الأنفي؛ التهاب البنكرياس (نادر) السكري من النوع الأول؛ حماض كيتوني سكري؛ تاريخ التهاب البنكرياس,januvia generic sitagliptin form tablet class dpp-4 inhibitor indication type 2 diabetes mellitus color beige shape round sitagliptin phosphate 100 mg headache; upper respiratory infection; nasopharyngitis; pancreatitis (rare) type 1 diabetes; diabetic ketoacidosis; history of pancreatitis جانوفيا سيتاغليبتين قرص مثبط DPP-4 السكري من النوع الثاني بيج دائري صداع؛ عدوى الجهاز التنفسي العلوي؛ التهاب البلعوم الأنفي؛ التهاب البنكرياس (نادر) السكري من النوع الأول؛ حماض كيتوني سكري؛ تاريخ التهاب البنكرياس,جانوفيا,سيتاغليبتين,مثبط DPP-4,قرص,بيج,دائري,السكري من النوع الثاني,Prescription,Headache; Upper respiratory infection; Nasopharyngitis; Pancreatitis (rare),صداع؛ عدوى الجهاز التنفسي العلوي؛ التهاب البلعوم الأنفي؛ التهاب البنكرياس (نادر),Type 1 diabetes; Diabetic ketoacidosis; History of pancreatitis,السكري من النوع الأول؛ حماض كيتوني سكري؛ تاريخ التهاب البنكرياس
Galvus,Vildagliptin,DPP-4 Inhibitor,Tablet,White,Round,Type 2 diabetes mellitus,Novartis,50 mg,galvus generic vildagliptin form tablet class dpp-4 inhibitor indication type 2 diabetes mellitus color white shape round vildagliptin 50 mg headache; dizziness; tremor; peripheral edema type 1 diabetes; hepatic impairment; heart failure غالفوس فيلداغليبتين قرص مثبط DPP-4 السكري من النوع الثاني أبيض دائري صداع؛ دوخة؛ رعاش؛ وذمة طرفية السكري من النوع الأول؛ قصور كبدي؛ فشل القلب,galvus generic vildagliptin form tablet class dpp-4 inhibitor indication type 2 diabetes mellitus color white shape round vildagliptin 50 mg headache; dizziness; tremor; peripheral edema type 1 diabetes; hepatic impairment; heart failure غالفوس فيلداغليبتين قرص مثبط DPP-4 السكري من النوع الثاني أبيض دائري صداع؛ دوخة؛ رعاش؛ وذمة طرفية السكري من النوع الأول؛ قصور كبدي؛ فشل القلب,غالفوس,فيلداغليبتين,مثبط DPP-4,قرص,أبيض,دائري,السكري من النوع الثاني,Prescription,Headache; Dizziness; Tremor; Peripheral edema,صداع؛ دوخة؛ رعاش؛ وذمة طرفية,Type 1 diabetes; Hepatic impairment; Heart failure,السكري من النوع الأول؛ قصور كبدي؛ فشل القلب
Jardiance,Empagliflozin,SGLT-2 Inhibitor,Tablet,Light Yellow,Round,Type 2 diabetes; Heart failure risk reduction,Boehringer Ingelheim,10 mg,jardiance generic empagliflozin form tablet class sglt-2 inhibitor indication type 2 diabetes; heart failure risk reduction color light yellow shape round empagliflozin 10 mg urinary tract infection; genital mycotic infection; dehydration; hypotension type 1 diabetes; diabetic ketoacidosis; severe renal impairment (egfr <20) جارديانس إمباغليفلوزين قرص مثبط SGLT-2 السكري من النوع الثاني؛ تقليل خطر فشل القلب أصفر فاتح دائري عدوى المسالك البولية؛ عدوى فطرية تناسلية؛ جفاف؛ انخفاض ضغط الدم السكري من النوع الأول؛ حماض كيتوني سكري؛ قصور كلوي شديد,jardiance generic empagliflozin form tablet class sglt-2 inhibitor indication type 2 diabetes; heart failure risk reduction color light yellow shape round empagliflozin 10 mg urinary tract infection; genital mycotic infection; dehydration; hypotension type 1 diabetes; diabetic ketoacidosis; severe renal impairment (egfr <20) جارديانس إمباغليفلوزين قرص مثبط SGLT-2 السكري من النوع الثاني؛ تقليل خطر فشل القلب أصفر فاتح دائري عدوى المسالك البولية؛ عدوى فطرية تناسلية؛ جفاف؛ انخفاض ضغط الدم السكري من النوع الأول؛ حماض كيتوني سكري؛ قصور كلوي شديد,جارديانس,إمباغليفلوزين,مثبط SGLT-2,قرص,أصفر فاتح,دائري,السكري من النوع الثاني؛ تقليل خطر فشل القلب,Prescription,Urinary tract infection; Genital mycotic infection; Dehydration; Hypotension,عدوى المسالك البولية؛ عدوى فطرية تناسلية؛ جفاف؛ انخفاض ضغط الدم,Type 1 diabetes; Diabetic ketoacidosis; Severe renal impairment (eGFR <20),السكري من النوع الأول؛ حماض كيتوني سكري؛ قصور كلوي شديد
Jardiance,Empagliflozin,SGLT-2 Inhibitor,Tablet,Light Yellow,Oval,Type 2 diabetes; Heart failure risk reduction,Boehringer Ingelheim,25 mg,jardiance generic empagliflozin form tablet class sglt-2 inhibitor indication type 2 diabetes; heart failure risk reduction color light yellow shape oval empagliflozin 25 mg urinary tract infection; genital mycotic infection; polyuria; ketoacidosis (rare) type 1 diabetes; severe renal impairment جارديانس إمباغليفلوزين قرص مثبط SGLT-2 السكري من النوع الثاني؛ تقليل خطر فشل القلب أصفر فاتح بيضاوي عدوى المسالك البولية؛ عدوى فطرية تناسلية؛ كثرة التبول؛ حماض كيتوني (نادر) السكري من النوع الأول؛ قصور كلوي شديد,jardiance generic empagliflozin form tablet class sglt-2 inhibitor indication type 2 diabetes; heart failure risk reduction color light yellow shape oval empagliflozin 25 mg urinary tract infection; genital mycotic infection; polyuria; ketoacidosis (rare) type 1 diabetes; severe renal impairment جارديانس إمباغليفلوزين قرص مثبط SGLT-2 السكري من النوع الثاني؛ تقليل خطر فشل القلب أصفر فاتح بيضاوي عدوى المسالك البولية؛ عدوى فطرية تناسلية؛ كثرة التبول؛ حماض كيتوني (نادر) السكري من النوع الأول؛ قصور كلوي شديد,جارديانس,إمباغليفلوزين,مثبط SGLT-2,قرص,أصفر فاتح,بيضاوي,السكري من النوع الثاني؛ تقليل خطر فشل القلب,Prescription,Urinary tract infection; Genital mycotic infection; Polyuria; Ketoacidosis (rare),عدوى المسالك البولية؛ عدوى فطرية تناسلية؛ كثرة التبول؛ حماض كيتوني (نادر),Type 1 diabetes; Severe renal impairment,السكري من النوع الأول؛ قصور كلوي شديد
Forxiga,Dapagliflozin,SGLT-2 Inhibitor,Tablet,Yellow,Diamond,Type 2 diabetes; Heart failure; Chronic kidney disease,AstraZeneca,10 mg,forxiga generic dapagliflozin form tablet class sglt-2 inhibitor indication type 2 diabetes; heart failure; chronic kidney disease color yellow shape diamond dapagliflozin 10 mg genital mycotic infection; urinary tract infection; hypoglycemia (with insulin) type 1 diabetes; diabetic ketoacidosis فوركسيغا داباغليفلوزين قرص مثبط SGLT-2 السكري من النوع الثاني؛ فشل القلب؛ مرض الكلى المزمن أصفر معيّن عدوى فطرية تناسلية؛ عدوى المسالك البولية؛ هبوط السكر (مع الأنسولين) السكري من النوع الأول؛ حماض كيتوني سكري,forxiga generic dapagliflozin form tablet class sglt-2 inhibitor indication type 2 diabetes; heart failure; chronic kidney disease color yellow shape diamond dapagliflozin 10 mg genital mycotic infection; urinary tract infection; hypoglycemia (with insulin) type 1 diabetes; diabetic ketoacidosis فوركسيغا داباغليفلوزين قرص مثبط SGLT-2 السكري من النوع الثاني؛ فشل القلب؛ مرض الكلى المزمن أصفر معيّن عدوى فطرية تناسلية؛ عدوى المسالك البولية؛ هبوط السكر (مع الأنسولين) السكري من النوع الأول؛ حماض كيتوني سكري,فوركسيغا,داباغليفلوزين,مثبط SGLT-2,قرص,أصفر,معيّن,السكري من النوع الثاني؛ فشل القلب؛ مرض الكلى المزمن,Prescription,Genital mycotic infection; Urinary tract infection; Hypoglycemia (with insulin),عدوى فطرية تناسلية؛ عدوى المسالك البولية؛ هبوط السكر (مع الأنسولين),Type 1 diabetes; Diabetic ketoacidosis,السكري من النوع الأول؛ حماض كيتوني سكري
Victoza,Liraglutide,GLP-1 Receptor Agonist,Injection Pen,Clear liquid,Pen,Type 2 diabetes; Obesity (higher dose),Novo Nordisk,6 mg/mL,victoza generic liraglutide form injection pen class glp-1 receptor agonist indication type 2 diabetes; obesity (higher dose) color clear liquid shape pen liraglutide 6 mg/ml nausea; vomiting; diarrhea; injection site reactions; pancreatitis (rare) personal/family history of medullary thyroid carcinoma; men2 syndrome; type 1 diabetes فيكتوزا ليراغلوتيد قلم حقن ناهض مستقبلات GLP-1 السكري من النوع الثاني؛ السمنة (بجرعة أعلى) سائل شفاف قلم غثيان؛ قيء؛ إسهال؛ تفاعلات موضع الحقن؛ التهاب البنكرياس (نادر) تاريخ شخصي/عائلي لسرطان الغدة الدرقية النخاعي؛ متلازمة MEN2؛ السكري من النوع الأول,victoza generic liraglutide form injection pen class glp-1 receptor agonist indication type 2 diabetes; obesity (higher dose) color clear liquid shape pen liraglutide 6 mg/ml nausea; vomiting; diarrhea; injection site reactions; pancreatitis (rare) personal/family history of medullary thyroid carcinoma; men2 syndrome; type 1 diabetes فيكتوزا ليراغلوتيد قلم حقن ناهض مستقبلات GLP-1 السكري من النوع الثاني؛ السمنة (بجرعة أعلى) سائل شفاف قلم غثيان؛ قيء؛ إسهال؛ تفاعلات موضع الحقن؛ التهاب البنكرياس (نادر) تاريخ شخصي/عائلي لسرطان الغدة الدرقية النخاعي؛ متلازمة MEN2؛ السكري من النوع الأول,فيكتوزا,ليراغلوتيد,ناهض مستقبلات GLP-1,قلم حقن,سائل شفاف,قلم,السكري من النوع الثاني؛ السمنة (بجرعة أعلى),Prescription,Nausea; Vomiting; Diarrhea; Injection site reactions; Pancreatitis (rare),غثيان؛ قيء؛ إسهال؛ تفاعلات موضع الحقن؛ التهاب البنكرياس (نادر),Personal/family history of medullary thyroid carcinoma; MEN2 syndrome; Type 1 diabetes,تاريخ شخصي/عائلي لسرطان الغدة الدرقية النخاعي؛ متلازمة MEN2؛ السكري من النوع الأول
Ozempic,Semaglutide,GLP-1 Receptor Agonist,Injection Pen,Clear liquid,Pen,Type 2 diabetes; Cardiovascular risk reduction,Novo Nordisk,0.25/0.5/1 mg weekly,ozempic generic semaglutide form injection pen class glp-1 receptor agonist indication type 2 diabetes; cardiovascular risk reduction color clear liquid shape pen semaglutide 1.34 mg/ml nausea; vomiting; diarrhea; constipation; abdominal pain personal/family history of medullary thyroid carcinoma; men2; type 1 diabetes أوزمبيك سيماغلوتيد قلم حقن ناهض مستقبلات GLP-1 السكري من النوع الثاني؛ تقليل خطر الأمراض القلبية سائل شفاف قلم غثيان؛ قيء؛ إسهال؛ إمساك؛ ألم البطن تاريخ شخصي/عائلي لسرطان الغدة الدرقية النخاعي؛ MEN2؛ السكري من النوع الأول,ozempic generic semaglutide form injection pen class glp-1 receptor agonist indication type 2 diabetes; cardiovascular risk reduction color clear liquid shape pen semaglutide 1.34 mg/ml nausea; vomiting; diarrhea; constipation; abdominal pain personal/family history of medullary thyroid carcinoma; men2; type 1 diabetes أوزمبيك سيماغلوتيد قلم حقن ناهض مستقبلات GLP-1 السكري من النوع الثاني؛ تقليل خطر الأمراض القلبية سائل شفاف قلم غثيان؛ قيء؛ إسهال؛ إمساك؛ ألم البطن تاريخ شخصي/عائلي لسرطان الغدة الدرقية النخاعي؛ MEN2؛ السكري من النوع الأول,أوزمبيك,سيماغلوتيد,ناهض مستقبلات GLP-1,قلم حقن,سائل شفاف,قلم,السكري من النوع الثاني؛ تقليل خطر الأمراض القلبية,Prescription,Nausea; Vomiting; Diarrhea; Constipation; Abdominal pain,غثيان؛ قيء؛ إسهال؛ إمساك؛ ألم البطن,Personal/family history of medullary thyroid carcinoma; MEN2; Type 1 diabetes,تاريخ شخصي/عائلي لسرطان الغدة الدرقية النخاعي؛ MEN2؛ السكري من النوع الأول
Lantus,Insulin Glargine,Basal Insulin (Long-acting),Injection Pen,Clear liquid,Pen,Type 1 and Type 2 diabetes (basal insulin),Sanofi,100 IU/mL,lantus generic insulin glargine form injection pen class basal insulin (long-acting) indication type 1 and type 2 diabetes (basal insulin) color clear liquid shape pen insulin glargine 100 iu/ml hypoglycemia; weight gain; injection site reactions; lipodystrophy hypoglycemia لانتوس أنسولين غلارجين قلم حقن أنسولين قاعدي (طويل المفعول) السكري من النوع الأول والثاني (أنسولين قاعدي) سائل شفاف قلم هبوط السكر؛ زيادة الوزن؛ تفاعلات موضع الحقن؛ حثل شحمي هبوط السكر,lantus generic insulin glargine form injection pen class basal insulin (long-acting) indication type 1 and type 2 diabetes (basal insulin) color clear liquid shape pen insulin glargine 100 iu/ml hypoglycemia; weight gain; injection site reactions; lipodystrophy hypoglycemia لانتوس أنسولين غلارجين قلم حقن أنسولين قاعدي (طويل المفعول) السكري من النوع الأول والثاني (أنسولين قاعدي) سائل شفاف قلم هبوط السكر؛ زيادة الوزن؛ تفاعلات موضع الحقن؛ حثل شحمي هبوط السكر,لانتوس,أنسولين غلارجين,أنسولين قاعدي (طويل المفعول),قلم حقن,سائل شفاف,قلم,السكري من النوع الأول والثاني (أنسولين قاعدي),Prescription,Hypoglycemia; Weight gain; Injection site reactions; Lipodystrophy,هبوط السكر؛ زيادة الوزن؛ تفاعلات موضع الحقن؛ حثل شحمي,Hypoglycemia,هبوط السكر
NovoRapid,Insulin Aspart,Rapid-acting Insulin,Injection Pen,Clear liquid,Pen,Type 1 and Type 2 diabetes (mealtime insulin),Novo Nordisk,100 IU/mL,novorapid generic insulin aspart form injection pen class rapid-acting insulin indication type 1 and type 2 diabetes (mealtime insulin) color clear liquid shape pen insulin aspart 100 iu/ml hypoglycemia; injection site reactions; weight gain; allergic reactions (rare) hypoglycemia نوفورابيد أنسولين أسبارت قلم حقن أنسولين سريع المفعول السكري من النوع الأول والثاني (أنسولين الوجبات) سائل شفاف قلم هبوط السكر؛ تفاعلات موضع الحقن؛ زيادة الوزن؛ تفاعلات تحسسية (نادرة) هبوط السكر,novorapid generic insulin aspart form injection pen class rapid-acting insulin indication type 1 and type 2 diabetes (mealtime insulin) color clear liquid shape pen insulin aspart 100 iu/ml hypoglycemia; injection site reactions; weight gain; allergic reactions (rare) hypoglycemia نوفورابيد أنسولين أسبارت قلم حقن أنسولين سريع المفعول السكري من النوع الأول والثاني (أنسولين الوجبات) سائل شفاف قلم هبوط السكر؛ تفاعلات موضع الحقن؛ زيادة الوزن؛ تفاعلات تحسسية (نادرة) هبوط السكر,نوفورابيد,أنسولين أسبارت,أنسولين سريع المفعول,قلم حقن,سائل شفاف,قلم,السكري من النوع الأول والثاني (أنسولين الوجبات),Prescription,Hypoglycemia; Injection site reactions; Weight gain; Allergic reactions (rare),هبوط السكر؛ تفاعلات موضع الحقن؛ زيادة الوزن؛ تفاعلات تحسسية (نادرة),Hypoglycemia,هبوط السكر
Humulin 70/30,Human Insulin 70/30,Premixed Insulin,Injection Pen,Cloudy white,Pen,Type 1 and Type 2 diabetes,Eli Lilly,100 IU/mL,humulin 70/30 generic human insulin 70/30 form injection pen class premixed insulin indication type 1 and type 2 diabetes color cloudy white shape pen insulin isophane 70% / regular 30% hypoglycemia; weight gain; injection site reactions hypoglycemia هيومولين 70/30 أنسولين بشري 70/30 قلم حقن أنسولين مخلوط مسبقاً السكري من النوع الأول والثاني أبيض عكر قلم هبوط السكر؛ زيادة الوزن؛ تفاعلات موضع الحقن هبوط السكر,humulin 70/30 generic human insulin 70/30 form injection pen class premixed insulin indication type 1 and type 2 diabetes color cloudy white shape pen insulin isophane 70% / regular 30% hypoglycemia; weight gain; injection site reactions hypoglycemia هيومولين 70/30 أنسولين بشري 70/30 قلم حقن أنسولين مخلوط مسبقاً السكري من النوع الأول والثاني أبيض عكر قلم هبوط السكر؛ زيادة الوزن؛ تفاعلات موضع الحقن هبوط السكر,هيومولين 70/30,أنسولين بشري 70/30,أنسولين مخلوط مسبقاً,قلم حقن,أبيض عكر,قلم,السكري من النوع الأول والثاني,Prescription,Hypoglycemia; Weight gain; Injection site reactions,هبوط السكر؛ زيادة الوزن؛ تفاعلات موضع الحقن,Hypoglycemia,هبوط السكر
Glucovance,Metformin/Glibenclamide,Biguanide + Sulfonylurea,Tablet,Light Orange,Capsule-shaped,Type 2 diabetes mellitus,Merck,500/2.5 mg,glucovance generic metformin/glibenclamide form tablet class biguanide + sulfonylurea indication type 2 diabetes mellitus color light orange shape capsule-shaped metformin 500 mg / glibenclamide 2.5 mg hypoglycemia; nausea; diarrhea; abdominal pain severe renal impairment; diabetic ketoacidosis; type 1 diabetes غلوكوفانس ميتفورمين/غليبنكلاميد قرص بيغوانيد + سلفونيل يوريا السكري من النوع الثاني برتقالي فاتح على شكل كبسولة هبوط السكر؛ غثيان؛ إسهال؛ ألم البطن قصور كلوي شديد؛ حماض كيتوني سكري؛ السكري من النوع الأول,glucovance generic metformin/glibenclamide form tablet class biguanide + sulfonylurea indication type 2 diabetes mellitus color light orange shape capsule-shaped metformin 500 mg / glibenclamide 2.5 mg hypoglycemia; nausea; diarrhea; abdominal pain severe renal impairment; diabetic ketoacidosis; type 1 diabetes غلوكوفانس ميتفورمين/غليبنكلاميد قرص بيغوانيد + سلفونيل يوريا السكري من النوع الثاني برتقالي فاتح على شكل كبسولة هبوط السكر؛ غثيان؛ إسهال؛ ألم البطن قصور كلوي شديد؛ حماض كيتوني سكري؛ السكري من النوع الأول,غلوكوفانس,ميتفورمين/غليبنكلاميد,بيغوانيد + سلفونيل يوريا,قرص,برتقالي فاتح,على شكل كبسولة,السكري من النوع الثاني,Prescription,Hypoglycemia; Nausea; Diarrhea; Abdominal pain,هبوط السكر؛ غثيان؛ إسهال؛ ألم البطن,Severe renal impairment; Diabetic ketoacidosis; Type 1 diabetes,قصور كلوي شديد؛ حماض كيتوني سكري؛ السكري من النوع الأول
Janumet,Sitagliptin/Metformin,DPP-4 Inhibitor + Biguanide,Tablet,Green,Capsule-shaped,Type 2 diabetes mellitus,MSD,50/1000 mg,janumet generic sitagliptin/metformin form tablet class dpp-4 inhibitor + biguanide indication type 2 diabetes mellitus color green shape capsule-shaped sitagliptin 50 mg / metformin 1000 mg nausea; diarrhea; headache; hypoglycemia; pancreatitis (rare) severe renal impairment; history of pancreatitis; type 1 diabetes جانوميت سيتاغليبتين/ميتفورمين قرص مثبط DPP-4 + بيغوانيد السكري من النوع الثاني أخضر على شكل كبسولة غثيان؛ إسهال؛ صداع؛ هبوط السكر؛ التهاب البنكرياس (نادر) قصور كلوي شديد؛ تاريخ التهاب البنكرياس؛ السكري من النوع الأول,janumet generic sitagliptin/metformin form tablet class dpp-4 inhibitor + biguanide indication type 2 diabetes mellitus color green shape capsule-shaped sitagliptin 50 mg / metformin 1000 mg nausea; diarrhea; headache; hypoglycemia; pancreatitis (rare) severe renal impairment; history of pancreatitis; type 1 diabetes جانوميت سيتاغليبتين/ميتفورمين قرص مثبط DPP-4 + بيغوانيد السكري من النوع الثاني أخضر على شكل كبسولة غثيان؛ إسهال؛ صداع؛ هبوط السكر؛ التهاب البنكرياس (نادر) قصور كلوي شديد؛ تاريخ التهاب البنكرياس؛ السكري من النوع الأول,جانوميت,سيتاغليبتين/ميتفورمين,مثبط DPP-4 + بيغوانيد,قرص,أخضر,على شكل كبسولة,السكري من النوع الثاني,Prescription,Nausea; Diarrhea; Headache; Hypoglycemia; Pancreatitis (rare),غثيان؛ إسهال؛ صداع؛ هبوط السكر؛ التهاب البنكرياس (نادر),Severe renal impairment; History of pancreatitis; Type 1 diabetes,قصور كلوي شديد؛ تاريخ التهاب البنكرياس؛ السكري من النوع الأول
Pioglitazone,Pioglitazone,Thiazolidinedione,Tablet,White,Round,Type 2 diabetes mellitus,Takeda,30 mg,pioglitazone generic pioglitazone form tablet class thiazolidinedione indication type 2 diabetes mellitus color white shape round pioglitazone hcl 30 mg weight gain; edema; fracture risk; heart failure exacerbation heart failure (nyha iii-iv); bladder cancer; hepatic impairment بيوغليتازون بيوغليتازون قرص ثيازوليدينديون السكري من النوع الثاني أبيض دائري زيادة الوزن؛ وذمة؛ خطر الكسور؛ تفاقم فشل القلب فشل القلب (درجة III-IV)؛ سرطان المثانة؛ قصور كبدي,pioglitazone generic pioglitazone form tablet class thiazolidinedione indication type 2 diabetes mellitus color white shape round pioglitazone hcl 30 mg weight gain; edema; fracture risk; heart failure exacerbation heart failure (nyha iii-iv); bladder cancer; hepatic impairment بيوغليتازون بيوغليتازون قرص ثيازوليدينديون السكري من النوع الثاني أبيض دائري زيادة الوزن؛ وذمة؛ خطر الكسور؛ تفاقم فشل القلب فشل القلب (درجة III-IV)؛ سرطان المثانة؛ قصور كبدي,بيوغليتازون,بيوغليتازون,ثيازوليدينديون,قرص,أبيض,دائري,السكري من النوع الثاني,Prescription,Weight gain; Edema; Fracture risk; Heart failure exacerbation,زيادة الوزن؛ وذمة؛ خطر الكسور؛ تفاقم فشل القلب,Heart failure (NYHA III-IV); Bladder cancer; Hepatic impairment,فشل القلب (درجة III-IV)؛ سرطان المثانة؛ قصور كبدي
Trajenta,Linagliptin,DPP-4 Inhibitor,Tablet,Light Red,Round,Type 2 diabetes mellitus,Boehringer Ingelheim,5 mg,trajenta generic linagliptin form tablet class dpp-4 inhibitor indication type 2 diabetes mellitus color light red shape round linagliptin 5 mg nasopharyngitis; cough; hypoglycemia (with insulin/su); pancreatitis (rare) type 1 diabetes; history of pancreatitis تراجنتا ليناغليبتين قرص مثبط DPP-4 السكري من النوع الثاني أحمر فاتح دائري التهاب البلعوم الأنفي؛ سعال؛ هبوط السكر (مع الأنسولين/السلفونيل يوريا)؛ التهاب البنكرياس (نادر) السكري من النوع الأول؛ تاريخ التهاب البنكرياس,trajenta generic linagliptin form tablet class dpp-4 inhibitor indication type 2 diabetes mellitus color light red shape round linagliptin 5 mg nasopharyngitis; cough; hypoglycemia (with insulin/su); pancreatitis (rare) type 1 diabetes; history of pancreatitis تراجنتا ليناغليبتين قرص مثبط DPP-4 السكري من النوع الثاني أحمر فاتح دائري التهاب البلعوم الأنفي؛ سعال؛ هبوط السكر (مع الأنسولين/السلفونيل يوريا)؛ التهاب البنكرياس (نادر) السكري من النوع الأول؛ تاريخ التهاب البنكرياس,تراجنتا,ليناغليبتين,مثبط DPP-4,قرص,أحمر فاتح,دائري,السكري من النوع الثاني,Prescription,Nasopharyngitis; Cough; Hypoglycemia (with insulin/SU); Pancreatitis (rare),التهاب البلعوم الأنفي؛ سعال؛ هبوط السكر (مع الأنسولين/السلفونيل يوريا)؛ التهاب البنكرياس (نادر),Type 1 diabetes; History of pancreatitis,السكري من النوع الأول؛ تاريخ التهاب البنكرياس
Panadol,Paracetamol,Analgesic / Antipyretic,Tablet,White,Capsule-shaped,Mild to moderate pain; Fever,GSK,500 mg,panadol generic paracetamol form tablet class analgesic / antipyretic indication mild to moderate pain; fever color white shape capsule-shaped paracetamol 500 mg rarely hepatotoxicity at overdose; skin rash (rare) severe hepatic impairment; paracetamol allergy بنادول باراسيتامول قرص مسكن / خافض للحرارة ألم خفيف إلى متوسط؛ حمى أبيض على شكل كبسولة سمية كبدية نادرة عند الجرعة الزائدة؛ طفح جلدي (نادر) قصور كبدي شديد؛ حساسية الباراسيتامول,panadol generic paracetamol form tablet class analgesic / antipyretic indication mild to moderate pain; fever color white shape capsule-shaped paracetamol 500 mg rarely hepatotoxicity at overdose; skin rash (rare) severe hepatic impairment; paracetamol allergy بنادول باراسيتامول قرص مسكن / خافض للحرارة ألم خفيف إلى متوسط؛ حمى أبيض على شكل كبسولة سمية كبدية نادرة عند الجرعة الزائدة؛ طفح جلدي (نادر) قصور كبدي شديد؛ حساسية الباراسيتامول,بنادول,باراسيتامول,مسكن / خافض للحرارة,قرص,أبيض,على شكل كبسولة,ألم خفيف إلى متوسط؛ حمى,OTC,Rarely hepatotoxicity at overdose; Skin rash (rare),سمية كبدية نادرة عند الجرعة الزائدة؛ طفح جلدي (نادر),Severe hepatic impairment; Paracetamol allergy,قصور كبدي شديد؛ حساسية الباراسيتامول
Panadol Extra,Paracetamol/Caffeine,Analgesic / Antipyretic + Stimulant,Tablet,White with red band,Capsule-shaped,Moderate pain; Headache; Migraine,GSK,500/65 mg,panadol extra generic paracetamol/caffeine form tablet class analgesic / antipyretic + stimulant indication moderate pain; headache; migraine color white with red band shape capsule-shaped paracetamol 500 mg / caffeine 65 mg insomnia; palpitations; gi upset; hepatotoxicity (overdose) severe hepatic impairment; severe cardiac arrhythmias بنادول إكسترا باراسيتامول/كافيين قرص مسكن / خافض للحرارة + منبه ألم متوسط؛ صداع؛ صداع نصفي أبيض مع شريط أحمر على شكل كبسولة أرق؛ خفقان؛ اضطراب هضمي؛ سمية كبدية (جرعة زائدة) قصور كبدي شديد؛ اضطرابات نظم قلبية شديدة,panadol extra generic paracetamol/caffeine form tablet class analgesic / antipyretic + stimulant indication moderate pain; headache; migraine color white with red band shape capsule-shaped paracetamol 500 mg / caffeine 65 mg insomnia; palpitations; gi upset; hepatotoxicity (overdose) severe hepatic impairment; severe cardiac arrhythmias بنادول إكسترا باراسيتامول/كافيين قرص مسكن / خافض للحرارة + منبه ألم متوسط؛ صداع؛ صداع نصفي أبيض مع شريط أحمر على شكل كبسولة أرق؛ خفقان؛ اضطراب هضمي؛ سمية كبدية (جرعة زائدة) قصور كبدي شديد؛ اضطرابات نظم قلبية شديدة,بنادول إكسترا,باراسيتامول/كافيين,مسكن / خافض للحرارة + منبه,قرص,أبيض مع شريط أحمر,على شكل كبسولة,ألم متوسط؛ صداع؛ صداع نصفي,OTC,Insomnia; Palpitations; GI upset; Hepatotoxicity (overdose),أرق؛ خفقان؛ اضطراب هضمي؛ سمية كبدية (جرعة زائدة),Severe hepatic impairment; Severe cardiac arrhythmias,قصور كبدي شديد؛ اضطرابات نظم قلبية شديدة
Brufen,Ibuprofen,NSAID,Tablet,Pink,Round,Pain; Inflammation; Fever; Dysmenorrhea,Abbott,400 mg,brufen generic ibuprofen form tablet class nsaid indication pain; inflammation; fever; dysmenorrhea color pink shape round ibuprofen 400 mg gi bleeding; nausea; headache; dizziness; renal impairment active gi bleeding; severe renal impairment; third trimester pregnancy; aspirin allergy بروفين إيبوبروفين قرص مضاد التهاب غير ستيرويدي ألم؛ التهاب؛ حمى؛ عسر الطمث وردي دائري نزيف معدي معوي؛ غثيان؛ صداع؛ دوخة؛ قصور كلوي نزيف معدي نشط؛ قصور كلوي شديد؛ الثلث الأخير من الحمل؛ حساسية الأسبرين,brufen generic ibuprofen form tablet class nsaid indication pain; inflammation; fever; dysmenorrhea color pink shape round ibuprofen 400 mg gi bleeding; nausea; headache; dizziness; renal impairment active gi bleeding; severe renal impairment; third trimester pregnancy; aspirin allergy بروفين إيبوبروفين قرص مضاد التهاب غير ستيرويدي ألم؛ التهاب؛ حمى؛ عسر الطمث وردي دائري نزيف معدي معوي؛ غثيان؛ صداع؛ دوخة؛ قصور كلوي نزيف معدي نشط؛ قصور كلوي شديد؛ الثلث الأخير من الحمل؛ حساسية الأسبرين,بروفين,إيبوبروفين,مضاد التهاب غير ستيرويدي,قرص,وردي,دائري,ألم؛ التهاب؛ حمى؛ عسر الطمث,OTC,GI bleeding; Nausea; Headache; Dizziness; Renal impairment,نزيف معدي معوي؛ غثيان؛ صداع؛ دوخة؛ قصور كلوي,Active GI bleeding; Severe renal impairment; Third trimester pregnancy; Aspirin allergy,نزيف معدي نشط؛ قصور كلوي شديد؛ الثلث الأخير من الحمل؛ حساسية الأسبرين
Brufen,Ibuprofen,NSAID,Tablet,White,Oval,Pain; Inflammation; Arthritis,Abbott,600 mg,brufen generic ibuprofen form tablet class nsaid indication pain; inflammation; arthritis color white shape oval ibuprofen 600 mg gi bleeding; nausea; renal impairment; edema active gi bleeding; severe renal/hepatic impairment; third trimester pregnancy بروفين إيبوبروفين قرص مضاد التهاب غير ستيرويدي ألم؛ التهاب؛ التهاب المفاصل أبيض بيضاوي نزيف معدي معوي؛ غثيان؛ قصور كلوي؛ وذمة نزيف معدي نشط؛ قصور كلوي/كبدي شديد؛ الثلث الأخير من الحمل,brufen generic ibuprofen form tablet class nsaid indication pain; inflammation; arthritis color white shape oval ibuprofen 600 mg gi bleeding; nausea; renal impairment; edema active gi bleeding; severe renal/hepatic impairment; third trimester pregnancy بروفين إيبوبروفين قرص مضاد التهاب غير ستيرويدي ألم؛ التهاب؛ التهاب المفاصل أبيض بيضاوي نزيف معدي معوي؛ غثيان؛ قصور كلوي؛ وذمة نزيف معدي نشط؛ قصور كلوي/كبدي شديد؛ الثلث الأخير من الحمل,بروفين,إيبوبروفين,مضاد التهاب غير ستيرويدي,قرص,أبيض,بيضاوي,ألم؛ التهاب؛ التهاب المفاصل,Prescription,GI bleeding; Nausea; Renal impairment; Edema,نزيف معدي معوي؛ غثيان؛ قصور كلوي؛ وذمة,Active GI bleeding; Severe renal/hepatic impairment; Third trimester pregnancy,نزيف معدي نشط؛ قصور كلوي/كبدي شديد؛ الثلث الأخير من الحمل
Voltaren,Diclofenac,NSAID,Enteric-coated Tablet,Light Brown,Round,Pain; Inflammation; Rheumatoid arthritis; Osteoarthritis,Novartis,50 mg,voltaren generic diclofenac form enteric-coated tablet class nsaid indication pain; inflammation; rheumatoid arthritis; osteoarthritis color light brown shape round diclofenac sodium 50 mg gi bleeding; nausea; headache; elevated liver enzymes; edema active gi bleeding; severe heart failure; third trimester pregnancy; cabg surgery فولتارين ديكلوفيناك قرص مغلف معوياً مضاد التهاب غير ستيرويدي ألم؛ التهاب؛ التهاب المفاصل الروماتويدي؛ هشاشة المفاصل بني فاتح دائري نزيف معدي معوي؛ غثيان؛ صداع؛ ارتفاع إنزيمات الكبد؛ وذمة نزيف معدي نشط؛ فشل قلبي شديد؛ الثلث الأخير من الحمل؛ جراحة الشريان التاجي,voltaren generic diclofenac form enteric-coated tablet class nsaid indication pain; inflammation; rheumatoid arthritis; osteoarthritis color light brown shape round diclofenac sodium 50 mg gi bleeding; nausea; headache; elevated liver enzymes; edema active gi bleeding; severe heart failure; third trimester pregnancy; cabg surgery فولتارين ديكلوفيناك قرص مغلف معوياً مضاد التهاب غير ستيرويدي ألم؛ التهاب؛ التهاب المفاصل الروماتويدي؛ هشاشة المفاصل بني فاتح دائري نزيف معدي معوي؛ غثيان؛ صداع؛ ارتفاع إنزيمات الكبد؛ وذمة نزيف معدي نشط؛ فشل قلبي شديد؛ الثلث الأخير من الحمل؛ جراحة الشريان التاجي,فولتارين,ديكلوفيناك,مضاد التهاب غير ستيرويدي,قرص مغلف معوياً,بني فاتح,دائري,ألم؛ التهاب؛ التهاب المفاصل الروماتويدي؛ هشاشة المفاصل,Prescription,GI bleeding; Nausea; Headache; Elevated liver enzymes; Edema,نزيف معدي معوي؛ غثيان؛ صداع؛ ارتفاع إنزيمات الكبد؛ وذمة,Active GI bleeding; Severe heart failure; Third trimester pregnancy; CABG surgery,نزيف معدي نشط؛ فشل قلبي شديد؛ الثلث الأخير من الحمل؛ جراحة الشريان التاجي
Voltaren Gel,Diclofenac,Topical NSAID,Gel,Clear gel,Tube,Localized musculoskeletal pain; Sports injuries; Joint pain,Novartis,1.16%,voltaren gel generic diclofenac form gel class topical nsaid indication localized musculoskeletal pain; sports injuries; joint pain color clear gel shape tube diclofenac diethylamine 1.16% skin irritation; redness; dermatitis; pruritus open wounds; damaged skin; aspirin-sensitive asthma فولتارين جل ديكلوفيناك جل مضاد التهاب غير ستيرويدي موضعي ألم عضلي هيكلي موضعي؛ إصابات رياضية؛ ألم المفاصل جل شفاف أنبوب تهيج الجلد؛ احمرار؛ التهاب الجلد؛ حكة جروح مفتوحة؛ جلد تالف؛ ربو حساس للأسبرين,voltaren gel generic diclofenac form gel class topical nsaid indication localized musculoskeletal pain; sports injuries; joint pain color clear gel shape tube diclofenac diethylamine 1.16% skin irritation; redness; dermatitis; pruritus open wounds; damaged skin; aspirin-sensitive asthma فولتارين جل ديكلوفيناك جل مضاد التهاب غير ستيرويدي موضعي ألم عضلي هيكلي موضعي؛ إصابات رياضية؛ ألم المفاصل جل شفاف أنبوب تهيج الجلد؛ احمرار؛ التهاب الجلد؛ حكة جروح مفتوحة؛ جلد تالف؛ ربو حساس للأسبرين,فولتارين جل,ديكلوفيناك,مضاد التهاب غير ستيرويدي موضعي,جل,جل شفاف,أنبوب,ألم عضلي هيكلي موضعي؛ إصابات رياضية؛ ألم المفاصل,OTC,Skin irritation; Redness; Dermatitis; Pruritus,تهيج الجلد؛ احمرار؛ التهاب الجلد؛ حكة,Open wounds; Damaged skin; Aspirin-sensitive asthma,جروح مفتوحة؛ جلد تالف؛ ربو حساس للأسبرين
Adol,Paracetamol,Analgesic / Antipyretic,Tablet,White,Capsule-shaped,Mild to moderate pain; Fever,Julphar,500 mg,adol generic paracetamol form tablet class analgesic / antipyretic indication mild to moderate pain; fever color white shape capsule-shaped paracetamol 500 mg rarely hepatotoxicity at overdose severe hepatic impairment أدول باراسيتامول قرص مسكن / خافض للحرارة ألم خفيف إلى متوسط؛ حمى أبيض على شكل كبسولة سمية كبدية نادرة عند الجرعة الزائدة قصور كبدي شديد,adol generic paracetamol form tablet class analgesic / antipyretic indication mild to moderate pain; fever color white shape capsule-shaped paracetamol 500 mg rarely hepatotoxicity at overdose severe hepatic impairment أدول باراسيتامول قرص مسكن / خافض للحرارة ألم خفيف إلى متوسط؛ حمى أبيض على شكل كبسولة سمية كبدية نادرة عند الجرعة الزائدة قصور كبدي شديد,أدول,باراسيتامول,مسكن / خافض للحرارة,قرص,أبيض,على شكل كبسولة,ألم خفيف إلى متوسط؛ حمى,OTC,Rarely hepatotoxicity at overdose,سمية كبدية نادرة عند الجرعة الزائدة,Severe hepatic impairment,قصور كبدي شديد
Celebrex,Celecoxib,COX-2 Selective NSAID,Capsule,White/Gold,Capsule,Osteoarthritis; Rheumatoid arthritis; Acute pain; Dysmenorrhea,Pfizer,200 mg,celebrex generic celecoxib form capsule class cox-2 selective nsaid indication osteoarthritis; rheumatoid arthritis; acute pain; dysmenorrhea color white/gold shape capsule celecoxib 200 mg abdominal pain; diarrhea; dyspepsia; edema; cardiovascular risk sulfonamide allergy; active gi bleeding; severe heart failure; third trimester pregnancy سيليبركس سيليكوكسيب كبسولة مضاد التهاب انتقائي COX-2 هشاشة المفاصل؛ التهاب المفاصل الروماتويدي؛ ألم حاد؛ عسر الطمث أبيض/ذهبي كبسولة ألم البطن؛ إسهال؛ عسر الهضم؛ وذمة؛ خطر قلبي وعائي حساسية السلفوناميد؛ نزيف معدي نشط؛ فشل قلبي شديد؛ الثلث الأخير من الحمل,celebrex generic celecoxib form capsule class cox-2 selective nsaid indication osteoarthritis; rheumatoid arthritis; acute pain; dysmenorrhea color white/gold shape capsule celecoxib 200 mg abdominal pain; diarrhea; dyspepsia; edema; cardiovascular risk sulfonamide allergy; active gi bleeding; severe heart failure; third trimester pregnancy سيليبركس سيليكوكسيب كبسولة مضاد التهاب انتقائي COX-2 هشاشة المفاصل؛ التهاب المفاصل الروماتويدي؛ ألم حاد؛ عسر الطمث أبيض/ذهبي كبسولة ألم البطن؛ إسهال؛ عسر الهضم؛ وذمة؛ خطر قلبي وعائي حساسية السلفوناميد؛ نزيف معدي نشط؛ فشل قلبي شديد؛ الثلث الأخير من الحمل,سيليبركس,سيليكوكسيب,مضاد التهاب انتقائي COX-2,كبسولة,أبيض/ذهبي,كبسولة,هشاشة المفاصل؛ التهاب المفاصل الروماتويدي؛ ألم حاد؛ عسر الطمث,Prescription,Abdominal pain; Diarrhea; Dyspepsia; Edema; Cardiovascular risk,ألم البطن؛ إسهال؛ عسر الهضم؛ وذمة؛ خطر قلبي وعائي,Sulfonamide allergy; Active GI bleeding; Severe heart failure; Third trimester pregnancy,حساسية السلفوناميد؛ نزيف معدي نشط؛ فشل قلبي شديد؛ الثلث الأخير من الحمل
Arcoxia,Etoricoxib,COX-2 Selective NSAID,Tablet,Green,Biconvex,Osteoarthritis; Rheumatoid arthritis; Acute gouty arthritis,MSD,90 mg,arcoxia generic etoricoxib form tablet class cox-2 selective nsaid indication osteoarthritis; rheumatoid arthritis; acute gouty arthritis color green shape biconvex etoricoxib 90 mg headache; dizziness; hypertension; gi disturbance; edema severe hepatic/renal impairment; inflammatory bowel disease; uncontrolled hypertension أركوكسيا إتوريكوكسيب قرص مضاد التهاب انتقائي COX-2 هشاشة المفاصل؛ التهاب المفاصل الروماتويدي؛ التهاب المفاصل النقرسي الحاد أخضر محدب صداع؛ دوخة؛ ارتفاع ضغط الدم؛ اضطراب هضمي؛ وذمة قصور كبدي/كلوي شديد؛ مرض التهاب الأمعاء؛ ارتفاع ضغط الدم غير المسيطر عليه,arcoxia generic etoricoxib form tablet class cox-2 selective nsaid indication osteoarthritis; rheumatoid arthritis; acute gouty arthritis color green shape biconvex etoricoxib 90 mg headache; dizziness; hypertension; gi disturbance; edema severe hepatic/renal impairment; inflammatory bowel disease; uncontrolled hypertension أركوكسيا إتوريكوكسيب قرص مضاد التهاب انتقائي COX-2 هشاشة المفاصل؛ التهاب المفاصل الروماتويدي؛ التهاب المفاصل النقرسي الحاد أخضر محدب صداع؛ دوخة؛ ارتفاع ضغط الدم؛ اضطراب هضمي؛ وذمة قصور كبدي/كلوي شديد؛ مرض التهاب الأمعاء؛ ارتفاع ضغط الدم غير المسيطر عليه,أركوكسيا,إتوريكوكسيب,مضاد التهاب انتقائي COX-2,قرص,أخضر,محدب,هشاشة المفاصل؛ التهاب المفاصل الروماتويدي؛ التهاب المفاصل النقرسي الحاد,Prescription,Headache; Dizziness; Hypertension; GI disturbance; Edema,صداع؛ دوخة؛ ارتفاع ضغط الدم؛ اضطراب هضمي؛ وذمة,Severe hepatic/renal impairment; Inflammatory bowel disease; Uncontrolled hypertension,قصور كبدي/كلوي شديد؛ مرض التهاب الأمعاء؛ ارتفاع ضغط الدم غير المسيطر عليه
Tramadol,Tramadol,Opioid Analgesic (Weak),Capsule,Green/Yellow,Capsule,Moderate to severe pain,Various,50 mg,tramadol generic tramadol form capsule class opioid analgesic (weak) indication moderate to severe pain color green/yellow shape capsule tramadol hcl 50 mg nausea; dizziness; constipation; headache; seizures (rare) epilepsy; concurrent maois; severe hepatic/renal impairment; acute intoxication ترامادول ترامادول كبسولة مسكن أفيوني (ضعيف) ألم متوسط إلى شديد أخضر/أصفر كبسولة غثيان؛ دوخة؛ إمساك؛ صداع؛ نوبات صرع (نادرة) الصرع؛ الاستخدام المتزامن لمثبطات MAO؛ قصور كبدي/كلوي شديد؛ تسمم حاد,tramadol generic tramadol form capsule class opioid analgesic (weak) indication moderate to severe pain color green/yellow shape capsule tramadol hcl 50 mg nausea; dizziness; constipation; headache; seizures (rare) epilepsy; concurrent maois; severe hepatic/renal impairment; acute intoxication ترامادول ترامادول كبسولة مسكن أفيوني (ضعيف) ألم متوسط إلى شديد أخضر/أصفر كبسولة غثيان؛ دوخة؛ إمساك؛ صداع؛ نوبات صرع (نادرة) الصرع؛ الاستخدام المتزامن لمثبطات MAO؛ قصور كبدي/كلوي شديد؛ تسمم حاد,ترامادول,ترامادول,مسكن أفيوني (ضعيف),كبسولة,أخضر/أصفر,كبسولة,ألم متوسط إلى شديد,Prescription (Controlled),Nausea; Dizziness; Constipation; Headache; Seizures (rare),غثيان؛ دوخة؛ إمساك؛ صداع؛ نوبات صرع (نادرة),Epilepsy; Concurrent MAOIs; Severe hepatic/renal impairment; Acute intoxication,الصرع؛ الاستخدام المتزامن لمثبطات MAO؛ قصور كبدي/كلوي شديد؛ تسمم حاد
Naproxen,Naproxen,NSAID,Tablet,Blue,Oval,Pain; Inflammation; Arthritis; Dysmenorrhea; Gout,Various,500 mg,naproxen generic naproxen form tablet class nsaid indication pain; inflammation; arthritis; dysmenorrhea; gout color blue shape oval naproxen sodium 500 mg gi bleeding; nausea; headache; dizziness; edema active gi bleeding; severe renal impairment; third trimester pregnancy نابروكسين نابروكسين قرص مضاد التهاب غير ستيرويدي ألم؛ التهاب؛ التهاب المفاصل؛ عسر الطمث؛ النقرس أزرق بيضاوي نزيف معدي معوي؛ غثيان؛ صداع؛ دوخة؛ وذمة نزيف معدي نشط؛ قصور كلوي شديد؛ الثلث الأخير من الحمل,naproxen generic naproxen form tablet class nsaid indication pain; inflammation; arthritis; dysmenorrhea; gout color blue shape oval naproxen sodium 500 mg gi bleeding; nausea; headache; dizziness; edema active gi bleeding; severe renal impairment; third trimester pregnancy نابروكسين نابروكسين قرص مضاد التهاب غير ستيرويدي ألم؛ التهاب؛ التهاب المفاصل؛ عسر الطمث؛ النقرس أزرق بيضاوي نزيف معدي معوي؛ غثيان؛ صداع؛ دوخة؛ وذمة نزيف معدي نشط؛ قصور كلوي شديد؛ الثلث الأخير من الحمل,نابروكسين,نابروكسين,مضاد التهاب غير ستيرويدي,قرص,أزرق,بيضاوي,ألم؛ التهاب؛ التهاب المفاصل؛ عسر الطمث؛ النقرس,Prescription,GI bleeding; Nausea; Headache; Dizziness; Edema,نزيف معدي معوي؛ غثيان؛ صداع؛ دوخة؛ وذمة,Active GI bleeding; Severe renal impairment; Third trimester pregnancy,نزيف معدي نشط؛ قصور كلوي شديد؛ الثلث الأخير من الحمل
Lyrica,Pregabalin,Anticonvulsant / Neuropathic Pain Agent,Capsule,White/Orange,Capsule,Neuropathic pain; Fibromyalgia; Generalized anxiety disorder; Epilepsy (adjunct),Pfizer,75 mg,lyrica generic pregabalin form capsule class anticonvulsant / neuropathic pain agent indication neuropathic pain; fibromyalgia; generalized anxiety disorder; epilepsy (adjunct) color white/orange shape capsule pregabalin 75 mg dizziness; somnolence; weight gain; peripheral edema; blurred vision hypersensitivity to pregabalin ليريكا بريغابالين كبسولة مضاد صرع / عامل ألم الأعصاب ألم الأعصاب؛ الألم العضلي الليفي؛ اضطراب القلق العام؛ الصرع (مساعد) أبيض/برتقالي كبسولة دوخة؛ نعاس؛ زيادة الوزن؛ وذمة طرفية؛ عدم وضوح الرؤية فرط الحساسية للبريغابالين,lyrica generic pregabalin form capsule class anticonvulsant / neuropathic pain agent indication neuropathic pain; fibromyalgia; generalized anxiety disorder; epilepsy (adjunct) color white/orange shape capsule pregabalin 75 mg dizziness; somnolence; weight gain; peripheral edema; blurred vision hypersensitivity to pregabalin ليريكا بريغابالين كبسولة مضاد صرع / عامل ألم الأعصاب ألم الأعصاب؛ الألم العضلي الليفي؛ اضطراب القلق العام؛ الصرع (مساعد) أبيض/برتقالي كبسولة دوخة؛ نعاس؛ زيادة الوزن؛ وذمة طرفية؛ عدم وضوح الرؤية فرط الحساسية للبريغابالين,ليريكا,بريغابالين,مضاد صرع / عامل ألم الأعصاب,كبسولة,أبيض/برتقالي,كبسولة,ألم الأعصاب؛ الألم العضلي الليفي؛ اضطراب القلق العام؛ الصرع (مساعد),Prescription (Controlled),Dizziness; Somnolence; Weight gain; Peripheral edema; Blurred vision,دوخة؛ نعاس؛ زيادة الوزن؛ وذمة طرفية؛ عدم وضوح الرؤية,Hypersensitivity to pregabalin,فرط الحساسية للبريغابالين
Lyrica,Pregabalin,Anticonvulsant / Neuropathic Pain Agent,Capsule,White,Capsule,Neuropathic pain; Fibromyalgia; Generalized anxiety disorder,Pfizer,150 mg,lyrica generic pregabalin form capsule class anticonvulsant / neuropathic pain agent indication neuropathic pain; fibromyalgia; generalized anxiety disorder color white shape capsule pregabalin 150 mg dizziness; somnolence; weight gain; dry mouth; constipation hypersensitivity to pregabalin ليريكا بريغابالين كبسولة مضاد صرع / عامل ألم الأعصاب ألم الأعصاب؛ الألم العضلي الليفي؛ اضطراب القلق العام أبيض كبسولة دوخة؛ نعاس؛ زيادة الوزن؛ جفاف الفم؛ إمساك فرط الحساسية للبريغابالين,lyrica generic pregabalin form capsule class anticonvulsant / neuropathic pain agent indication neuropathic pain; fibromyalgia; generalized anxiety disorder color white shape capsule pregabalin 150 mg dizziness; somnolence; weight gain; dry mouth; constipation hypersensitivity to pregabalin ليريكا بريغابالين كبسولة مضاد صرع / عامل ألم الأعصاب ألم الأعصاب؛ الألم العضلي الليفي؛ اضطراب القلق العام أبيض كبسولة دوخة؛ نعاس؛ زيادة الوزن؛ جفاف الفم؛ إمساك فرط الحساسية للبريغابالين,ليريكا,بريغابالين,مضاد صرع / عامل ألم الأعصاب,كبسولة,أبيض,كبسولة,ألم الأعصاب؛ الألم العضلي الليفي؛ اضطراب القلق العام,Prescription (Controlled),Dizziness; Somnolence; Weight gain; Dry mouth; Constipation,دوخة؛ نعاس؛ زيادة الوزن؛ جفاف الفم؛ إمساك,Hypersensitivity to pregabalin,فرط الحساسية للبريغابالين
Neurontin,Gabapentin,Anticonvulsant / Neuropathic Pain Agent,Capsule,Yellow,Capsule,Neuropathic pain; Epilepsy (adjunct),Pfizer,300 mg,neurontin generic gabapentin form capsule class anticonvulsant / neuropathic pain agent indication neuropathic pain; epilepsy (adjunct) color yellow shape capsule gabapentin 300 mg dizziness; somnolence; fatigue; ataxia; peripheral edema hypersensitivity to gabapentin نيورونتين غابابنتين كبسولة مضاد صرع / عامل ألم الأعصاب ألم الأعصاب؛ الصرع (مساعد) أصفر كبسولة دوخة؛ نعاس؛ إرهاق؛ ترنح؛ وذمة طرفية فرط الحساسية للغابابنتين,neurontin generic gabapentin form capsule class anticonvulsant / neuropathic pain agent indication neuropathic pain; epilepsy (adjunct) color yellow shape capsule gabapentin 300 mg dizziness; somnolence; fatigue; ataxia; peripheral edema hypersensitivity to gabapentin نيورونتين غابابنتين كبسولة مضاد صرع / عامل ألم الأعصاب ألم الأعصاب؛ الصرع (مساعد) أصفر كبسولة دوخة؛ نعاس؛ إرهاق؛ ترنح؛ وذمة طرفية فرط الحساسية للغابابنتين,نيورونتين,غابابنتين,مضاد صرع / عامل ألم الأعصاب,كبسولة,أصفر,كبسولة,ألم الأعصاب؛ الصرع (مساعد),Prescription,Dizziness; Somnolence; Fatigue; Ataxia; Peripheral edema,دوخة؛ نعاس؛ إرهاق؛ ترنح؛ وذمة طرفية,Hypersensitivity to gabapentin,فرط الحساسية للغابابنتين
Morphine,Morphine,Opioid Analgesic (Strong),Tablet,White,Round,Severe pain; Palliative care,Various,10 mg,morphine generic morphine form tablet class opioid analgesic (strong) indication severe pain; palliative care color white shape round morphine sulfate 10 mg constipation; nausea; sedation; respiratory depression; dependence respiratory depression; acute asthma; paralytic ileus; concurrent maois مورفين مورفين قرص مسكن أفيوني (قوي) ألم شديد؛ الرعاية التلطيفية أبيض دائري إمساك؛ غثيان؛ تخدير؛ تثبيط تنفسي؛ إدمان تثبيط تنفسي؛ ربو حاد؛ انسداد معوي شللي؛ الاستخدام المتزامن لمثبطات MAO,morphine generic morphine form tablet class opioid analgesic (strong) indication severe pain; palliative care color white shape round morphine sulfate 10 mg constipation; nausea; sedation; respiratory depression; dependence respiratory depression; acute asthma; paralytic ileus; concurrent maois مورفين مورفين قرص مسكن أفيوني (قوي) ألم شديد؛ الرعاية التلطيفية أبيض دائري إمساك؛ غثيان؛ تخدير؛ تثبيط تنفسي؛ إدمان تثبيط تنفسي؛ ربو حاد؛ انسداد معوي شللي؛ الاستخدام المتزامن لمثبطات MAO,مورفين,مورفين,مسكن أفيوني (قوي),قرص,أبيض,دائري,ألم شديد؛ الرعاية التلطيفية,Prescription (Controlled),Constipation; Nausea; Sedation; Respiratory depression; Dependence,إمساك؛ غثيان؛ تخدير؛ تثبيط تنفسي؛ إدمان,Respiratory depression; Acute asthma; Paralytic ileus; Concurrent MAOIs,تثبيط تنفسي؛ ربو حاد؛ انسداد معوي شللي؛ الاستخدام المتزامن لمثبطات MAO
Panadol Children,Paracetamol,Analgesic / Antipyretic,Suspension,Orange liquid,Bottle,Fever; Pain in children,GSK,120 mg/5 mL,panadol children generic paracetamol form suspension class analgesic / antipyretic indication fever; pain in children color orange liquid shape bottle paracetamol 120 mg/5 ml rarely hepatotoxicity at overdose; skin rash (rare) severe hepatic impairment بنادول أطفال باراسيتامول معلق مسكن / خافض للحرارة حمى؛ ألم عند الأطفال سائل برتقالي زجاجة سمية كبدية نادرة عند الجرعة الزائدة؛ طفح جلدي (نادر) قصور كبدي شديد,panadol children generic paracetamol form suspension class analgesic / antipyretic indication fever; pain in children color orange liquid shape bottle paracetamol 120 mg/5 ml rarely hepatotoxicity at overdose; skin rash (rare) severe hepatic impairment بنادول أطفال باراسيتامول معلق مسكن / خافض للحرارة حمى؛ ألم عند الأطفال سائل برتقالي زجاجة سمية كبدية نادرة عند الجرعة الزائدة؛ طفح جلدي (نادر) قصور كبدي شديد,بنادول أطفال,باراسيتامول,مسكن / خافض للحرارة,معلق,سائل برتقالي,زجاجة,حمى؛ ألم عند الأطفال,OTC,Rarely hepatotoxicity at overdose; Skin rash (rare),سمية كبدية نادرة عند الجرعة الزائدة؛ طفح جلدي (نادر),Severe hepatic impairment,قصور كبدي شديد
Cataflam,Diclofenac Potassium,NSAID,Tablet,Light Brown,Round,Acute pain; Inflammation; Dysmenorrhea; Migraine,Novartis,50 mg,cataflam generic diclofenac potassium form tablet class nsaid indication acute pain; inflammation; dysmenorrhea; migraine color light brown shape round diclofenac potassium 50 mg gi bleeding; nausea; headache; dizziness active gi bleeding; severe heart failure; third trimester pregnancy كاتافلام ديكلوفيناك بوتاسيوم قرص مضاد التهاب غير ستيرويدي ألم حاد؛ التهاب؛ عسر الطمث؛ صداع نصفي بني فاتح دائري نزيف معدي معوي؛ غثيان؛ صداع؛ دوخة نزيف معدي نشط؛ فشل قلبي شديد؛ الثلث الأخير من الحمل,cataflam generic diclofenac potassium form tablet class nsaid indication acute pain; inflammation; dysmenorrhea; migraine color light brown shape round diclofenac potassium 50 mg gi bleeding; nausea; headache; dizziness active gi bleeding; severe heart failure; third trimester pregnancy كاتافلام ديكلوفيناك بوتاسيوم قرص مضاد التهاب غير ستيرويدي ألم حاد؛ التهاب؛ عسر الطمث؛ صداع نصفي بني فاتح دائري نزيف معدي معوي؛ غثيان؛ صداع؛ دوخة نزيف معدي نشط؛ فشل قلبي شديد؛ الثلث الأخير من الحمل,كاتافلام,ديكلوفيناك بوتاسيوم,مضاد التهاب غير ستيرويدي,قرص,بني فاتح,دائري,ألم حاد؛ التهاب؛ عسر الطمث؛ صداع نصفي,Prescription,GI bleeding; Nausea; Headache; Dizziness,نزيف معدي معوي؛ غثيان؛ صداع؛ دوخة,Active GI bleeding; Severe heart failure; Third trimester pregnancy,نزيف معدي نشط؛ فشل قلبي شديد؛ الثلث الأخير من الحمل
Augmentin,Amoxicillin/Clavulanic Acid,Penicillin + Beta-lactamase Inhibitor,Tablet,White,Oval,Bacterial infections: respiratory; urinary; skin; dental,GSK,875/125 mg,augmentin generic amoxicillin/clavulanic acid form tablet class penicillin + beta-lactamase inhibitor indication bacterial infections: respiratory; urinary; skin; dental color white shape oval amoxicillin 875 mg / clavulanic acid 125 mg diarrhea; nausea; vomiting; rash; hepatic dysfunction (rare) penicillin allergy; history of cholestatic jaundice with amoxicillin/clavulanate أوغمنتين أموكسيسيللين/حمض الكلافولانيك قرص بنسلين + مثبط بيتا لاكتاماز العدوى البكتيرية: التنفسية؛ البولية؛ الجلدية؛ الأسنان أبيض بيضاوي إسهال؛ غثيان؛ قيء؛ طفح جلدي؛ خلل كبدي (نادر) حساسية البنسلين؛ تاريخ يرقان ركودي مع أموكسيسيللين/كلافولانيت,augmentin generic amoxicillin/clavulanic acid form tablet class penicillin + beta-lactamase inhibitor indication bacterial infections: respiratory; urinary; skin; dental color white shape oval amoxicillin 875 mg / clavulanic acid 125 mg diarrhea; nausea; vomiting; rash; hepatic dysfunction (rare) penicillin allergy; history of cholestatic jaundice with amoxicillin/clavulanate أوغمنتين أموكسيسيللين/حمض الكلافولانيك قرص بنسلين + مثبط بيتا لاكتاماز العدوى البكتيرية: التنفسية؛ البولية؛ الجلدية؛ الأسنان أبيض بيضاوي إسهال؛ غثيان؛ قيء؛ طفح جلدي؛ خلل كبدي (نادر) حساسية البنسلين؛ تاريخ يرقان ركودي مع أموكسيسيللين/كلافولانيت,أوغمنتين,أموكسيسيللين/حمض الكلافولانيك,بنسلين + مثبط بيتا لاكتاماز,قرص,أبيض,بيضاوي,العدوى البكتيرية: التنفسية؛ البولية؛ الجلدية؛ الأسنان,Prescription,Diarrhea; Nausea; Vomiting; Rash; Hepatic dysfunction (rare),إسهال؛ غثيان؛ قيء؛ طفح جلدي؛ خلل كبدي (نادر),Penicillin allergy; History of cholestatic jaundice with amoxicillin/clavulanate,حساسية البنسلين؛ تاريخ يرقان ركودي مع أموكسيسيللين/كلافولانيت
Amoxil,Amoxicillin,Penicillin,Capsule,Red/Yellow,Capsule,Bacterial infections: respiratory; urinary; ENT; dental,GSK,500 mg,amoxil generic amoxicillin form capsule class penicillin indication bacterial infections: respiratory; urinary; ent; dental color red/yellow shape capsule amoxicillin 500 mg diarrhea; nausea; rash; allergic reactions penicillin allergy; infectious mononucleosis أموكسيل أموكسيسيللين كبسولة بنسلين العدوى البكتيرية: التنفسية؛ البولية؛ الأنف والأذن والحنجرة؛ الأسنان أحمر/أصفر كبسولة إسهال؛ غثيان؛ طفح جلدي؛ تفاعلات تحسسية حساسية البنسلين؛ داء كثرة الوحيدات العدوائية,amoxil generic amoxicillin form capsule class penicillin indication bacterial infections: respiratory; urinary; ent; dental color red/yellow shape capsule amoxicillin 500 mg diarrhea; nausea; rash; allergic reactions penicillin allergy; infectious mononucleosis أموكسيل أموكسيسيللين كبسولة بنسلين العدوى البكتيرية: التنفسية؛ البولية؛ الأنف والأذن والحنجرة؛ الأسنان أحمر/أصفر كبسولة إسهال؛ غثيان؛ طفح جلدي؛ تفاعلات تحسسية حساسية البنسلين؛ داء كثرة الوحيدات العدوائية,أموكسيل,أموكسيسيللين,بنسلين,كبسولة,أحمر/أصفر,كبسولة,العدوى البكتيرية: التنفسية؛ البولية؛ الأنف والأذن والحنجرة؛ الأسنان,Prescription,Diarrhea; Nausea; Rash; Allergic reactions,إسهال؛ غثيان؛ طفح جلدي؛ تفاعلات تحسسية,Penicillin allergy; Infectious mononucleosis,حساسية البنسلين؛ داء كثرة الوحيدات العدوائية
Klacid,Clarithromycin,Macrolide Antibiotic,Tablet,Yellow,Oval,Respiratory tract infections; H. pylori eradication; Skin infections,Abbott,500 mg,klacid generic clarithromycin form tablet class macrolide antibiotic indication respiratory tract infections; h. pylori eradication; skin infections color yellow shape oval clarithromycin 500 mg nausea; diarrhea; abnormal taste; abdominal pain; qt prolongation (rare) concurrent cisapride/pimozide/ergotamine; severe hepatic impairment with renal impairment كلاسيد كلاريثروميسين قرص مضاد حيوي ماكروليد عدوى الجهاز التنفسي؛ القضاء على الملوية البوابية؛ عدوى الجلد أصفر بيضاوي غثيان؛ إسهال؛ تغير الطعم؛ ألم البطن؛ إطالة QT (نادر) الاستخدام المتزامن مع سيسابريد/بيموزيد/إرغوتامين؛ قصور كبدي شديد مع قصور كلوي,klacid generic clarithromycin form tablet class macrolide antibiotic indication respiratory tract infections; h. pylori eradication; skin infections color yellow shape oval clarithromycin 500 mg nausea; diarrhea; abnormal taste; abdominal pain; qt prolongation (rare) concurrent cisapride/pimozide/ergotamine; severe hepatic impairment with renal impairment كلاسيد كلاريثروميسين قرص مضاد حيوي ماكروليد عدوى الجهاز التنفسي؛ القضاء على الملوية البوابية؛ عدوى الجلد أصفر بيضاوي غثيان؛ إسهال؛ تغير الطعم؛ ألم البطن؛ إطالة QT (نادر) الاستخدام المتزامن مع سيسابريد/بيموزيد/إرغوتامين؛ قصور كبدي شديد مع قصور كلوي,كلاسيد,كلاريثروميسين,مضاد حيوي ماكروليد,قرص,أصفر,بيضاوي,عدوى الجهاز التنفسي؛ القضاء على الملوية البوابية؛ عدوى الجلد,Prescription,Nausea; Diarrhea; Abnormal taste; Abdominal pain; QT prolongation (rare),غثيان؛ إسهال؛ تغير الطعم؛ ألم البطن؛ إطالة QT (نادر),Concurrent cisapride/pimozide/ergotamine; Severe hepatic impairment with renal impairment,الاستخدام المتزامن مع سيسابريد/بيموزيد/إرغوتامين؛ قصور كبدي شديد مع قصور كلوي
Zithromax,Azithromycin,Macrolide Antibiotic,Tablet,Pink,Oval,Respiratory infections; Skin infections; Sexually transmitted infections; Otitis media,Pfizer,500 mg,zithromax generic azithromycin form tablet class macrolide antibiotic indication respiratory infections; skin infections; sexually transmitted infections; otitis media color pink shape oval azithromycin 500 mg nausea; diarrhea; abdominal pain; qt prolongation (rare) macrolide allergy; severe hepatic impairment; history of qt prolongation زيثروماكس أزيثروميسين قرص مضاد حيوي ماكروليد عدوى تنفسية؛ عدوى الجلد؛ أمراض منقولة جنسياً؛ التهاب الأذن الوسطى وردي بيضاوي غثيان؛ إسهال؛ ألم البطن؛ إطالة QT (نادر) حساسية الماكروليد؛ قصور كبدي شديد؛ تاريخ إطالة QT,zithromax generic azithromycin form tablet class macrolide antibiotic indication respiratory infections; skin infections; sexually transmitted infections; otitis media color pink shape oval azithromycin 500 mg nausea; diarrhea; abdominal pain; qt prolongation (rare) macrolide allergy; severe hepatic impairment; history of qt prolongation زيثروماكس أزيثروميسين قرص مضاد حيوي ماكروليد عدوى تنفسية؛ عدوى الجلد؛ أمراض منقولة جنسياً؛ التهاب الأذن الوسطى وردي بيضاوي غثيان؛ إسهال؛ ألم البطن؛ إطالة QT (نادر) حساسية الماكروليد؛ قصور كبدي شديد؛ تاريخ إطالة QT,زيثروماكس,أزيثروميسين,مضاد حيوي ماكروليد,قرص,وردي,بيضاوي,عدوى تنفسية؛ عدوى الجلد؛ أمراض منقولة جنسياً؛ التهاب الأذن الوسطى,Prescription,Nausea; Diarrhea; Abdominal pain; QT prolongation (rare),غثيان؛ إسهال؛ ألم البطن؛ إطالة QT (نادر),Macrolide allergy; Severe hepatic impairment; History of QT prolongation,حساسية الماكروليد؛ قصور كبدي شديد؛ تاريخ إطالة QT
Ciprobay,Ciprofloxacin,Fluoroquinolone Antibiotic,Tablet,White,Oval,Urinary tract infections; Respiratory infections; GI infections; Bone/joint infections,Bayer,500 mg,ciprobay generic ciprofloxacin form tablet class fluoroquinolone antibiotic indication urinary tract infections; respiratory infections; gi infections; bone/joint infections color white shape oval ciprofloxacin hcl 500 mg nausea; diarrhea; tendon rupture; dizziness; photosensitivity concurrent tizanidine; children (growth plate); tendon disorders with fluoroquinolones سيبروباي سيبروفلوكساسين قرص مضاد حيوي فلوروكينولون عدوى المسالك البولية؛ عدوى تنفسية؛ عدوى الجهاز الهضمي؛ عدوى العظام/المفاصل أبيض بيضاوي غثيان؛ إسهال؛ تمزق الأوتار؛ دوخة؛ حساسية للضوء الاستخدام المتزامن مع تيزانيدين؛ الأطفال (صفائح النمو)؛ اضطرابات الأوتار مع الفلوروكينولونات,ciprobay generic ciprofloxacin form tablet class fluoroquinolone antibiotic indication urinary tract infections; respiratory infections; gi infections; bone/joint infections color white shape oval ciprofloxacin hcl 500 mg nausea; diarrhea; tendon rupture; dizziness; photosensitivity concurrent tizanidine; children (growth plate); tendon disorders with fluoroquinolones سيبروباي سيبروفلوكساسين قرص مضاد حيوي فلوروكينولون عدوى المسالك البولية؛ عدوى تنفسية؛ عدوى الجهاز الهضمي؛ عدوى العظام/المفاصل أبيض بيضاوي غثيان؛ إسهال؛ تمزق الأوتار؛ دوخة؛ حساسية للضوء الاستخدام المتزامن مع تيزانيدين؛ الأطفال (صفائح النمو)؛ اضطرابات الأوتار مع الفلوروكينولونات,سيبروباي,سيبروفلوكساسين,مضاد حيوي فلوروكينولون,قرص,أبيض,بيضاوي,عدوى المسالك البولية؛ عدوى تنفسية؛ عدوى الجهاز الهضمي؛ عدوى العظام/المفاصل,Prescription,Nausea; Diarrhea; Tendon rupture; Dizziness; Photosensitivity,غثيان؛ إسهال؛ تمزق الأوتار؛ دوخة؛ حساسية للضوء,Concurrent tizanidine; Children (growth plate); Tendon disorders with fluoroquinolones,الاستخدام المتزامن مع تيزانيدين؛ الأطفال (صفائح النمو)؛ اضطرابات الأوتار مع الفلوروكينولونات
Tavanic,Levofloxacin,Fluoroquinolone Antibiotic,Tablet,Pink,Capsule-shaped,Pneumonia; Urinary tract infections; Sinusitis; Skin infections,Sanofi,500 mg,tavanic generic levofloxacin form tablet class fluoroquinolone antibiotic indication pneumonia; urinary tract infections; sinusitis; skin infections color pink shape capsule-shaped levofloxacin 500 mg nausea; diarrhea; tendon rupture; insomnia; headache epilepsy; tendon disorders with fluoroquinolones; children; pregnancy تافانيك ليفوفلوكساسين قرص مضاد حيوي فلوروكينولون الالتهاب الرئوي؛ عدوى المسالك البولية؛ التهاب الجيوب الأنفية؛ عدوى الجلد وردي على شكل كبسولة غثيان؛ إسهال؛ تمزق الأوتار؛ أرق؛ صداع الصرع؛ اضطرابات الأوتار مع الفلوروكينولونات؛ الأطفال؛ الحمل,tavanic generic levofloxacin form tablet class fluoroquinolone antibiotic indication pneumonia; urinary tract infections; sinusitis; skin infections color pink shape capsule-shaped levofloxacin 500 mg nausea; diarrhea; tendon rupture; insomnia; headache epilepsy; tendon disorders with fluoroquinolones; children; pregnancy تافانيك ليفوفلوكساسين قرص مضاد حيوي فلوروكينولون الالتهاب الرئوي؛ عدوى المسالك البولية؛ التهاب الجيوب الأنفية؛ عدوى الجلد وردي على شكل كبسولة غثيان؛ إسهال؛ تمزق الأوتار؛ أرق؛ صداع الصرع؛ اضطرابات الأوتار مع الفلوروكينولونات؛ الأطفال؛ الحمل,تافانيك,ليفوفلوكساسين,مضاد حيوي فلوروكينولون,قرص,وردي,على شكل كبسولة,الالتهاب الرئوي؛ عدوى المسالك البولية؛ التهاب الجيوب الأنفية؛ عدوى الجلد,Prescription,Nausea; Diarrhea; Tendon rupture; Insomnia; Headache,غثيان؛ إسهال؛ تمزق الأوتار؛ أرق؛ صداع,Epilepsy; Tendon disorders with fluoroquinolones; Children; Pregnancy,الصرع؛ اضطرابات الأوتار مع الفلوروكينولونات؛ الأطفال؛ الحمل
Suprax,Cefixime,Cephalosporin (3rd Generation),Capsule,White/Purple,Capsule,Respiratory infections; Urinary tract infections; Otitis media; Gonorrhea,Sanofi,400 mg,suprax generic cefixime form capsule class cephalosporin (3rd generation) indication respiratory infections; urinary tract infections; otitis media; gonorrhea color white/purple shape capsule cefixime 400 mg diarrhea; nausea; abdominal pain; headache cephalosporin allergy; severe penicillin allergy (cross-reactivity) سوبراكس سيفيكسيم كبسولة سيفالوسبورين (الجيل الثالث) عدوى تنفسية؛ عدوى المسالك البولية؛ التهاب الأذن الوسطى؛ السيلان أبيض/بنفسجي كبسولة إسهال؛ غثيان؛ ألم البطن؛ صداع حساسية السيفالوسبورين؛ حساسية شديدة للبنسلين (تفاعل تبادلي),suprax generic cefixime form capsule class cephalosporin (3rd generation) indication respiratory infections; urinary tract infections; otitis media; gonorrhea color white/purple shape capsule cefixime 400 mg diarrhea; nausea; abdominal pain; headache cephalosporin allergy; severe penicillin allergy (cross-reactivity) سوبراكس سيفيكسيم كبسولة سيفالوسبورين (الجيل الثالث) عدوى تنفسية؛ عدوى المسالك البولية؛ التهاب الأذن الوسطى؛ السيلان أبيض/بنفسجي كبسولة إسهال؛ غثيان؛ ألم البطن؛ صداع حساسية السيفالوسبورين؛ حساسية شديدة للبنسلين (تفاعل تبادلي),سوبراكس,سيفيكسيم,سيفالوسبورين (الجيل الثالث),كبسولة,أبيض/بنفسجي,كبسولة,عدوى تنفسية؛ عدوى المسالك البولية؛ التهاب الأذن الوسطى؛ السيلان,Prescription,Diarrhea; Nausea; Abdominal pain; Headache,إسهال؛ غثيان؛ ألم البطن؛ صداع,Cephalosporin allergy; Severe penicillin allergy (cross-reactivity),حساسية السيفالوسبورين؛ حساسية شديدة للبنسلين (تفاعل تبادلي)
Zinnat,Cefuroxime,Cephalosporin (2nd Generation),Tablet,White,Oval,Respiratory infections; Urinary tract infections; Skin infections; Lyme disease,GSK,500 mg,zinnat generic cefuroxime form tablet class cephalosporin (2nd generation) indication respiratory infections; urinary tract infections; skin infections; lyme disease color white shape oval cefuroxime axetil 500 mg diarrhea; nausea; headache; dizziness cephalosporin allergy زينات سيفوروكسيم قرص سيفالوسبورين (الجيل الثاني) عدوى تنفسية؛ عدوى المسالك البولية؛ عدوى الجلد؛ مرض لايم أبيض بيضاوي إسهال؛ غثيان؛ صداع؛ دوخة حساسية السيفالوسبورين,zinnat generic cefuroxime form tablet class cephalosporin (2nd generation) indication respiratory infections; urinary tract infections; skin infections; lyme disease color white shape oval cefuroxime axetil 500 mg diarrhea; nausea; headache; dizziness cephalosporin allergy زينات سيفوروكسيم قرص سيفالوسبورين (الجيل الثاني) عدوى تنفسية؛ عدوى المسالك البولية؛ عدوى الجلد؛ مرض لايم أبيض بيضاوي إسهال؛ غثيان؛ صداع؛ دوخة حساسية السيفالوسبورين,زينات,سيفوروكسيم,سيفالوسبورين (الجيل الثاني),قرص,أبيض,بيضاوي,عدوى تنفسية؛ عدوى المسالك البولية؛ عدوى الجلد؛ مرض لايم,Prescription,Diarrhea; Nausea; Headache; Dizziness,إسهال؛ غثيان؛ صداع؛ دوخة,Cephalosporin allergy,حساسية السيفالوسبورين
Flagyl,Metronidazole,Nitroimidazole Antibiotic,Tablet,White,Round,Anaerobic infections; Amoebiasis; Giardiasis; H. pylori (combination); Dental infections,Sanofi,500 mg,flagyl generic metronidazole form tablet class nitroimidazole antibiotic indication anaerobic infections; amoebiasis; giardiasis; h. pylori (combination); dental infections color white shape round metronidazole 500 mg nausea; metallic taste; headache; peripheral neuropathy (prolonged use) first trimester pregnancy; alcohol consumption during treatment; severe hepatic impairment فلاجيل ميترونيدازول قرص مضاد حيوي نيتروإيميدازول عدوى لاهوائية؛ داء الأميبات؛ الجيارديا؛ الملوية البوابية (مشترك)؛ عدوى الأسنان أبيض دائري غثيان؛ طعم معدني؛ صداع؛ اعتلال الأعصاب المحيطية (استخدام مطول) الثلث الأول من الحمل؛ تناول الكحول أثناء العلاج؛ قصور كبدي شديد,flagyl generic metronidazole form tablet class nitroimidazole antibiotic indication anaerobic infections; amoebiasis; giardiasis; h. pylori (combination); dental infections color white shape round metronidazole 500 mg nausea; metallic taste; headache; peripheral neuropathy (prolonged use) first trimester pregnancy; alcohol consumption during treatment; severe hepatic impairment فلاجيل ميترونيدازول قرص مضاد حيوي نيتروإيميدازول عدوى لاهوائية؛ داء الأميبات؛ الجيارديا؛ الملوية البوابية (مشترك)؛ عدوى الأسنان أبيض دائري غثيان؛ طعم معدني؛ صداع؛ اعتلال الأعصاب المحيطية (استخدام مطول) الثلث الأول من الحمل؛ تناول الكحول أثناء العلاج؛ قصور كبدي شديد,فلاجيل,ميترونيدازول,مضاد حيوي نيتروإيميدازول,قرص,أبيض,دائري,عدوى لاهوائية؛ داء الأميبات؛ الجيارديا؛ الملوية البوابية (مشترك)؛ عدوى الأسنان,Prescription,Nausea; Metallic taste; Headache; Peripheral neuropathy (prolonged use),غثيان؛ طعم معدني؛ صداع؛ اعتلال الأعصاب المحيطية (استخدام مطول),First trimester pregnancy; Alcohol consumption during treatment; Severe hepatic impairment,الثلث الأول من الحمل؛ تناول الكحول أثناء العلاج؛ قصور كبدي شديد
Vibramycin,Doxycycline,Tetracycline Antibiotic,Capsule,Blue/White,Capsule,Acne; Respiratory infections; Malaria prophylaxis; Chlamydia; Lyme disease,Pfizer,100 mg,vibramycin generic doxycycline form capsule class tetracycline antibiotic indication acne; respiratory infections; malaria prophylaxis; chlamydia; lyme disease color blue/white shape capsule doxycycline hyclate 100 mg photosensitivity; nausea; esophageal irritation; diarrhea children <8 years; pregnancy; breastfeeding; severe hepatic impairment فايبراميسين دوكسيسايكلين كبسولة مضاد حيوي تتراسايكلين حب الشباب؛ عدوى تنفسية؛ الوقاية من الملاريا؛ الكلاميديا؛ مرض لايم أزرق/أبيض كبسولة حساسية للضوء؛ غثيان؛ تهيج المريء؛ إسهال الأطفال أقل من 8 سنوات؛ الحمل؛ الرضاعة؛ قصور كبدي شديد,vibramycin generic doxycycline form capsule class tetracycline antibiotic indication acne; respiratory infections; malaria prophylaxis; chlamydia; lyme disease color blue/white shape capsule doxycycline hyclate 100 mg photosensitivity; nausea; esophageal irritation; diarrhea children <8 years; pregnancy; breastfeeding; severe hepatic impairment فايبراميسين دوكسيسايكلين كبسولة مضاد حيوي تتراسايكلين حب الشباب؛ عدوى تنفسية؛ الوقاية من الملاريا؛ الكلاميديا؛ مرض لايم أزرق/أبيض كبسولة حساسية للضوء؛ غثيان؛ تهيج المريء؛ إسهال الأطفال أقل من 8 سنوات؛ الحمل؛ الرضاعة؛ قصور كبدي شديد,فايبراميسين,دوكسيسايكلين,مضاد حيوي تتراسايكلين,كبسولة,أزرق/أبيض,كبسولة,حب الشباب؛ عدوى تنفسية؛ الوقاية من الملاريا؛ الكلاميديا؛ مرض لايم,Prescription,Photosensitivity; Nausea; Esophageal irritation; Diarrhea,حساسية للضوء؛ غثيان؛ تهيج المريء؛ إسهال,Children <8 years; Pregnancy; Breastfeeding; Severe hepatic impairment,الأطفال أقل من 8 سنوات؛ الحمل؛ الرضاعة؛ قصور كبدي شديد
Bactrim,Trimethoprim/Sulfamethoxazole,Sulfonamide + Trimethoprim,Tablet,White,Oval,Urinary tract infections; Respiratory infections; PCP prophylaxis,Roche,160/800 mg,bactrim generic trimethoprim/sulfamethoxazole form tablet class sulfonamide + trimethoprim indication urinary tract infections; respiratory infections; pcp prophylaxis color white shape oval tmp 160 mg / smx 800 mg nausea; rash; photosensitivity; blood dyscrasias (rare); hyperkalemia sulfonamide allergy; severe hepatic/renal impairment; pregnancy (third trimester); g6pd deficiency باكتريم تريميثوبريم/سلفاميثوكسازول قرص سلفوناميد + تريميثوبريم عدوى المسالك البولية؛ عدوى تنفسية؛ الوقاية من الالتهاب الرئوي أبيض بيضاوي غثيان؛ طفح جلدي؛ حساسية للضوء؛ اضطرابات الدم (نادرة)؛ فرط بوتاسيوم الدم حساسية السلفوناميد؛ قصور كبدي/كلوي شديد؛ الحمل (الثلث الأخير)؛ نقص G6PD,bactrim generic trimethoprim/sulfamethoxazole form tablet class sulfonamide + trimethoprim indication urinary tract infections; respiratory infections; pcp prophylaxis color white shape oval tmp 160 mg / smx 800 mg nausea; rash; photosensitivity; blood dyscrasias (rare); hyperkalemia sulfonamide allergy; severe hepatic/renal impairment; pregnancy (third trimester); g6pd deficiency باكتريم تريميثوبريم/سلفاميثوكسازول قرص سلفوناميد + تريميثوبريم عدوى المسالك البولية؛ عدوى تنفسية؛ الوقاية من الالتهاب الرئوي أبيض بيضاوي غثيان؛ طفح جلدي؛ حساسية للضوء؛ اضطرابات الدم (نادرة)؛ فرط بوتاسيوم الدم حساسية السلفوناميد؛ قصور كبدي/كلوي شديد؛ الحمل (الثلث الأخير)؛ نقص G6PD,باكتريم,تريميثوبريم/سلفاميثوكسازول,سلفوناميد + تريميثوبريم,قرص,أبيض,بيضاوي,عدوى المسالك البولية؛ عدوى تنفسية؛ الوقاية من الالتهاب الرئوي,Prescription,Nausea; Rash; Photosensitivity; Blood dyscrasias (rare); Hyperkalemia,غثيان؛ طفح جلدي؛ حساسية للضوء؛ اضطرابات الدم (نادرة)؛ فرط بوتاسيوم الدم,Sulfonamide allergy; Severe hepatic/renal impairment; Pregnancy (third trimester); G6PD deficiency,حساسية السلفوناميد؛ قصور كبدي/كلوي شديد؛ الحمل (الثلث الأخير)؛ نقص G6PD
Rocephin,Ceftriaxone,Cephalosporin (3rd Generation),Injection,White powder,Vial,Severe bacterial infections; Meningitis; Gonorrhea; Surgical prophylaxis,Roche,1 g (IV/IM),rocephin generic ceftriaxone form injection class cephalosporin (3rd generation) indication severe bacterial infections; meningitis; gonorrhea; surgical prophylaxis color white powder shape vial ceftriaxone sodium 1 g diarrhea; rash; injection site pain; biliary sludge cephalosporin allergy; neonates with hyperbilirubinemia; concurrent iv calcium in neonates روسيفين سيفترياكسون حقن سيفالوسبورين (الجيل الثالث) عدوى بكتيرية شديدة؛ التهاب السحايا؛ السيلان؛ الوقاية الجراحية مسحوق أبيض قارورة إسهال؛ طفح جلدي؛ ألم موضع الحقن؛ حمأة صفراوية حساسية السيفالوسبورين؛ حديثو الولادة مع فرط البيليروبين؛ الكالسيوم الوريدي المتزامن عند الرضع,rocephin generic ceftriaxone form injection class cephalosporin (3rd generation) indication severe bacterial infections; meningitis; gonorrhea; surgical prophylaxis color white powder shape vial ceftriaxone sodium 1 g diarrhea; rash; injection site pain; biliary sludge cephalosporin allergy; neonates with hyperbilirubinemia; concurrent iv calcium in neonates روسيفين سيفترياكسون حقن سيفالوسبورين (الجيل الثالث) عدوى بكتيرية شديدة؛ التهاب السحايا؛ السيلان؛ الوقاية الجراحية مسحوق أبيض قارورة إسهال؛ طفح جلدي؛ ألم موضع الحقن؛ حمأة صفراوية حساسية السيفالوسبورين؛ حديثو الولادة مع فرط البيليروبين؛ الكالسيوم الوريدي المتزامن عند الرضع,روسيفين,سيفترياكسون,سيفالوسبورين (الجيل الثالث),حقن,مسحوق أبيض,قارورة,عدوى بكتيرية شديدة؛ التهاب السحايا؛ السيلان؛ الوقاية الجراحية,Prescription,Diarrhea; Rash; Injection site pain; Biliary sludge,إسهال؛ طفح جلدي؛ ألم موضع الحقن؛ حمأة صفراوية,Cephalosporin allergy; Neonates with hyperbilirubinemia; Concurrent IV calcium in neonates,حساسية السيفالوسبورين؛ حديثو الولادة مع فرط البيليروبين؛ الكالسيوم الوريدي المتزامن عند الرضع
Dalacin C,Clindamycin,Lincosamide Antibiotic,Capsule,Purple/White,Capsule,Bone infections; Skin infections; Dental infections; Pelvic infections,Pfizer,300 mg,dalacin c generic clindamycin form capsule class lincosamide antibiotic indication bone infections; skin infections; dental infections; pelvic infections color purple/white shape capsule clindamycin hcl 300 mg diarrhea; c. difficile colitis; nausea; rash; abdominal pain clindamycin/lincomycin allergy; history of c. difficile colitis دالاسين سي كلينداميسين كبسولة مضاد حيوي لينكوسامايد عدوى العظام؛ عدوى الجلد؛ عدوى الأسنان؛ عدوى الحوض بنفسجي/أبيض كبسولة إسهال؛ التهاب القولون بالمطثية العسيرة؛ غثيان؛ طفح جلدي؛ ألم البطن حساسية الكلينداميسين/لينكومايسين؛ تاريخ التهاب القولون بالمطثية العسيرة,dalacin c generic clindamycin form capsule class lincosamide antibiotic indication bone infections; skin infections; dental infections; pelvic infections color purple/white shape capsule clindamycin hcl 300 mg diarrhea; c. difficile colitis; nausea; rash; abdominal pain clindamycin/lincomycin allergy; history of c. difficile colitis دالاسين سي كلينداميسين كبسولة مضاد حيوي لينكوسامايد عدوى العظام؛ عدوى الجلد؛ عدوى الأسنان؛ عدوى الحوض بنفسجي/أبيض كبسولة إسهال؛ التهاب القولون بالمطثية العسيرة؛ غثيان؛ طفح جلدي؛ ألم البطن حساسية الكلينداميسين/لينكومايسين؛ تاريخ التهاب القولون بالمطثية العسيرة,دالاسين سي,كلينداميسين,مضاد حيوي لينكوسامايد,كبسولة,بنفسجي/أبيض,كبسولة,عدوى العظام؛ عدوى الجلد؛ عدوى الأسنان؛ عدوى الحوض,Prescription,Diarrhea; C. difficile colitis; Nausea; Rash; Abdominal pain,إسهال؛ التهاب القولون بالمطثية العسيرة؛ غثيان؛ طفح جلدي؛ ألم البطن,Clindamycin/lincomycin allergy; History of C. difficile colitis,حساسية الكلينداميسين/لينكومايسين؛ تاريخ التهاب القولون بالمطثية العسيرة
Amoxicillin Suspension,Amoxicillin,Penicillin,Suspension,Pink liquid,Bottle,Bacterial infections in children: respiratory; ear; urinary,Various,250 mg/5 mL,amoxicillin suspension generic amoxicillin form suspension class penicillin indication bacterial infections in children: respiratory; ear; urinary color pink liquid shape bottle amoxicillin 250 mg/5 ml diarrhea; nausea; rash; allergic reactions penicillin allergy; infectious mononucleosis أموكسيسيللين معلق أموكسيسيللين معلق بنسلين عدوى بكتيرية عند الأطفال: تنفسية؛ الأذن؛ بولية سائل وردي زجاجة إسهال؛ غثيان؛ طفح جلدي؛ تفاعلات تحسسية حساسية البنسلين؛ داء كثرة الوحيدات العدوائية,amoxicillin suspension generic amoxicillin form suspension class penicillin indication bacterial infections in children: respiratory; ear; urinary color pink liquid shape bottle amoxicillin 250 mg/5 ml diarrhea; nausea; rash; allergic reactions penicillin allergy; infectious mononucleosis أموكسيسيللين معلق أموكسيسيللين معلق بنسلين عدوى بكتيرية عند الأطفال: تنفسية؛ الأذن؛ بولية سائل وردي زجاجة إسهال؛ غثيان؛ طفح جلدي؛ تفاعلات تحسسية حساسية البنسلين؛ داء كثرة الوحيدات العدوائية,أموكسيسيللين معلق,أموكسيسيللين,بنسلين,معلق,سائل وردي,زجاجة,عدوى بكتيرية عند الأطفال: تنفسية؛ الأذن؛ بولية,Prescription,Diarrhea; Nausea; Rash; Allergic reactions,إسهال؛ غثيان؛ طفح جلدي؛ تفاعلات تحسسية,Penicillin allergy; Infectious mononucleosis,حساسية البنسلين؛ داء كثرة الوحيدات العدوائية
Ceclor,Cefaclor,Cephalosporin (2nd Generation),Capsule,Purple,Capsule,Respiratory infections; Urinary tract infections; Skin infections; Otitis media,Eli Lilly,500 mg,ceclor generic cefaclor form capsule class cephalosporin (2nd generation) indication respiratory infections; urinary tract infections; skin infections; otitis media color purple shape capsule cefaclor 500 mg diarrhea; nausea; serum sickness-like reaction (rare); rash cephalosporin allergy سيكلور سيفاكلور كبسولة سيفالوسبورين (الجيل الثاني) عدوى تنفسية؛ عدوى المسالك البولية؛ عدوى الجلد؛ التهاب الأذن الوسطى بنفسجي كبسولة إسهال؛ غثيان؛ تفاعل شبيه بداء المصل (نادر)؛ طفح جلدي حساسية السيفالوسبورين,ceclor generic cefaclor form capsule class cephalosporin (2nd generation) indication respiratory infections; urinary tract infections; skin infections; otitis media color purple shape capsule cefaclor 500 mg diarrhea; nausea; serum sickness-like reaction (rare); rash cephalosporin allergy سيكلور سيفاكلور كبسولة سيفالوسبورين (الجيل الثاني) عدوى تنفسية؛ عدوى المسالك البولية؛ عدوى الجلد؛ التهاب الأذن الوسطى بنفسجي كبسولة إسهال؛ غثيان؛ تفاعل شبيه بداء المصل (نادر)؛ طفح جلدي حساسية السيفالوسبورين,سيكلور,سيفاكلور,سيفالوسبورين (الجيل الثاني),كبسولة,بنفسجي,كبسولة,عدوى تنفسية؛ عدوى المسالك البولية؛ عدوى الجلد؛ التهاب الأذن الوسطى,Prescription,Diarrhea; Nausea; Serum sickness-like reaction (rare); Rash,إسهال؛ غثيان؛ تفاعل شبيه بداء المصل (نادر)؛ طفح جلدي,Cephalosporin allergy,حساسية السيفالوسبورين
Diflucan,Fluconazole,Azole Antifungal,Capsule,Blue/White,Capsule,"Candidiasis (vaginal, oral, systemic); Cryptococcal meningitis",Pfizer,150 mg,"diflucan generic fluconazole form capsule class azole antifungal indication candidiasis (vaginal, oral, systemic); cryptococcal meningitis color blue/white shape capsule fluconazole 150 mg nausea; headache; abdominal pain; diarrhea; hepatotoxicity (rare) concurrent terfenadine (high dose fluconazole); severe hepatic impairment ديفلوكان فلوكونازول كبسولة مضاد فطري أزولي داء المبيضات (المهبلي، الفموي، الجهازي)؛ التهاب السحايا بالمكورات الخفية أزرق/أبيض كبسولة غثيان؛ صداع؛ ألم البطن؛ إسهال؛ سمية كبدية (نادرة) الاستخدام المتزامن مع تيرفينادين (جرعة فلوكونازول العالية)؛ قصور كبدي شديد","diflucan generic fluconazole form capsule class azole antifungal indication candidiasis (vaginal, oral, systemic); cryptococcal meningitis color blue/white shape capsule fluconazole 150 mg nausea; headache; abdominal pain; diarrhea; hepatotoxicity (rare) concurrent terfenadine (high dose fluconazole); severe hepatic impairment ديفلوكان فلوكونازول كبسولة مضاد فطري أزولي داء المبيضات (المهبلي، الفموي، الجهازي)؛ التهاب السحايا بالمكورات الخفية أزرق/أبيض كبسولة غثيان؛ صداع؛ ألم البطن؛ إسهال؛ سمية كبدية (نادرة) الاستخدام المتزامن مع تيرفينادين (جرعة فلوكونازول العالية)؛ قصور كبدي شديد",ديفلوكان,فلوكونازول,مضاد فطري أزولي,كبسولة,أزرق/أبيض,كبسولة,داء المبيضات (المهبلي، الفموي، الجهازي)؛ التهاب السحايا بالمكورات الخفية,Prescription,Nausea; Headache; Abdominal pain; Diarrhea; Hepatotoxicity (rare),غثيان؛ صداع؛ ألم البطن؛ إسهال؛ سمية كبدية (نادرة),Concurrent terfenadine (high dose fluconazole); Severe hepatic impairment,الاستخدام المتزامن مع تيرفينادين (جرعة فلوكونازول العالية)؛ قصور كبدي شديد
Cefazolin,Cefazolin,Cephalosporin (1st Generation),Injection,White powder,Vial,Surgical prophylaxis; Skin infections; Bone infections; Endocarditis,Various,1 g (IV/IM),cefazolin generic cefazolin form injection class cephalosporin (1st generation) indication surgical prophylaxis; skin infections; bone infections; endocarditis color white powder shape vial cefazolin sodium 1 g injection site pain; rash; diarrhea; nausea cephalosporin allergy سيفازولين سيفازولين حقن سيفالوسبورين (الجيل الأول) الوقاية الجراحية؛ عدوى الجلد؛ عدوى العظام؛ التهاب الشغاف مسحوق أبيض قارورة ألم موضع الحقن؛ طفح جلدي؛ إسهال؛ غثيان حساسية السيفالوسبورين,cefazolin generic cefazolin form injection class cephalosporin (1st generation) indication surgical prophylaxis; skin infections; bone infections; endocarditis color white powder shape vial cefazolin sodium 1 g injection site pain; rash; diarrhea; nausea cephalosporin allergy سيفازولين سيفازولين حقن سيفالوسبورين (الجيل الأول) الوقاية الجراحية؛ عدوى الجلد؛ عدوى العظام؛ التهاب الشغاف مسحوق أبيض قارورة ألم موضع الحقن؛ طفح جلدي؛ إسهال؛ غثيان حساسية السيفالوسبورين,سيفازولين,سيفازولين,سيفالوسبورين (الجيل الأول),حقن,مسحوق أبيض,قارورة,الوقاية الجراحية؛ عدوى الجلد؛ عدوى العظام؛ التهاب الشغاف,Prescription,Injection site pain; Rash; Diarrhea; Nausea,ألم موضع الحقن؛ طفح جلدي؛ إسهال؛ غثيان,Cephalosporin allergy,حساسية السيفالوسبورين
Tienam,Imipenem/Cilastatin,Carbapenem Antibiotic,Injection,White powder,Vial,Severe hospital-acquired infections; Polymicrobial infections; Intra-abdominal infections,MSD,500/500 mg (IV),tienam generic imipenem/cilastatin form injection class carbapenem antibiotic indication severe hospital-acquired infections; polymicrobial infections; intra-abdominal infections color white powder shape vial imipenem 500 mg / cilastatin 500 mg nausea; diarrhea; seizures (rare); injection site reactions; rash carbapenem allergy; cns disorders (increased seizure risk) تينام إيميبينيم/سيلاستاتين حقن مضاد حيوي كاربابينيم عدوى شديدة مكتسبة بالمستشفى؛ عدوى متعددة الميكروبات؛ عدوى داخل البطن مسحوق أبيض قارورة غثيان؛ إسهال؛ نوبات صرع (نادرة)؛ تفاعلات موضع الحقن؛ طفح جلدي حساسية الكاربابينيم؛ اضطرابات الجهاز العصبي المركزي (زيادة خطر النوبات),tienam generic imipenem/cilastatin form injection class carbapenem antibiotic indication severe hospital-acquired infections; polymicrobial infections; intra-abdominal infections color white powder shape vial imipenem 500 mg / cilastatin 500 mg nausea; diarrhea; seizures (rare); injection site reactions; rash carbapenem allergy; cns disorders (increased seizure risk) تينام إيميبينيم/سيلاستاتين حقن مضاد حيوي كاربابينيم عدوى شديدة مكتسبة بالمستشفى؛ عدوى متعددة الميكروبات؛ عدوى داخل البطن مسحوق أبيض قارورة غثيان؛ إسهال؛ نوبات صرع (نادرة)؛ تفاعلات موضع الحقن؛ طفح جلدي حساسية الكاربابينيم؛ اضطرابات الجهاز العصبي المركزي (زيادة خطر النوبات),تينام,إيميبينيم/سيلاستاتين,مضاد حيوي كاربابينيم,حقن,مسحوق أبيض,قارورة,عدوى شديدة مكتسبة بالمستشفى؛ عدوى متعددة الميكروبات؛ عدوى داخل البطن,Prescription,Nausea; Diarrhea; Seizures (rare); Injection site reactions; Rash,غثيان؛ إسهال؛ نوبات صرع (نادرة)؛ تفاعلات موضع الحقن؛ طفح جلدي,Carbapenem allergy; CNS disorders (increased seizure risk),حساسية الكاربابينيم؛ اضطرابات الجهاز العصبي المركزي (زيادة خطر النوبات)
Vancomycin,Vancomycin,Glycopeptide Antibiotic,Injection,White powder,Vial,MRSA infections; C. difficile (oral); Endocarditis; Meningitis,Various,1 g (IV),vancomycin generic vancomycin form injection class glycopeptide antibiotic indication mrsa infections; c. difficile (oral); endocarditis; meningitis color white powder shape vial vancomycin hcl 1 g red man syndrome; nephrotoxicity; ototoxicity; phlebitis; neutropenia vancomycin allergy; hearing loss (relative) فانكومايسين فانكومايسين حقن مضاد حيوي غليكوببتيد عدوى MRSA؛ المطثية العسيرة (فموي)؛ التهاب الشغاف؛ التهاب السحايا مسحوق أبيض قارورة متلازمة الرجل الأحمر؛ سمية كلوية؛ سمية أذنية؛ التهاب الوريد؛ قلة العدلات حساسية الفانكومايسين؛ فقدان السمع (نسبي),vancomycin generic vancomycin form injection class glycopeptide antibiotic indication mrsa infections; c. difficile (oral); endocarditis; meningitis color white powder shape vial vancomycin hcl 1 g red man syndrome; nephrotoxicity; ototoxicity; phlebitis; neutropenia vancomycin allergy; hearing loss (relative) فانكومايسين فانكومايسين حقن مضاد حيوي غليكوببتيد عدوى MRSA؛ المطثية العسيرة (فموي)؛ التهاب الشغاف؛ التهاب السحايا مسحوق أبيض قارورة متلازمة الرجل الأحمر؛ سمية كلوية؛ سمية أذنية؛ التهاب الوريد؛ قلة العدلات حساسية الفانكومايسين؛ فقدان السمع (نسبي),فانكومايسين,فانكومايسين,مضاد حيوي غليكوببتيد,حقن,مسحوق أبيض,قارورة,عدوى MRSA؛ المطثية العسيرة (فموي)؛ التهاب الشغاف؛ التهاب السحايا,Prescription,Red man syndrome; Nephrotoxicity; Ototoxicity; Phlebitis; Neutropenia,متلازمة الرجل الأحمر؛ سمية كلوية؛ سمية أذنية؛ التهاب الوريد؛ قلة العدلات,Vancomycin allergy; Hearing loss (relative),حساسية الفانكومايسين؛ فقدان السمع (نسبي)
Nitrofurantoin,Nitrofurantoin,Nitrofuran Antibiotic,Capsule,Yellow/Black,Capsule,Urinary tract infections (uncomplicated); UTI prophylaxis,Various,100 mg,nitrofurantoin generic nitrofurantoin form capsule class nitrofuran antibiotic indication urinary tract infections (uncomplicated); uti prophylaxis color yellow/black shape capsule nitrofurantoin 100 mg nausea; headache; flatulence; pulmonary toxicity (chronic use) severe renal impairment (crcl <30); g6pd deficiency; pregnancy (term); neonates نيتروفورانتوين نيتروفورانتوين كبسولة مضاد حيوي نيتروفوران عدوى المسالك البولية (غير معقدة)؛ الوقاية من عدوى المسالك البولية أصفر/أسود كبسولة غثيان؛ صداع؛ انتفاخ؛ سمية رئوية (استخدام مزمن) قصور كلوي شديد؛ نقص G6PD؛ الحمل (نهاية)؛ حديثو الولادة,nitrofurantoin generic nitrofurantoin form capsule class nitrofuran antibiotic indication urinary tract infections (uncomplicated); uti prophylaxis color yellow/black shape capsule nitrofurantoin 100 mg nausea; headache; flatulence; pulmonary toxicity (chronic use) severe renal impairment (crcl <30); g6pd deficiency; pregnancy (term); neonates نيتروفورانتوين نيتروفورانتوين كبسولة مضاد حيوي نيتروفوران عدوى المسالك البولية (غير معقدة)؛ الوقاية من عدوى المسالك البولية أصفر/أسود كبسولة غثيان؛ صداع؛ انتفاخ؛ سمية رئوية (استخدام مزمن) قصور كلوي شديد؛ نقص G6PD؛ الحمل (نهاية)؛ حديثو الولادة,نيتروفورانتوين,نيتروفورانتوين,مضاد حيوي نيتروفوران,كبسولة,أصفر/أسود,كبسولة,عدوى المسالك البولية (غير معقدة)؛ الوقاية من عدوى المسالك البولية,Prescription,Nausea; Headache; Flatulence; Pulmonary toxicity (chronic use),غثيان؛ صداع؛ انتفاخ؛ سمية رئوية (استخدام مزمن),Severe renal impairment (CrCl <30); G6PD deficiency; Pregnancy (term); Neonates,قصور كلوي شديد؛ نقص G6PD؛ الحمل (نهاية)؛ حديثو الولادة
Meropenem,Meropenem,Carbapenem Antibiotic,Injection,White powder,Vial,Severe hospital-acquired infections; Meningitis; Febrile neutropenia,AstraZeneca,1 g (IV),meropenem generic meropenem form injection class carbapenem antibiotic indication severe hospital-acquired infections; meningitis; febrile neutropenia color white powder shape vial meropenem trihydrate 1 g nausea; diarrhea; headache; rash; injection site reactions carbapenem allergy ميروبينيم ميروبينيم حقن مضاد حيوي كاربابينيم عدوى شديدة مكتسبة بالمستشفى؛ التهاب السحايا؛ الحمى مع قلة العدلات مسحوق أبيض قارورة غثيان؛ إسهال؛ صداع؛ طفح جلدي؛ تفاعلات موضع الحقن حساسية الكاربابينيم,meropenem generic meropenem form injection class carbapenem antibiotic indication severe hospital-acquired infections; meningitis; febrile neutropenia color white powder shape vial meropenem trihydrate 1 g nausea; diarrhea; headache; rash; injection site reactions carbapenem allergy ميروبينيم ميروبينيم حقن مضاد حيوي كاربابينيم عدوى شديدة مكتسبة بالمستشفى؛ التهاب السحايا؛ الحمى مع قلة العدلات مسحوق أبيض قارورة غثيان؛ إسهال؛ صداع؛ طفح جلدي؛ تفاعلات موضع الحقن حساسية الكاربابينيم,ميروبينيم,ميروبينيم,مضاد حيوي كاربابينيم,حقن,مسحوق أبيض,قارورة,عدوى شديدة مكتسبة بالمستشفى؛ التهاب السحايا؛ الحمى مع قلة العدلات,Prescription,Nausea; Diarrhea; Headache; Rash; Injection site reactions,غثيان؛ إسهال؛ صداع؛ طفح جلدي؛ تفاعلات موضع الحقن,Carbapenem allergy,حساسية الكاربابينيم
Amikacin,Amikacin,Aminoglycoside Antibiotic,Injection,Clear liquid,Ampoule,Severe Gram-negative infections; Tuberculosis (second-line),Various,500 mg/2 mL,amikacin generic amikacin form injection class aminoglycoside antibiotic indication severe gram-negative infections; tuberculosis (second-line) color clear liquid shape ampoule amikacin sulfate 500 mg/2 ml nephrotoxicity; ototoxicity; neuromuscular blockade (rare) aminoglycoside allergy; myasthenia gravis أميكاسين أميكاسين حقن مضاد حيوي أمينوغليكوسيد عدوى سلبية الغرام الشديدة؛ السل (خط ثاني) سائل شفاف أمبولة سمية كلوية؛ سمية أذنية؛ إحصار عصبي عضلي (نادر) حساسية الأمينوغليكوسيد؛ الوهن العضلي الوبيل,amikacin generic amikacin form injection class aminoglycoside antibiotic indication severe gram-negative infections; tuberculosis (second-line) color clear liquid shape ampoule amikacin sulfate 500 mg/2 ml nephrotoxicity; ototoxicity; neuromuscular blockade (rare) aminoglycoside allergy; myasthenia gravis أميكاسين أميكاسين حقن مضاد حيوي أمينوغليكوسيد عدوى سلبية الغرام الشديدة؛ السل (خط ثاني) سائل شفاف أمبولة سمية كلوية؛ سمية أذنية؛ إحصار عصبي عضلي (نادر) حساسية الأمينوغليكوسيد؛ الوهن العضلي الوبيل,أميكاسين,أميكاسين,مضاد حيوي أمينوغليكوسيد,حقن,سائل شفاف,أمبولة,عدوى سلبية الغرام الشديدة؛ السل (خط ثاني),Prescription,Nephrotoxicity; Ototoxicity; Neuromuscular blockade (rare),سمية كلوية؛ سمية أذنية؛ إحصار عصبي عضلي (نادر),Aminoglycoside allergy; Myasthenia gravis,حساسية الأمينوغليكوسيد؛ الوهن العضلي الوبيل
Linezolid,Linezolid,Oxazolidinone Antibiotic,Tablet,White,Oval,MRSA infections; VRE infections; Nosocomial pneumonia,Pfizer,600 mg,linezolid generic linezolid form tablet class oxazolidinone antibiotic indication mrsa infections; vre infections; nosocomial pneumonia color white shape oval linezolid 600 mg thrombocytopenia; nausea; diarrhea; headache; optic neuropathy (prolonged use) concurrent maois; uncontrolled hypertension; pheochromocytoma; carcinoid syndrome لينيزوليد لينيزوليد قرص مضاد حيوي أوكسازوليدينون عدوى MRSA؛ عدوى VRE؛ الالتهاب الرئوي المكتسب بالمستشفى أبيض بيضاوي قلة الصفيحات؛ غثيان؛ إسهال؛ صداع؛ اعتلال العصب البصري (استخدام مطول) الاستخدام المتزامن لمثبطات MAO؛ ارتفاع ضغط الدم غير المسيطر عليه؛ ورم القواتم؛ متلازمة الكارسينويد,linezolid generic linezolid form tablet class oxazolidinone antibiotic indication mrsa infections; vre infections; nosocomial pneumonia color white shape oval linezolid 600 mg thrombocytopenia; nausea; diarrhea; headache; optic neuropathy (prolonged use) concurrent maois; uncontrolled hypertension; pheochromocytoma; carcinoid syndrome لينيزوليد لينيزوليد قرص مضاد حيوي أوكسازوليدينون عدوى MRSA؛ عدوى VRE؛ الالتهاب الرئوي المكتسب بالمستشفى أبيض بيضاوي قلة الصفيحات؛ غثيان؛ إسهال؛ صداع؛ اعتلال العصب البصري (استخدام مطول) الاستخدام المتزامن لمثبطات MAO؛ ارتفاع ضغط الدم غير المسيطر عليه؛ ورم القواتم؛ متلازمة الكارسينويد,لينيزوليد,لينيزوليد,مضاد حيوي أوكسازوليدينون,قرص,أبيض,بيضاوي,عدوى MRSA؛ عدوى VRE؛ الالتهاب الرئوي المكتسب بالمستشفى,Prescription,Thrombocytopenia; Nausea; Diarrhea; Headache; Optic neuropathy (prolonged use),قلة الصفيحات؛ غثيان؛ إسهال؛ صداع؛ اعتلال العصب البصري (استخدام مطول),Concurrent MAOIs; Uncontrolled hypertension; Pheochromocytoma; Carcinoid syndrome,الاستخدام المتزامن لمثبطات MAO؛ ارتفاع ضغط الدم غير المسيطر عليه؛ ورم القواتم؛ متلازمة الكارسينويد
Ventolin,Salbutamol,Short-acting Beta-2 Agonist (SABA),Inhaler (MDI),Blue inhaler,Inhaler,Asthma; Bronchospasm; COPD,GSK,100 mcg/puff,ventolin generic salbutamol form inhaler (mdi) class short-acting beta-2 agonist (saba) indication asthma; bronchospasm; copd color blue inhaler shape inhaler salbutamol sulfate 100 mcg/puff tremor; tachycardia; headache; palpitations; hypokalemia hypersensitivity to salbutamol فنتولين سالبوتامول بخاخ (جرعة محددة) ناهض بيتا-2 قصير المفعول الربو؛ التشنج القصبي؛ مرض الانسداد الرئوي المزمن بخاخ أزرق بخاخ رعاش؛ تسرع القلب؛ صداع؛ خفقان؛ نقص البوتاسيوم فرط الحساسية للسالبوتامول,ventolin generic salbutamol form inhaler (mdi) class short-acting beta-2 agonist (saba) indication asthma; bronchospasm; copd color blue inhaler shape inhaler salbutamol sulfate 100 mcg/puff tremor; tachycardia; headache; palpitations; hypokalemia hypersensitivity to salbutamol فنتولين سالبوتامول بخاخ (جرعة محددة) ناهض بيتا-2 قصير المفعول الربو؛ التشنج القصبي؛ مرض الانسداد الرئوي المزمن بخاخ أزرق بخاخ رعاش؛ تسرع القلب؛ صداع؛ خفقان؛ نقص البوتاسيوم فرط الحساسية للسالبوتامول,فنتولين,سالبوتامول,ناهض بيتا-2 قصير المفعول,بخاخ (جرعة محددة),بخاخ أزرق,بخاخ,الربو؛ التشنج القصبي؛ مرض الانسداد الرئوي المزمن,Prescription,Tremor; Tachycardia; Headache; Palpitations; Hypokalemia,رعاش؛ تسرع القلب؛ صداع؛ خفقان؛ نقص البوتاسيوم,Hypersensitivity to salbutamol,فرط الحساسية للسالبوتامول
Seretide,Fluticasone/Salmeterol,ICS + LABA (Inhaled Corticosteroid + Long-acting Beta Agonist),Inhaler (DPI),Purple inhaler,Inhaler,Asthma; COPD (maintenance),GSK,250/50 mcg,seretide generic fluticasone/salmeterol form inhaler (dpi) class ics + laba (inhaled corticosteroid + long-acting beta agonist) indication asthma; copd (maintenance) color purple inhaler shape inhaler fluticasone 250 mcg / salmeterol 50 mcg oral candidiasis; hoarseness; headache; tremor; palpitations acute asthma attack (not for rescue); severe milk allergy (dpi) سيريتايد فلوتيكازون/سالميتيرول بخاخ (مسحوق جاف) كورتيكوستيرويد استنشاقي + ناهض بيتا طويل المفعول الربو؛ مرض الانسداد الرئوي المزمن (صيانة) بخاخ بنفسجي بخاخ داء المبيضات الفموي؛ بحة الصوت؛ صداع؛ رعاش؛ خفقان نوبة ربو حادة (ليس للإنقاذ)؛ حساسية شديدة للحليب (مسحوق جاف),seretide generic fluticasone/salmeterol form inhaler (dpi) class ics + laba (inhaled corticosteroid + long-acting beta agonist) indication asthma; copd (maintenance) color purple inhaler shape inhaler fluticasone 250 mcg / salmeterol 50 mcg oral candidiasis; hoarseness; headache; tremor; palpitations acute asthma attack (not for rescue); severe milk allergy (dpi) سيريتايد فلوتيكازون/سالميتيرول بخاخ (مسحوق جاف) كورتيكوستيرويد استنشاقي + ناهض بيتا طويل المفعول الربو؛ مرض الانسداد الرئوي المزمن (صيانة) بخاخ بنفسجي بخاخ داء المبيضات الفموي؛ بحة الصوت؛ صداع؛ رعاش؛ خفقان نوبة ربو حادة (ليس للإنقاذ)؛ حساسية شديدة للحليب (مسحوق جاف),سيريتايد,فلوتيكازون/سالميتيرول,كورتيكوستيرويد استنشاقي + ناهض بيتا طويل المفعول,بخاخ (مسحوق جاف),بخاخ بنفسجي,بخاخ,الربو؛ مرض الانسداد الرئوي المزمن (صيانة),Prescription,Oral candidiasis; Hoarseness; Headache; Tremor; Palpitations,داء المبيضات الفموي؛ بحة الصوت؛ صداع؛ رعاش؛ خفقان,Acute asthma attack (not for rescue); Severe milk allergy (DPI),نوبة ربو حادة (ليس للإنقاذ)؛ حساسية شديدة للحليب (مسحوق جاف)
Symbicort,Budesonide/Formoterol,ICS + LABA,Inhaler (DPI),Red/White inhaler,Inhaler,Asthma; COPD (maintenance and reliever),AstraZeneca,160/4.5 mcg,symbicort generic budesonide/formoterol form inhaler (dpi) class ics + laba indication asthma; copd (maintenance and reliever) color red/white inhaler shape inhaler budesonide 160 mcg / formoterol 4.5 mcg oral candidiasis; hoarseness; tremor; headache; palpitations hypersensitivity to budesonide/formoterol سيمبيكورت بوديزونايد/فورموتيرول بخاخ (مسحوق جاف) كورتيكوستيرويد استنشاقي + ناهض بيتا طويل المفعول الربو؛ مرض الانسداد الرئوي المزمن (صيانة ومنقذ) بخاخ أحمر/أبيض بخاخ داء المبيضات الفموي؛ بحة الصوت؛ رعاش؛ صداع؛ خفقان فرط الحساسية للبوديزونايد/فورموتيرول,symbicort generic budesonide/formoterol form inhaler (dpi) class ics + laba indication asthma; copd (maintenance and reliever) color red/white inhaler shape inhaler budesonide 160 mcg / formoterol 4.5 mcg oral candidiasis; hoarseness; tremor; headache; palpitations hypersensitivity to budesonide/formoterol سيمبيكورت بوديزونايد/فورموتيرول بخاخ (مسحوق جاف) كورتيكوستيرويد استنشاقي + ناهض بيتا طويل المفعول الربو؛ مرض الانسداد الرئوي المزمن (صيانة ومنقذ) بخاخ أحمر/أبيض بخاخ داء المبيضات الفموي؛ بحة الصوت؛ رعاش؛ صداع؛ خفقان فرط الحساسية للبوديزونايد/فورموتيرول,سيمبيكورت,بوديزونايد/فورموتيرول,كورتيكوستيرويد استنشاقي + ناهض بيتا طويل المفعول,بخاخ (مسحوق جاف),بخاخ أحمر/أبيض,بخاخ,الربو؛ مرض الانسداد الرئوي المزمن (صيانة ومنقذ),Prescription,Oral candidiasis; Hoarseness; Tremor; Headache; Palpitations,داء المبيضات الفموي؛ بحة الصوت؛ رعاش؛ صداع؛ خفقان,Hypersensitivity to budesonide/formoterol,فرط الحساسية للبوديزونايد/فورموتيرول
Pulmicort,Budesonide,Inhaled Corticosteroid (ICS),Nebulizer Suspension,White suspension,Ampoule,Asthma (children and adults); Croup,AstraZeneca,0.5 mg/mL,pulmicort generic budesonide form nebulizer suspension class inhaled corticosteroid (ics) indication asthma (children and adults); croup color white suspension shape ampoule budesonide 0.5 mg/ml oral candidiasis; hoarseness; cough; throat irritation acute asthma attack (not for rescue) بولميكورت بوديزونايد معلق للتبخير كورتيكوستيرويد استنشاقي الربو (أطفال وبالغين)؛ الخانوق معلق أبيض أمبولة داء المبيضات الفموي؛ بحة الصوت؛ سعال؛ تهيج الحلق نوبة ربو حادة (ليس للإنقاذ),pulmicort generic budesonide form nebulizer suspension class inhaled corticosteroid (ics) indication asthma (children and adults); croup color white suspension shape ampoule budesonide 0.5 mg/ml oral candidiasis; hoarseness; cough; throat irritation acute asthma attack (not for rescue) بولميكورت بوديزونايد معلق للتبخير كورتيكوستيرويد استنشاقي الربو (أطفال وبالغين)؛ الخانوق معلق أبيض أمبولة داء المبيضات الفموي؛ بحة الصوت؛ سعال؛ تهيج الحلق نوبة ربو حادة (ليس للإنقاذ),بولميكورت,بوديزونايد,كورتيكوستيرويد استنشاقي,معلق للتبخير,معلق أبيض,أمبولة,الربو (أطفال وبالغين)؛ الخانوق,Prescription,Oral candidiasis; Hoarseness; Cough; Throat irritation,داء المبيضات الفموي؛ بحة الصوت؛ سعال؛ تهيج الحلق,Acute asthma attack (not for rescue),نوبة ربو حادة (ليس للإنقاذ)
Atrovent,Ipratropium,Short-acting Anticholinergic,Inhaler (MDI),White inhaler,Inhaler,COPD; Bronchospasm,Boehringer Ingelheim,20 mcg/puff,atrovent generic ipratropium form inhaler (mdi) class short-acting anticholinergic indication copd; bronchospasm color white inhaler shape inhaler ipratropium bromide 20 mcg/puff dry mouth; headache; cough; nausea; blurred vision (if in eyes) atropine allergy; soya/peanut allergy (mdi) أتروفنت إبراتروبيوم بخاخ (جرعة محددة) مضاد كوليني قصير المفعول مرض الانسداد الرئوي المزمن؛ التشنج القصبي بخاخ أبيض بخاخ جفاف الفم؛ صداع؛ سعال؛ غثيان؛ عدم وضوح الرؤية (إذا وصل للعين) حساسية الأتروبين؛ حساسية الصويا/الفول السوداني (بخاخ),atrovent generic ipratropium form inhaler (mdi) class short-acting anticholinergic indication copd; bronchospasm color white inhaler shape inhaler ipratropium bromide 20 mcg/puff dry mouth; headache; cough; nausea; blurred vision (if in eyes) atropine allergy; soya/peanut allergy (mdi) أتروفنت إبراتروبيوم بخاخ (جرعة محددة) مضاد كوليني قصير المفعول مرض الانسداد الرئوي المزمن؛ التشنج القصبي بخاخ أبيض بخاخ جفاف الفم؛ صداع؛ سعال؛ غثيان؛ عدم وضوح الرؤية (إذا وصل للعين) حساسية الأتروبين؛ حساسية الصويا/الفول السوداني (بخاخ),أتروفنت,إبراتروبيوم,مضاد كوليني قصير المفعول,بخاخ (جرعة محددة),بخاخ أبيض,بخاخ,مرض الانسداد الرئوي المزمن؛ التشنج القصبي,Prescription,Dry mouth; Headache; Cough; Nausea; Blurred vision (if in eyes),جفاف الفم؛ صداع؛ سعال؛ غثيان؛ عدم وضوح الرؤية (إذا وصل للعين),Atropine allergy; Soya/peanut allergy (MDI),حساسية الأتروبين؛ حساسية الصويا/الفول السوداني (بخاخ)
Spiriva,Tiotropium,Long-acting Anticholinergic (LAMA),Inhaler (DPI),Green capsule in device,Capsule + Device,COPD (maintenance); Asthma (add-on),Boehringer Ingelheim,18 mcg,spiriva generic tiotropium form inhaler (dpi) class long-acting anticholinergic (lama) indication copd (maintenance); asthma (add-on) color green capsule in device shape capsule + device tiotropium bromide 18 mcg dry mouth; constipation; urinary retention; sinusitis atropine allergy; severe milk allergy (dpi) سبيريفا تيوتروبيوم بخاخ (مسحوق جاف) مضاد كوليني طويل المفعول مرض الانسداد الرئوي المزمن (صيانة)؛ الربو (إضافي) كبسولة خضراء في الجهاز كبسولة + جهاز جفاف الفم؛ إمساك؛ احتباس البول؛ التهاب الجيوب الأنفية حساسية الأتروبين؛ حساسية شديدة للحليب (مسحوق جاف),spiriva generic tiotropium form inhaler (dpi) class long-acting anticholinergic (lama) indication copd (maintenance); asthma (add-on) color green capsule in device shape capsule + device tiotropium bromide 18 mcg dry mouth; constipation; urinary retention; sinusitis atropine allergy; severe milk allergy (dpi) سبيريفا تيوتروبيوم بخاخ (مسحوق جاف) مضاد كوليني طويل المفعول مرض الانسداد الرئوي المزمن (صيانة)؛ الربو (إضافي) كبسولة خضراء في الجهاز كبسولة + جهاز جفاف الفم؛ إمساك؛ احتباس البول؛ التهاب الجيوب الأنفية حساسية الأتروبين؛ حساسية شديدة للحليب (مسحوق جاف),سبيريفا,تيوتروبيوم,مضاد كوليني طويل المفعول,بخاخ (مسحوق جاف),كبسولة خضراء في الجهاز,كبسولة + جهاز,مرض الانسداد الرئوي المزمن (صيانة)؛ الربو (إضافي),Prescription,Dry mouth; Constipation; Urinary retention; Sinusitis,جفاف الفم؛ إمساك؛ احتباس البول؛ التهاب الجيوب الأنفية,Atropine allergy; Severe milk allergy (DPI),حساسية الأتروبين؛ حساسية شديدة للحليب (مسحوق جاف)
Singulair,Montelukast,Leukotriene Receptor Antagonist,Tablet,Beige,Square-round,Asthma prevention; Allergic rhinitis,MSD,10 mg,singulair generic montelukast form tablet class leukotriene receptor antagonist indication asthma prevention; allergic rhinitis color beige shape square-round montelukast sodium 10 mg headache; abdominal pain; diarrhea; behavioral changes (rare) hypersensitivity to montelukast; phenylketonuria (chewable) سينغيولير مونتيلوكاست قرص مضاد مستقبلات الليكوترين الوقاية من الربو؛ التهاب الأنف التحسسي بيج مربع دائري صداع؛ ألم البطن؛ إسهال؛ تغيرات سلوكية (نادرة) فرط الحساسية للمونتيلوكاست؛ بيلة الفينيل كيتون (القابل للمضغ),singulair generic montelukast form tablet class leukotriene receptor antagonist indication asthma prevention; allergic rhinitis color beige shape square-round montelukast sodium 10 mg headache; abdominal pain; diarrhea; behavioral changes (rare) hypersensitivity to montelukast; phenylketonuria (chewable) سينغيولير مونتيلوكاست قرص مضاد مستقبلات الليكوترين الوقاية من الربو؛ التهاب الأنف التحسسي بيج مربع دائري صداع؛ ألم البطن؛ إسهال؛ تغيرات سلوكية (نادرة) فرط الحساسية للمونتيلوكاست؛ بيلة الفينيل كيتون (القابل للمضغ),سينغيولير,مونتيلوكاست,مضاد مستقبلات الليكوترين,قرص,بيج,مربع دائري,الوقاية من الربو؛ التهاب الأنف التحسسي,Prescription,Headache; Abdominal pain; Diarrhea; Behavioral changes (rare),صداع؛ ألم البطن؛ إسهال؛ تغيرات سلوكية (نادرة),Hypersensitivity to montelukast; Phenylketonuria (chewable),فرط الحساسية للمونتيلوكاست؛ بيلة الفينيل كيتون (القابل للمضغ)
Telfast,Fexofenadine,"Antihistamine (Non-sedating, 2nd Generation)",Tablet,Peach,Capsule-shaped,Allergic rhinitis; Chronic urticaria,Sanofi,180 mg,"telfast generic fexofenadine form tablet class antihistamine (non-sedating, 2nd generation) indication allergic rhinitis; chronic urticaria color peach shape capsule-shaped fexofenadine hcl 180 mg headache; drowsiness (minimal); nausea; dizziness hypersensitivity to fexofenadine تلفاست فيكسوفينادين قرص مضاد هيستامين (غير مسبب للنعاس، الجيل الثاني) التهاب الأنف التحسسي؛ الأرتيكاريا المزمنة خوخي على شكل كبسولة صداع؛ نعاس (بسيط)؛ غثيان؛ دوخة فرط الحساسية للفيكسوفينادين","telfast generic fexofenadine form tablet class antihistamine (non-sedating, 2nd generation) indication allergic rhinitis; chronic urticaria color peach shape capsule-shaped fexofenadine hcl 180 mg headache; drowsiness (minimal); nausea; dizziness hypersensitivity to fexofenadine تلفاست فيكسوفينادين قرص مضاد هيستامين (غير مسبب للنعاس، الجيل الثاني) التهاب الأنف التحسسي؛ الأرتيكاريا المزمنة خوخي على شكل كبسولة صداع؛ نعاس (بسيط)؛ غثيان؛ دوخة فرط الحساسية للفيكسوفينادين",تلفاست,فيكسوفينادين,مضاد هيستامين (غير مسبب للنعاس، الجيل الثاني),قرص,خوخي,على شكل كبسولة,التهاب الأنف التحسسي؛ الأرتيكاريا المزمنة,OTC,Headache; Drowsiness (minimal); Nausea; Dizziness,صداع؛ نعاس (بسيط)؛ غثيان؛ دوخة,Hypersensitivity to fexofenadine,فرط الحساسية للفيكسوفينادين
Claritin,Loratadine,"Antihistamine (Non-sedating, 2nd Generation)",Tablet,White,Oval,Allergic rhinitis; Chronic urticaria,Bayer,10 mg,"claritin generic loratadine form tablet class antihistamine (non-sedating, 2nd generation) indication allergic rhinitis; chronic urticaria color white shape oval loratadine 10 mg headache; drowsiness (rare); dry mouth; fatigue hypersensitivity to loratadine كلاريتين لوراتادين قرص مضاد هيستامين (غير مسبب للنعاس، الجيل الثاني) التهاب الأنف التحسسي؛ الأرتيكاريا المزمنة أبيض بيضاوي صداع؛ نعاس (نادر)؛ جفاف الفم؛ إرهاق فرط الحساسية للوراتادين","claritin generic loratadine form tablet class antihistamine (non-sedating, 2nd generation) indication allergic rhinitis; chronic urticaria color white shape oval loratadine 10 mg headache; drowsiness (rare); dry mouth; fatigue hypersensitivity to loratadine كلاريتين لوراتادين قرص مضاد هيستامين (غير مسبب للنعاس، الجيل الثاني) التهاب الأنف التحسسي؛ الأرتيكاريا المزمنة أبيض بيضاوي صداع؛ نعاس (نادر)؛ جفاف الفم؛ إرهاق فرط الحساسية للوراتادين",كلاريتين,لوراتادين,مضاد هيستامين (غير مسبب للنعاس، الجيل الثاني),قرص,أبيض,بيضاوي,التهاب الأنف التحسسي؛ الأرتيكاريا المزمنة,OTC,Headache; Drowsiness (rare); Dry mouth; Fatigue,صداع؛ نعاس (نادر)؛ جفاف الفم؛ إرهاق,Hypersensitivity to loratadine,فرط الحساسية للوراتادين
Zyrtec,Cetirizine,Antihistamine (2nd Generation),Tablet,White,Oval,Allergic rhinitis; Chronic urticaria,UCB,10 mg,zyrtec generic cetirizine form tablet class antihistamine (2nd generation) indication allergic rhinitis; chronic urticaria color white shape oval cetirizine hcl 10 mg drowsiness; dry mouth; fatigue; headache severe renal impairment (dose adjust); hypersensitivity to cetirizine زيرتك سيتيريزين قرص مضاد هيستامين (الجيل الثاني) التهاب الأنف التحسسي؛ الأرتيكاريا المزمنة أبيض بيضاوي نعاس؛ جفاف الفم؛ إرهاق؛ صداع قصور كلوي شديد (تعديل الجرعة)؛ فرط الحساسية للسيتيريزين,zyrtec generic cetirizine form tablet class antihistamine (2nd generation) indication allergic rhinitis; chronic urticaria color white shape oval cetirizine hcl 10 mg drowsiness; dry mouth; fatigue; headache severe renal impairment (dose adjust); hypersensitivity to cetirizine زيرتك سيتيريزين قرص مضاد هيستامين (الجيل الثاني) التهاب الأنف التحسسي؛ الأرتيكاريا المزمنة أبيض بيضاوي نعاس؛ جفاف الفم؛ إرهاق؛ صداع قصور كلوي شديد (تعديل الجرعة)؛ فرط الحساسية للسيتيريزين,زيرتك,سيتيريزين,مضاد هيستامين (الجيل الثاني),قرص,أبيض,بيضاوي,التهاب الأنف التحسسي؛ الأرتيكاريا المزمنة,OTC,Drowsiness; Dry mouth; Fatigue; Headache,نعاس؛ جفاف الفم؛ إرهاق؛ صداع,Severe renal impairment (dose adjust); Hypersensitivity to cetirizine,قصور كلوي شديد (تعديل الجرعة)؛ فرط الحساسية للسيتيريزين
Aerius,Desloratadine,"Antihistamine (Non-sedating, 3rd Generation)",Tablet,Blue,Round,Allergic rhinitis; Chronic urticaria,MSD,5 mg,"aerius generic desloratadine form tablet class antihistamine (non-sedating, 3rd generation) indication allergic rhinitis; chronic urticaria color blue shape round desloratadine 5 mg headache; dry mouth; fatigue; drowsiness (rare) hypersensitivity to desloratadine or loratadine إيريوس ديسلوراتادين قرص مضاد هيستامين (غير مسبب للنعاس، الجيل الثالث) التهاب الأنف التحسسي؛ الأرتيكاريا المزمنة أزرق دائري صداع؛ جفاف الفم؛ إرهاق؛ نعاس (نادر) فرط الحساسية للديسلوراتادين أو اللوراتادين","aerius generic desloratadine form tablet class antihistamine (non-sedating, 3rd generation) indication allergic rhinitis; chronic urticaria color blue shape round desloratadine 5 mg headache; dry mouth; fatigue; drowsiness (rare) hypersensitivity to desloratadine or loratadine إيريوس ديسلوراتادين قرص مضاد هيستامين (غير مسبب للنعاس، الجيل الثالث) التهاب الأنف التحسسي؛ الأرتيكاريا المزمنة أزرق دائري صداع؛ جفاف الفم؛ إرهاق؛ نعاس (نادر) فرط الحساسية للديسلوراتادين أو اللوراتادين",إيريوس,ديسلوراتادين,مضاد هيستامين (غير مسبب للنعاس، الجيل الثالث),قرص,أزرق,دائري,التهاب الأنف التحسسي؛ الأرتيكاريا المزمنة,OTC,Headache; Dry mouth; Fatigue; Drowsiness (rare),صداع؛ جفاف الفم؛ إرهاق؛ نعاس (نادر),Hypersensitivity to desloratadine or loratadine,فرط الحساسية للديسلوراتادين أو اللوراتادين
Avamys,Fluticasone Furoate,Intranasal Corticosteroid,Nasal Spray,White nasal spray,Nasal Spray,Allergic rhinitis (seasonal and perennial),GSK,27.5 mcg/spray,avamys generic fluticasone furoate form nasal spray class intranasal corticosteroid indication allergic rhinitis (seasonal and perennial) color white nasal spray shape nasal spray fluticasone furoate 27.5 mcg/spray epistaxis; headache; nasal ulceration; pharyngitis hypersensitivity to fluticasone أفاميس فلوتيكازون فيوروات بخاخ أنفي كورتيكوستيرويد أنفي التهاب الأنف التحسسي (موسمي ودائم) بخاخ أنفي أبيض بخاخ أنفي رعاف؛ صداع؛ تقرح أنفي؛ التهاب البلعوم فرط الحساسية للفلوتيكازون,avamys generic fluticasone furoate form nasal spray class intranasal corticosteroid indication allergic rhinitis (seasonal and perennial) color white nasal spray shape nasal spray fluticasone furoate 27.5 mcg/spray epistaxis; headache; nasal ulceration; pharyngitis hypersensitivity to fluticasone أفاميس فلوتيكازون فيوروات بخاخ أنفي كورتيكوستيرويد أنفي التهاب الأنف التحسسي (موسمي ودائم) بخاخ أنفي أبيض بخاخ أنفي رعاف؛ صداع؛ تقرح أنفي؛ التهاب البلعوم فرط الحساسية للفلوتيكازون,أفاميس,فلوتيكازون فيوروات,كورتيكوستيرويد أنفي,بخاخ أنفي,بخاخ أنفي أبيض,بخاخ أنفي,التهاب الأنف التحسسي (موسمي ودائم),Prescription,Epistaxis; Headache; Nasal ulceration; Pharyngitis,رعاف؛ صداع؛ تقرح أنفي؛ التهاب البلعوم,Hypersensitivity to fluticasone,فرط الحساسية للفلوتيكازون
Theophylline,Theophylline,Methylxanthine Bronchodilator,Extended-release Tablet,White,Round,Asthma; COPD; Bronchospasm,Various,200 mg,theophylline generic theophylline form extended-release tablet class methylxanthine bronchodilator indication asthma; copd; bronchospasm color white shape round theophylline 200 mg nausea; headache; insomnia; tachycardia; seizures (toxicity) active peptic ulcer; uncontrolled seizure disorders; acute arrhythmias ثيوفيللين ثيوفيللين قرص ممتد المفعول موسع قصبي ميثيل زانثين الربو؛ مرض الانسداد الرئوي المزمن؛ التشنج القصبي أبيض دائري غثيان؛ صداع؛ أرق؛ تسرع القلب؛ نوبات صرع (سمية) قرحة هضمية نشطة؛ اضطرابات صرع غير مسيطر عليها؛ اضطرابات نظم حادة,theophylline generic theophylline form extended-release tablet class methylxanthine bronchodilator indication asthma; copd; bronchospasm color white shape round theophylline 200 mg nausea; headache; insomnia; tachycardia; seizures (toxicity) active peptic ulcer; uncontrolled seizure disorders; acute arrhythmias ثيوفيللين ثيوفيللين قرص ممتد المفعول موسع قصبي ميثيل زانثين الربو؛ مرض الانسداد الرئوي المزمن؛ التشنج القصبي أبيض دائري غثيان؛ صداع؛ أرق؛ تسرع القلب؛ نوبات صرع (سمية) قرحة هضمية نشطة؛ اضطرابات صرع غير مسيطر عليها؛ اضطرابات نظم حادة,ثيوفيللين,ثيوفيللين,موسع قصبي ميثيل زانثين,قرص ممتد المفعول,أبيض,دائري,الربو؛ مرض الانسداد الرئوي المزمن؛ التشنج القصبي,Prescription,Nausea; Headache; Insomnia; Tachycardia; Seizures (toxicity),غثيان؛ صداع؛ أرق؛ تسرع القلب؛ نوبات صرع (سمية),Active peptic ulcer; Uncontrolled seizure disorders; Acute arrhythmias,قرحة هضمية نشطة؛ اضطرابات صرع غير مسيطر عليها؛ اضطرابات نظم حادة
Xyzal,Levocetirizine,Antihistamine (2nd Generation),Tablet,White,Oval,Allergic rhinitis; Chronic urticaria,Sanofi,5 mg,xyzal generic levocetirizine form tablet class antihistamine (2nd generation) indication allergic rhinitis; chronic urticaria color white shape oval levocetirizine dihydrochloride 5 mg drowsiness; dry mouth; headache; fatigue severe renal impairment; children <2 years (oral solution) زيزال ليفوسيتيريزين قرص مضاد هيستامين (الجيل الثاني) التهاب الأنف التحسسي؛ الأرتيكاريا المزمنة أبيض بيضاوي نعاس؛ جفاف الفم؛ صداع؛ إرهاق قصور كلوي شديد؛ الأطفال أقل من سنتين (محلول فموي),xyzal generic levocetirizine form tablet class antihistamine (2nd generation) indication allergic rhinitis; chronic urticaria color white shape oval levocetirizine dihydrochloride 5 mg drowsiness; dry mouth; headache; fatigue severe renal impairment; children <2 years (oral solution) زيزال ليفوسيتيريزين قرص مضاد هيستامين (الجيل الثاني) التهاب الأنف التحسسي؛ الأرتيكاريا المزمنة أبيض بيضاوي نعاس؛ جفاف الفم؛ صداع؛ إرهاق قصور كلوي شديد؛ الأطفال أقل من سنتين (محلول فموي),زيزال,ليفوسيتيريزين,مضاد هيستامين (الجيل الثاني),قرص,أبيض,بيضاوي,التهاب الأنف التحسسي؛ الأرتيكاريا المزمنة,OTC,Drowsiness; Dry mouth; Headache; Fatigue,نعاس؛ جفاف الفم؛ صداع؛ إرهاق,Severe renal impairment; Children <2 years (oral solution),قصور كلوي شديد؛ الأطفال أقل من سنتين (محلول فموي)
Flixotide,Fluticasone Propionate,Inhaled Corticosteroid (ICS),Inhaler (MDI),Orange inhaler,Inhaler,Asthma (maintenance/preventive),GSK,250 mcg/puff,flixotide generic fluticasone propionate form inhaler (mdi) class inhaled corticosteroid (ics) indication asthma (maintenance/preventive) color orange inhaler shape inhaler fluticasone propionate 250 mcg/puff oral candidiasis; hoarseness; headache; sore throat acute asthma attack; hypersensitivity to fluticasone فليكسوتايد فلوتيكازون بروبيونات بخاخ (جرعة محددة) كورتيكوستيرويد استنشاقي الربو (صيانة/وقائي) بخاخ برتقالي بخاخ داء المبيضات الفموي؛ بحة الصوت؛ صداع؛ ألم الحلق نوبة ربو حادة؛ فرط الحساسية للفلوتيكازون,flixotide generic fluticasone propionate form inhaler (mdi) class inhaled corticosteroid (ics) indication asthma (maintenance/preventive) color orange inhaler shape inhaler fluticasone propionate 250 mcg/puff oral candidiasis; hoarseness; headache; sore throat acute asthma attack; hypersensitivity to fluticasone فليكسوتايد فلوتيكازون بروبيونات بخاخ (جرعة محددة) كورتيكوستيرويد استنشاقي الربو (صيانة/وقائي) بخاخ برتقالي بخاخ داء المبيضات الفموي؛ بحة الصوت؛ صداع؛ ألم الحلق نوبة ربو حادة؛ فرط الحساسية للفلوتيكازون,فليكسوتايد,فلوتيكازون بروبيونات,كورتيكوستيرويد استنشاقي,بخاخ (جرعة محددة),بخاخ برتقالي,بخاخ,الربو (صيانة/وقائي),Prescription,Oral candidiasis; Hoarseness; Headache; Sore throat,داء المبيضات الفموي؛ بحة الصوت؛ صداع؛ ألم الحلق,Acute asthma attack; Hypersensitivity to fluticasone,نوبة ربو حادة؛ فرط الحساسية للفلوتيكازون
Mucinex,Guaifenesin,Expectorant,Extended-release Tablet,Blue/White,Oval,Productive cough; Chest congestion,Reckitt Benckiser,600 mg,mucinex generic guaifenesin form extended-release tablet class expectorant indication productive cough; chest congestion color blue/white shape oval guaifenesin 600 mg nausea; vomiting; dizziness; headache hypersensitivity to guaifenesin ميوسينيكس غوايفينيسين قرص ممتد المفعول طارد للبلغم السعال المنتج للبلغم؛ احتقان الصدر أزرق/أبيض بيضاوي غثيان؛ قيء؛ دوخة؛ صداع فرط الحساسية للغوايفينيسين,mucinex generic guaifenesin form extended-release tablet class expectorant indication productive cough; chest congestion color blue/white shape oval guaifenesin 600 mg nausea; vomiting; dizziness; headache hypersensitivity to guaifenesin ميوسينيكس غوايفينيسين قرص ممتد المفعول طارد للبلغم السعال المنتج للبلغم؛ احتقان الصدر أزرق/أبيض بيضاوي غثيان؛ قيء؛ دوخة؛ صداع فرط الحساسية للغوايفينيسين,ميوسينيكس,غوايفينيسين,طارد للبلغم,قرص ممتد المفعول,أزرق/أبيض,بيضاوي,السعال المنتج للبلغم؛ احتقان الصدر,OTC,Nausea; Vomiting; Dizziness; Headache,غثيان؛ قيء؛ دوخة؛ صداع,Hypersensitivity to guaifenesin,فرط الحساسية للغوايفينيسين
Chlorpheniramine,Chlorpheniramine,"Antihistamine (Sedating, 1st Generation)",Tablet,Yellow,Round,Allergic rhinitis; Urticaria; Common cold symptoms,Various,4 mg,"chlorpheniramine generic chlorpheniramine form tablet class antihistamine (sedating, 1st generation) indication allergic rhinitis; urticaria; common cold symptoms color yellow shape round chlorpheniramine maleate 4 mg drowsiness; dry mouth; urinary retention; blurred vision; constipation glaucoma; urinary retention; concurrent maois; neonates كلورفينيرامين كلورفينيرامين قرص مضاد هيستامين (مسبب للنعاس، الجيل الأول) التهاب الأنف التحسسي؛ الأرتيكاريا؛ أعراض البرد أصفر دائري نعاس؛ جفاف الفم؛ احتباس البول؛ عدم وضوح الرؤية؛ إمساك الزرق؛ احتباس البول؛ الاستخدام المتزامن لمثبطات MAO؛ حديثو الولادة","chlorpheniramine generic chlorpheniramine form tablet class antihistamine (sedating, 1st generation) indication allergic rhinitis; urticaria; common cold symptoms color yellow shape round chlorpheniramine maleate 4 mg drowsiness; dry mouth; urinary retention; blurred vision; constipation glaucoma; urinary retention; concurrent maois; neonates كلورفينيرامين كلورفينيرامين قرص مضاد هيستامين (مسبب للنعاس، الجيل الأول) التهاب الأنف التحسسي؛ الأرتيكاريا؛ أعراض البرد أصفر دائري نعاس؛ جفاف الفم؛ احتباس البول؛ عدم وضوح الرؤية؛ إمساك الزرق؛ احتباس البول؛ الاستخدام المتزامن لمثبطات MAO؛ حديثو الولادة",كلورفينيرامين,كلورفينيرامين,مضاد هيستامين (مسبب للنعاس، الجيل الأول),قرص,أصفر,دائري,التهاب الأنف التحسسي؛ الأرتيكاريا؛ أعراض البرد,OTC,Drowsiness; Dry mouth; Urinary retention; Blurred vision; Constipation,نعاس؛ جفاف الفم؛ احتباس البول؛ عدم وضوح الرؤية؛ إمساك,Glaucoma; Urinary retention; Concurrent MAOIs; Neonates,الزرق؛ احتباس البول؛ الاستخدام المتزامن لمثبطات MAO؛ حديثو الولادة
Nexium,Esomeprazole,Proton Pump Inhibitor (PPI),Capsule,Purple,Capsule,GERD; Peptic ulcer; H. pylori (combination); Zollinger-Ellison syndrome,AstraZeneca,40 mg,nexium generic esomeprazole form capsule class proton pump inhibitor (ppi) indication gerd; peptic ulcer; h. pylori (combination); zollinger-ellison syndrome color purple shape capsule esomeprazole magnesium 40 mg headache; nausea; diarrhea; abdominal pain; vitamin b12/mg deficiency (long-term) concurrent nelfinavir; hypersensitivity to ppis نيكسيوم إيسوميبرازول كبسولة مثبط مضخة البروتون ارتجاع المريء؛ القرحة الهضمية؛ الملوية البوابية (مشترك)؛ متلازمة زولنجر إليسون بنفسجي كبسولة صداع؛ غثيان؛ إسهال؛ ألم البطن؛ نقص فيتامين ب12/مغنيسيوم (طويل الأمد) الاستخدام المتزامن مع نلفينافير؛ فرط الحساسية لمثبطات مضخة البروتون,nexium generic esomeprazole form capsule class proton pump inhibitor (ppi) indication gerd; peptic ulcer; h. pylori (combination); zollinger-ellison syndrome color purple shape capsule esomeprazole magnesium 40 mg headache; nausea; diarrhea; abdominal pain; vitamin b12/mg deficiency (long-term) concurrent nelfinavir; hypersensitivity to ppis نيكسيوم إيسوميبرازول كبسولة مثبط مضخة البروتون ارتجاع المريء؛ القرحة الهضمية؛ الملوية البوابية (مشترك)؛ متلازمة زولنجر إليسون بنفسجي كبسولة صداع؛ غثيان؛ إسهال؛ ألم البطن؛ نقص فيتامين ب12/مغنيسيوم (طويل الأمد) الاستخدام المتزامن مع نلفينافير؛ فرط الحساسية لمثبطات مضخة البروتون,نيكسيوم,إيسوميبرازول,مثبط مضخة البروتون,كبسولة,بنفسجي,كبسولة,ارتجاع المريء؛ القرحة الهضمية؛ الملوية البوابية (مشترك)؛ متلازمة زولنجر إليسون,Prescription,Headache; Nausea; Diarrhea; Abdominal pain; Vitamin B12/Mg deficiency (long-term),صداع؛ غثيان؛ إسهال؛ ألم البطن؛ نقص فيتامين ب12/مغنيسيوم (طويل الأمد),Concurrent nelfinavir; Hypersensitivity to PPIs,الاستخدام المتزامن مع نلفينافير؛ فرط الحساسية لمثبطات مضخة البروتون
Nexium,Esomeprazole,Proton Pump Inhibitor (PPI),Capsule,Light Purple,Capsule,GERD; Peptic ulcer prevention,AstraZeneca,20 mg,nexium generic esomeprazole form capsule class proton pump inhibitor (ppi) indication gerd; peptic ulcer prevention color light purple shape capsule esomeprazole magnesium 20 mg headache; nausea; flatulence; abdominal pain concurrent nelfinavir; ppi allergy نيكسيوم إيسوميبرازول كبسولة مثبط مضخة البروتون ارتجاع المريء؛ الوقاية من القرحة الهضمية بنفسجي فاتح كبسولة صداع؛ غثيان؛ انتفاخ؛ ألم البطن الاستخدام المتزامن مع نلفينافير؛ حساسية مثبطات مضخة البروتون,nexium generic esomeprazole form capsule class proton pump inhibitor (ppi) indication gerd; peptic ulcer prevention color light purple shape capsule esomeprazole magnesium 20 mg headache; nausea; flatulence; abdominal pain concurrent nelfinavir; ppi allergy نيكسيوم إيسوميبرازول كبسولة مثبط مضخة البروتون ارتجاع المريء؛ الوقاية من القرحة الهضمية بنفسجي فاتح كبسولة صداع؛ غثيان؛ انتفاخ؛ ألم البطن الاستخدام المتزامن مع نلفينافير؛ حساسية مثبطات مضخة البروتون,نيكسيوم,إيسوميبرازول,مثبط مضخة البروتون,كبسولة,بنفسجي فاتح,كبسولة,ارتجاع المريء؛ الوقاية من القرحة الهضمية,OTC,Headache; Nausea; Flatulence; Abdominal pain,صداع؛ غثيان؛ انتفاخ؛ ألم البطن,Concurrent nelfinavir; PPI allergy,الاستخدام المتزامن مع نلفينافير؛ حساسية مثبطات مضخة البروتون
Losec,Omeprazole,Proton Pump Inhibitor (PPI),Capsule,Pink/Brown,Capsule,GERD; Peptic ulcer; H. pylori (combination); NSAID-induced ulcer,AstraZeneca,20 mg,losec generic omeprazole form capsule class proton pump inhibitor (ppi) indication gerd; peptic ulcer; h. pylori (combination); nsaid-induced ulcer color pink/brown shape capsule omeprazole 20 mg headache; nausea; diarrhea; abdominal pain; vitamin b12 deficiency (long-term) concurrent nelfinavir; ppi allergy لوسيك أوميبرازول كبسولة مثبط مضخة البروتون ارتجاع المريء؛ القرحة الهضمية؛ الملوية البوابية (مشترك)؛ قرحة مسببة بالمسكنات وردي/بني كبسولة صداع؛ غثيان؛ إسهال؛ ألم البطن؛ نقص فيتامين ب12 (طويل الأمد) الاستخدام المتزامن مع نلفينافير؛ حساسية مثبطات مضخة البروتون,losec generic omeprazole form capsule class proton pump inhibitor (ppi) indication gerd; peptic ulcer; h. pylori (combination); nsaid-induced ulcer color pink/brown shape capsule omeprazole 20 mg headache; nausea; diarrhea; abdominal pain; vitamin b12 deficiency (long-term) concurrent nelfinavir; ppi allergy لوسيك أوميبرازول كبسولة مثبط مضخة البروتون ارتجاع المريء؛ القرحة الهضمية؛ الملوية البوابية (مشترك)؛ قرحة مسببة بالمسكنات وردي/بني كبسولة صداع؛ غثيان؛ إسهال؛ ألم البطن؛ نقص فيتامين ب12 (طويل الأمد) الاستخدام المتزامن مع نلفينافير؛ حساسية مثبطات مضخة البروتون,لوسيك,أوميبرازول,مثبط مضخة البروتون,كبسولة,وردي/بني,كبسولة,ارتجاع المريء؛ القرحة الهضمية؛ الملوية البوابية (مشترك)؛ قرحة مسببة بالمسكنات,OTC,Headache; Nausea; Diarrhea; Abdominal pain; Vitamin B12 deficiency (long-term),صداع؛ غثيان؛ إسهال؛ ألم البطن؛ نقص فيتامين ب12 (طويل الأمد),Concurrent nelfinavir; PPI allergy,الاستخدام المتزامن مع نلفينافير؛ حساسية مثبطات مضخة البروتون
Controloc,Pantoprazole,Proton Pump Inhibitor (PPI),Tablet,Yellow,Oval,GERD; Peptic ulcer; Zollinger-Ellison syndrome,Takeda,40 mg,controloc generic pantoprazole form tablet class proton pump inhibitor (ppi) indication gerd; peptic ulcer; zollinger-ellison syndrome color yellow shape oval pantoprazole sodium 40 mg headache; diarrhea; nausea; abdominal pain; flatulence ppi allergy كونترولوك بانتوبرازول قرص مثبط مضخة البروتون ارتجاع المريء؛ القرحة الهضمية؛ متلازمة زولنجر إليسون أصفر بيضاوي صداع؛ إسهال؛ غثيان؛ ألم البطن؛ انتفاخ حساسية مثبطات مضخة البروتون,controloc generic pantoprazole form tablet class proton pump inhibitor (ppi) indication gerd; peptic ulcer; zollinger-ellison syndrome color yellow shape oval pantoprazole sodium 40 mg headache; diarrhea; nausea; abdominal pain; flatulence ppi allergy كونترولوك بانتوبرازول قرص مثبط مضخة البروتون ارتجاع المريء؛ القرحة الهضمية؛ متلازمة زولنجر إليسون أصفر بيضاوي صداع؛ إسهال؛ غثيان؛ ألم البطن؛ انتفاخ حساسية مثبطات مضخة البروتون,كونترولوك,بانتوبرازول,مثبط مضخة البروتون,قرص,أصفر,بيضاوي,ارتجاع المريء؛ القرحة الهضمية؛ متلازمة زولنجر إليسون,Prescription,Headache; Diarrhea; Nausea; Abdominal pain; Flatulence,صداع؛ إسهال؛ غثيان؛ ألم البطن؛ انتفاخ,PPI allergy,حساسية مثبطات مضخة البروتون
Famotidine,Famotidine,H2 Receptor Antagonist,Tablet,Light Brown,Round,GERD; Peptic ulcer; Zollinger-Ellison syndrome,Various,40 mg,famotidine generic famotidine form tablet class h2 receptor antagonist indication gerd; peptic ulcer; zollinger-ellison syndrome color light brown shape round famotidine 40 mg headache; dizziness; constipation; diarrhea hypersensitivity to famotidine فاموتيدين فاموتيدين قرص حاصر مستقبلات H2 ارتجاع المريء؛ القرحة الهضمية؛ متلازمة زولنجر إليسون بني فاتح دائري صداع؛ دوخة؛ إمساك؛ إسهال فرط الحساسية للفاموتيدين,famotidine generic famotidine form tablet class h2 receptor antagonist indication gerd; peptic ulcer; zollinger-ellison syndrome color light brown shape round famotidine 40 mg headache; dizziness; constipation; diarrhea hypersensitivity to famotidine فاموتيدين فاموتيدين قرص حاصر مستقبلات H2 ارتجاع المريء؛ القرحة الهضمية؛ متلازمة زولنجر إليسون بني فاتح دائري صداع؛ دوخة؛ إمساك؛ إسهال فرط الحساسية للفاموتيدين,فاموتيدين,فاموتيدين,حاصر مستقبلات H2,قرص,بني فاتح,دائري,ارتجاع المريء؛ القرحة الهضمية؛ متلازمة زولنجر إليسون,OTC,Headache; Dizziness; Constipation; Diarrhea,صداع؛ دوخة؛ إمساك؛ إسهال,Hypersensitivity to famotidine,فرط الحساسية للفاموتيدين
Motilium,Domperidone,Antiemetic / Prokinetic,Tablet,White,Round,Nausea; Vomiting; Gastroparesis; Functional dyspepsia,Janssen,10 mg,motilium generic domperidone form tablet class antiemetic / prokinetic indication nausea; vomiting; gastroparesis; functional dyspepsia color white shape round domperidone 10 mg dry mouth; headache; diarrhea; qt prolongation (rare) prolactinoma; gi obstruction/perforation/hemorrhage; severe hepatic impairment; concurrent qt-prolonging drugs موتيليوم دومبيريدون قرص مضاد للقيء / محرك للمعدة غثيان؛ قيء؛ خزل المعدة؛ عسر الهضم الوظيفي أبيض دائري جفاف الفم؛ صداع؛ إسهال؛ إطالة QT (نادر) ورم البرولاكتين؛ انسداد/ثقب/نزيف الجهاز الهضمي؛ قصور كبدي شديد؛ الأدوية المطيلة لـ QT,motilium generic domperidone form tablet class antiemetic / prokinetic indication nausea; vomiting; gastroparesis; functional dyspepsia color white shape round domperidone 10 mg dry mouth; headache; diarrhea; qt prolongation (rare) prolactinoma; gi obstruction/perforation/hemorrhage; severe hepatic impairment; concurrent qt-prolonging drugs موتيليوم دومبيريدون قرص مضاد للقيء / محرك للمعدة غثيان؛ قيء؛ خزل المعدة؛ عسر الهضم الوظيفي أبيض دائري جفاف الفم؛ صداع؛ إسهال؛ إطالة QT (نادر) ورم البرولاكتين؛ انسداد/ثقب/نزيف الجهاز الهضمي؛ قصور كبدي شديد؛ الأدوية المطيلة لـ QT,موتيليوم,دومبيريدون,مضاد للقيء / محرك للمعدة,قرص,أبيض,دائري,غثيان؛ قيء؛ خزل المعدة؛ عسر الهضم الوظيفي,Prescription,Dry mouth; Headache; Diarrhea; QT prolongation (rare),جفاف الفم؛ صداع؛ إسهال؛ إطالة QT (نادر),Prolactinoma; GI obstruction/perforation/hemorrhage; Severe hepatic impairment; Concurrent QT-prolonging drugs,ورم البرولاكتين؛ انسداد/ثقب/نزيف الجهاز الهضمي؛ قصور كبدي شديد؛ الأدوية المطيلة لـ QT
Zofran,Ondansetron,5-HT3 Receptor Antagonist (Antiemetic),Tablet,Yellow,Oval,Nausea and vomiting (chemotherapy-induced; post-operative; pregnancy),GSK,4 mg,zofran generic ondansetron form tablet class 5-ht3 receptor antagonist (antiemetic) indication nausea and vomiting (chemotherapy-induced; post-operative; pregnancy) color yellow shape oval ondansetron hcl 4 mg headache; constipation; dizziness; qt prolongation congenital long qt syndrome; concurrent apomorphine; hypersensitivity زوفران أوندانسيترون قرص مضاد مستقبلات 5-HT3 (مضاد للقيء) الغثيان والقيء (المرتبط بالعلاج الكيميائي؛ بعد الجراحة؛ الحمل) أصفر بيضاوي صداع؛ إمساك؛ دوخة؛ إطالة QT متلازمة QT الطويلة الخلقية؛ الاستخدام المتزامن مع أبومورفين؛ فرط الحساسية,zofran generic ondansetron form tablet class 5-ht3 receptor antagonist (antiemetic) indication nausea and vomiting (chemotherapy-induced; post-operative; pregnancy) color yellow shape oval ondansetron hcl 4 mg headache; constipation; dizziness; qt prolongation congenital long qt syndrome; concurrent apomorphine; hypersensitivity زوفران أوندانسيترون قرص مضاد مستقبلات 5-HT3 (مضاد للقيء) الغثيان والقيء (المرتبط بالعلاج الكيميائي؛ بعد الجراحة؛ الحمل) أصفر بيضاوي صداع؛ إمساك؛ دوخة؛ إطالة QT متلازمة QT الطويلة الخلقية؛ الاستخدام المتزامن مع أبومورفين؛ فرط الحساسية,زوفران,أوندانسيترون,مضاد مستقبلات 5-HT3 (مضاد للقيء),قرص,أصفر,بيضاوي,الغثيان والقيء (المرتبط بالعلاج الكيميائي؛ بعد الجراحة؛ الحمل),Prescription,Headache; Constipation; Dizziness; QT prolongation,صداع؛ إمساك؛ دوخة؛ إطالة QT,Congenital long QT syndrome; Concurrent apomorphine; Hypersensitivity,متلازمة QT الطويلة الخلقية؛ الاستخدام المتزامن مع أبومورفين؛ فرط الحساسية
Gaviscon,Sodium Alginate/Sodium Bicarbonate,Antacid / Alginate,Chewable Tablet,White,Round,Heartburn; Acid reflux; GERD symptom relief,Reckitt Benckiser,500/267 mg,gaviscon generic sodium alginate/sodium bicarbonate form chewable tablet class antacid / alginate indication heartburn; acid reflux; gerd symptom relief color white shape round sodium alginate 500 mg / sodium bicarbonate 267 mg bloating; flatulence; nausea (rare) hypersensitivity to ingredients; severe renal impairment (sodium content) غافيسكون ألجينات الصوديوم/بيكربونات الصوديوم قرص قابل للمضغ مضاد حموضة / ألجينات حرقة المعدة؛ ارتجاع الحمض؛ تخفيف أعراض ارتجاع المريء أبيض دائري انتفاخ؛ غازات؛ غثيان (نادر) فرط الحساسية للمكونات؛ قصور كلوي شديد (محتوى الصوديوم),gaviscon generic sodium alginate/sodium bicarbonate form chewable tablet class antacid / alginate indication heartburn; acid reflux; gerd symptom relief color white shape round sodium alginate 500 mg / sodium bicarbonate 267 mg bloating; flatulence; nausea (rare) hypersensitivity to ingredients; severe renal impairment (sodium content) غافيسكون ألجينات الصوديوم/بيكربونات الصوديوم قرص قابل للمضغ مضاد حموضة / ألجينات حرقة المعدة؛ ارتجاع الحمض؛ تخفيف أعراض ارتجاع المريء أبيض دائري انتفاخ؛ غازات؛ غثيان (نادر) فرط الحساسية للمكونات؛ قصور كلوي شديد (محتوى الصوديوم),غافيسكون,ألجينات الصوديوم/بيكربونات الصوديوم,مضاد حموضة / ألجينات,قرص قابل للمضغ,أبيض,دائري,حرقة المعدة؛ ارتجاع الحمض؛ تخفيف أعراض ارتجاع المريء,OTC,Bloating; Flatulence; Nausea (rare),انتفاخ؛ غازات؛ غثيان (نادر),Hypersensitivity to ingredients; Severe renal impairment (sodium content),فرط الحساسية للمكونات؛ قصور كلوي شديد (محتوى الصوديوم)
Duphalac,Lactulose,Osmotic Laxative,Syrup,Yellow liquid,Bottle,Constipation; Hepatic encephalopathy,Abbott,3.35 g/5 mL,duphalac generic lactulose form syrup class osmotic laxative indication constipation; hepatic encephalopathy color yellow liquid shape bottle lactulose 3.35 g/5 ml flatulence; abdominal cramps; diarrhea; nausea galactosemia; intestinal obstruction دوفالاك لاكتولوز شراب ملين تناضحي الإمساك؛ الاعتلال الدماغي الكبدي سائل أصفر زجاجة انتفاخ؛ تقلصات بطنية؛ إسهال؛ غثيان الغالاكتوزيميا؛ انسداد معوي,duphalac generic lactulose form syrup class osmotic laxative indication constipation; hepatic encephalopathy color yellow liquid shape bottle lactulose 3.35 g/5 ml flatulence; abdominal cramps; diarrhea; nausea galactosemia; intestinal obstruction دوفالاك لاكتولوز شراب ملين تناضحي الإمساك؛ الاعتلال الدماغي الكبدي سائل أصفر زجاجة انتفاخ؛ تقلصات بطنية؛ إسهال؛ غثيان الغالاكتوزيميا؛ انسداد معوي,دوفالاك,لاكتولوز,ملين تناضحي,شراب,سائل أصفر,زجاجة,الإمساك؛ الاعتلال الدماغي الكبدي,OTC,Flatulence; Abdominal cramps; Diarrhea; Nausea,انتفاخ؛ تقلصات بطنية؛ إسهال؛ غثيان,Galactosemia; Intestinal obstruction,الغالاكتوزيميا؛ انسداد معوي
Imodium,Loperamide,Antidiarrheal (Opioid Receptor Agonist),Capsule,Green/Grey,Capsule,Acute diarrhea; Chronic diarrhea,Janssen,2 mg,imodium generic loperamide form capsule class antidiarrheal (opioid receptor agonist) indication acute diarrhea; chronic diarrhea color green/grey shape capsule loperamide hcl 2 mg constipation; abdominal cramps; dizziness; nausea children <2 years; dysentery; acute ulcerative colitis; c. difficile colitis إيموديوم لوبيراميد كبسولة مضاد للإسهال (ناهض مستقبلات أفيونية) الإسهال الحاد؛ الإسهال المزمن أخضر/رمادي كبسولة إمساك؛ تقلصات بطنية؛ دوخة؛ غثيان الأطفال أقل من سنتين؛ الزحار؛ التهاب القولون التقرحي الحاد؛ التهاب القولون بالمطثية العسيرة,imodium generic loperamide form capsule class antidiarrheal (opioid receptor agonist) indication acute diarrhea; chronic diarrhea color green/grey shape capsule loperamide hcl 2 mg constipation; abdominal cramps; dizziness; nausea children <2 years; dysentery; acute ulcerative colitis; c. difficile colitis إيموديوم لوبيراميد كبسولة مضاد للإسهال (ناهض مستقبلات أفيونية) الإسهال الحاد؛ الإسهال المزمن أخضر/رمادي كبسولة إمساك؛ تقلصات بطنية؛ دوخة؛ غثيان الأطفال أقل من سنتين؛ الزحار؛ التهاب القولون التقرحي الحاد؛ التهاب القولون بالمطثية العسيرة,إيموديوم,لوبيراميد,مضاد للإسهال (ناهض مستقبلات أفيونية),كبسولة,أخضر/رمادي,كبسولة,الإسهال الحاد؛ الإسهال المزمن,OTC,Constipation; Abdominal cramps; Dizziness; Nausea,إمساك؛ تقلصات بطنية؛ دوخة؛ غثيان,Children <2 years; Dysentery; Acute ulcerative colitis; C. difficile colitis,الأطفال أقل من سنتين؛ الزحار؛ التهاب القولون التقرحي الحاد؛ التهاب القولون بالمطثية العسيرة
ORS (Oral Rehydration Salts),Electrolyte Mixture,Electrolyte Replacement,Powder for Solution,White powder,Sachet,Dehydration from diarrhea; Vomiting; Heat exhaustion,Various,WHO formula,ors (oral rehydration salts) generic electrolyte mixture form powder for solution class electrolyte replacement indication dehydration from diarrhea; vomiting; heat exhaustion color white powder shape sachet nacl + kcl + sodium citrate + glucose nausea; vomiting (if taken too fast); hypernatremia (incorrect preparation) ileus; intestinal obstruction; severe vomiting أملاح الإماهة الفموية مزيج الشوارد مسحوق للحل بديل شوارد الجفاف الناتج عن الإسهال؛ القيء؛ الإنهاك الحراري مسحوق أبيض كيس غثيان؛ قيء (إذا أخذ بسرعة)؛ فرط الصوديوم (تحضير غير صحيح) العلوص؛ انسداد معوي؛ قيء شديد,ors (oral rehydration salts) generic electrolyte mixture form powder for solution class electrolyte replacement indication dehydration from diarrhea; vomiting; heat exhaustion color white powder shape sachet nacl + kcl + sodium citrate + glucose nausea; vomiting (if taken too fast); hypernatremia (incorrect preparation) ileus; intestinal obstruction; severe vomiting أملاح الإماهة الفموية مزيج الشوارد مسحوق للحل بديل شوارد الجفاف الناتج عن الإسهال؛ القيء؛ الإنهاك الحراري مسحوق أبيض كيس غثيان؛ قيء (إذا أخذ بسرعة)؛ فرط الصوديوم (تحضير غير صحيح) العلوص؛ انسداد معوي؛ قيء شديد,أملاح الإماهة الفموية,مزيج الشوارد,بديل شوارد,مسحوق للحل,مسحوق أبيض,كيس,الجفاف الناتج عن الإسهال؛ القيء؛ الإنهاك الحراري,OTC,Nausea; Vomiting (if taken too fast); Hypernatremia (incorrect preparation),غثيان؛ قيء (إذا أخذ بسرعة)؛ فرط الصوديوم (تحضير غير صحيح),Ileus; Intestinal obstruction; Severe vomiting,العلوص؛ انسداد معوي؛ قيء شديد
Maalox,Aluminium Hydroxide/Magnesium Hydroxide,Antacid,Chewable Tablet,White,Round,Heartburn; Acid indigestion; Gastric hyperacidity,Sanofi,200/200 mg,maalox generic aluminium hydroxide/magnesium hydroxide form chewable tablet class antacid indication heartburn; acid indigestion; gastric hyperacidity color white shape round al(oh)3 200 mg / mg(oh)2 200 mg constipation (al); diarrhea (mg); nausea severe renal impairment; hypophosphatemia مالوكس هيدروكسيد الألمنيوم/هيدروكسيد المغنيسيوم قرص قابل للمضغ مضاد حموضة حرقة المعدة؛ عسر الهضم الحمضي؛ فرط حموضة المعدة أبيض دائري إمساك (ألمنيوم)؛ إسهال (مغنيسيوم)؛ غثيان قصور كلوي شديد؛ نقص الفوسفات,maalox generic aluminium hydroxide/magnesium hydroxide form chewable tablet class antacid indication heartburn; acid indigestion; gastric hyperacidity color white shape round al(oh)3 200 mg / mg(oh)2 200 mg constipation (al); diarrhea (mg); nausea severe renal impairment; hypophosphatemia مالوكس هيدروكسيد الألمنيوم/هيدروكسيد المغنيسيوم قرص قابل للمضغ مضاد حموضة حرقة المعدة؛ عسر الهضم الحمضي؛ فرط حموضة المعدة أبيض دائري إمساك (ألمنيوم)؛ إسهال (مغنيسيوم)؛ غثيان قصور كلوي شديد؛ نقص الفوسفات,مالوكس,هيدروكسيد الألمنيوم/هيدروكسيد المغنيسيوم,مضاد حموضة,قرص قابل للمضغ,أبيض,دائري,حرقة المعدة؛ عسر الهضم الحمضي؛ فرط حموضة المعدة,OTC,Constipation (Al); Diarrhea (Mg); Nausea,إمساك (ألمنيوم)؛ إسهال (مغنيسيوم)؛ غثيان,Severe renal impairment; Hypophosphatemia,قصور كلوي شديد؛ نقص الفوسفات
Buscopan,Hyoscine Butylbromide,Anticholinergic / Antispasmodic,Tablet,White,Round,Abdominal cramps; IBS; Renal colic; Biliary colic,Boehringer Ingelheim,10 mg,buscopan generic hyoscine butylbromide form tablet class anticholinergic / antispasmodic indication abdominal cramps; ibs; renal colic; biliary colic color white shape round hyoscine butylbromide 10 mg dry mouth; tachycardia; blurred vision; urinary retention glaucoma; myasthenia gravis; megacolon; prostatic hypertrophy with urinary retention بسكوبان هيوسين بوتيل بروميد قرص مضاد كوليني / مضاد تشنج تقلصات بطنية؛ متلازمة القولون العصبي؛ مغص كلوي؛ مغص صفراوي أبيض دائري جفاف الفم؛ تسرع القلب؛ عدم وضوح الرؤية؛ احتباس البول الزرق؛ الوهن العضلي الوبيل؛ تضخم القولون؛ تضخم البروستاتا مع احتباس البول,buscopan generic hyoscine butylbromide form tablet class anticholinergic / antispasmodic indication abdominal cramps; ibs; renal colic; biliary colic color white shape round hyoscine butylbromide 10 mg dry mouth; tachycardia; blurred vision; urinary retention glaucoma; myasthenia gravis; megacolon; prostatic hypertrophy with urinary retention بسكوبان هيوسين بوتيل بروميد قرص مضاد كوليني / مضاد تشنج تقلصات بطنية؛ متلازمة القولون العصبي؛ مغص كلوي؛ مغص صفراوي أبيض دائري جفاف الفم؛ تسرع القلب؛ عدم وضوح الرؤية؛ احتباس البول الزرق؛ الوهن العضلي الوبيل؛ تضخم القولون؛ تضخم البروستاتا مع احتباس البول,بسكوبان,هيوسين بوتيل بروميد,مضاد كوليني / مضاد تشنج,قرص,أبيض,دائري,تقلصات بطنية؛ متلازمة القولون العصبي؛ مغص كلوي؛ مغص صفراوي,OTC,Dry mouth; Tachycardia; Blurred vision; Urinary retention,جفاف الفم؛ تسرع القلب؛ عدم وضوح الرؤية؛ احتباس البول,Glaucoma; Myasthenia gravis; Megacolon; Prostatic hypertrophy with urinary retention,الزرق؛ الوهن العضلي الوبيل؛ تضخم القولون؛ تضخم البروستاتا مع احتباس البول
Duspatalin,Mebeverine,Antispasmodic (Direct Smooth Muscle Relaxant),Capsule,White/Blue,Capsule,Irritable bowel syndrome; Abdominal cramps; Colonic spasm,Abbott,200 mg,duspatalin generic mebeverine form capsule class antispasmodic (direct smooth muscle relaxant) indication irritable bowel syndrome; abdominal cramps; colonic spasm color white/blue shape capsule mebeverine hcl 200 mg dizziness; headache; nausea; rash (rare) hypersensitivity to mebeverine; paralytic ileus دوسباتالين ميبيفيرين كبسولة مضاد تشنج (مرخي مباشر للعضلات الملساء) متلازمة القولون العصبي؛ تقلصات بطنية؛ تشنج القولون أبيض/أزرق كبسولة دوخة؛ صداع؛ غثيان؛ طفح جلدي (نادر) فرط الحساسية للميبيفيرين؛ العلوص الشللي,duspatalin generic mebeverine form capsule class antispasmodic (direct smooth muscle relaxant) indication irritable bowel syndrome; abdominal cramps; colonic spasm color white/blue shape capsule mebeverine hcl 200 mg dizziness; headache; nausea; rash (rare) hypersensitivity to mebeverine; paralytic ileus دوسباتالين ميبيفيرين كبسولة مضاد تشنج (مرخي مباشر للعضلات الملساء) متلازمة القولون العصبي؛ تقلصات بطنية؛ تشنج القولون أبيض/أزرق كبسولة دوخة؛ صداع؛ غثيان؛ طفح جلدي (نادر) فرط الحساسية للميبيفيرين؛ العلوص الشللي,دوسباتالين,ميبيفيرين,مضاد تشنج (مرخي مباشر للعضلات الملساء),كبسولة,أبيض/أزرق,كبسولة,متلازمة القولون العصبي؛ تقلصات بطنية؛ تشنج القولون,OTC,Dizziness; Headache; Nausea; Rash (rare),دوخة؛ صداع؛ غثيان؛ طفح جلدي (نادر),Hypersensitivity to mebeverine; Paralytic ileus,فرط الحساسية للميبيفيرين؛ العلوص الشللي
Metoclopramide,Metoclopramide,Antiemetic / Prokinetic (Dopamine Antagonist),Tablet,White,Round,Nausea; Vomiting; Gastroparesis; GERD,Various,10 mg,metoclopramide generic metoclopramide form tablet class antiemetic / prokinetic (dopamine antagonist) indication nausea; vomiting; gastroparesis; gerd color white shape round metoclopramide hcl 10 mg drowsiness; restlessness; extrapyramidal symptoms; tardive dyskinesia (chronic) gi obstruction/perforation; pheochromocytoma; epilepsy; parkinson's disease ميتوكلوبراميد ميتوكلوبراميد قرص مضاد للقيء / محرك للمعدة (مضاد الدوبامين) غثيان؛ قيء؛ خزل المعدة؛ ارتجاع المريء أبيض دائري نعاس؛ قلق؛ أعراض خارج هرمية؛ خلل الحركة المتأخر (مزمن) انسداد/ثقب الجهاز الهضمي؛ ورم القواتم؛ الصرع؛ مرض باركنسون,metoclopramide generic metoclopramide form tablet class antiemetic / prokinetic (dopamine antagonist) indication nausea; vomiting; gastroparesis; gerd color white shape round metoclopramide hcl 10 mg drowsiness; restlessness; extrapyramidal symptoms; tardive dyskinesia (chronic) gi obstruction/perforation; pheochromocytoma; epilepsy; parkinson's disease ميتوكلوبراميد ميتوكلوبراميد قرص مضاد للقيء / محرك للمعدة (مضاد الدوبامين) غثيان؛ قيء؛ خزل المعدة؛ ارتجاع المريء أبيض دائري نعاس؛ قلق؛ أعراض خارج هرمية؛ خلل الحركة المتأخر (مزمن) انسداد/ثقب الجهاز الهضمي؛ ورم القواتم؛ الصرع؛ مرض باركنسون,ميتوكلوبراميد,ميتوكلوبراميد,مضاد للقيء / محرك للمعدة (مضاد الدوبامين),قرص,أبيض,دائري,غثيان؛ قيء؛ خزل المعدة؛ ارتجاع المريء,Prescription,Drowsiness; Restlessness; Extrapyramidal symptoms; Tardive dyskinesia (chronic),نعاس؛ قلق؛ أعراض خارج هرمية؛ خلل الحركة المتأخر (مزمن),GI obstruction/perforation; Pheochromocytoma; Epilepsy; Parkinson's disease,انسداد/ثقب الجهاز الهضمي؛ ورم القواتم؛ الصرع؛ مرض باركنسون
Xanax,Alprazolam,Benzodiazepine,Tablet,White,Oval,Anxiety disorders; Panic disorder,Pfizer,0.5 mg,xanax generic alprazolam form tablet class benzodiazepine indication anxiety disorders; panic disorder color white shape oval alprazolam 0.5 mg drowsiness; dizziness; dependence; memory impairment; confusion myasthenia gravis; severe respiratory insufficiency; sleep apnea; severe hepatic impairment; pregnancy زاناكس ألبرازولام قرص بنزوديازيبين اضطرابات القلق؛ اضطراب الهلع أبيض بيضاوي نعاس؛ دوخة؛ اعتماد؛ ضعف الذاكرة؛ ارتباك الوهن العضلي الوبيل؛ قصور تنفسي شديد؛ انقطاع التنفس أثناء النوم؛ قصور كبدي شديد؛ الحمل,xanax generic alprazolam form tablet class benzodiazepine indication anxiety disorders; panic disorder color white shape oval alprazolam 0.5 mg drowsiness; dizziness; dependence; memory impairment; confusion myasthenia gravis; severe respiratory insufficiency; sleep apnea; severe hepatic impairment; pregnancy زاناكس ألبرازولام قرص بنزوديازيبين اضطرابات القلق؛ اضطراب الهلع أبيض بيضاوي نعاس؛ دوخة؛ اعتماد؛ ضعف الذاكرة؛ ارتباك الوهن العضلي الوبيل؛ قصور تنفسي شديد؛ انقطاع التنفس أثناء النوم؛ قصور كبدي شديد؛ الحمل,زاناكس,ألبرازولام,بنزوديازيبين,قرص,أبيض,بيضاوي,اضطرابات القلق؛ اضطراب الهلع,Controlled,Drowsiness; Dizziness; Dependence; Memory impairment; Confusion,نعاس؛ دوخة؛ اعتماد؛ ضعف الذاكرة؛ ارتباك,Myasthenia gravis; Severe respiratory insufficiency; Sleep apnea; Severe hepatic impairment; Pregnancy,الوهن العضلي الوبيل؛ قصور تنفسي شديد؛ انقطاع التنفس أثناء النوم؛ قصور كبدي شديد؛ الحمل
Valium,Diazepam,Benzodiazepine,Tablet,Yellow,Round,Anxiety; Muscle spasm; Alcohol withdrawal; Seizures (adjunct),Roche,5 mg,valium generic diazepam form tablet class benzodiazepine indication anxiety; muscle spasm; alcohol withdrawal; seizures (adjunct) color yellow shape round diazepam 5 mg drowsiness; dependence; respiratory depression; confusion; ataxia myasthenia gravis; severe respiratory insufficiency; sleep apnea; severe hepatic impairment فاليوم ديازيبام قرص بنزوديازيبين القلق؛ تشنج عضلي؛ انسحاب الكحول؛ النوبات (مساعد) أصفر دائري نعاس؛ اعتماد؛ اكتئاب تنفسي؛ ارتباك؛ رنح الوهن العضلي الوبيل؛ قصور تنفسي شديد؛ انقطاع التنفس أثناء النوم؛ قصور كبدي شديد,valium generic diazepam form tablet class benzodiazepine indication anxiety; muscle spasm; alcohol withdrawal; seizures (adjunct) color yellow shape round diazepam 5 mg drowsiness; dependence; respiratory depression; confusion; ataxia myasthenia gravis; severe respiratory insufficiency; sleep apnea; severe hepatic impairment فاليوم ديازيبام قرص بنزوديازيبين القلق؛ تشنج عضلي؛ انسحاب الكحول؛ النوبات (مساعد) أصفر دائري نعاس؛ اعتماد؛ اكتئاب تنفسي؛ ارتباك؛ رنح الوهن العضلي الوبيل؛ قصور تنفسي شديد؛ انقطاع التنفس أثناء النوم؛ قصور كبدي شديد,فاليوم,ديازيبام,بنزوديازيبين,قرص,أصفر,دائري,القلق؛ تشنج عضلي؛ انسحاب الكحول؛ النوبات (مساعد),Controlled,Drowsiness; Dependence; Respiratory depression; Confusion; Ataxia,نعاس؛ اعتماد؛ اكتئاب تنفسي؛ ارتباك؛ رنح,Myasthenia gravis; Severe respiratory insufficiency; Sleep apnea; Severe hepatic impairment,الوهن العضلي الوبيل؛ قصور تنفسي شديد؛ انقطاع التنفس أثناء النوم؛ قصور كبدي شديد
Ativan,Lorazepam,Benzodiazepine,Tablet,White,Round,Anxiety; Insomnia; Preoperative sedation; Status epilepticus (IV),Pfizer,1 mg,ativan generic lorazepam form tablet class benzodiazepine indication anxiety; insomnia; preoperative sedation; status epilepticus (iv) color white shape round lorazepam 1 mg drowsiness; dizziness; dependence; respiratory depression; weakness myasthenia gravis; severe respiratory insufficiency; narrow-angle glaucoma; severe hepatic impairment أتيفان لورازيبام قرص بنزوديازيبين القلق؛ الأرق؛ التخدير قبل الجراحة؛ الصرع المستمر (وريدي) أبيض دائري نعاس؛ دوخة؛ اعتماد؛ اكتئاب تنفسي؛ ضعف الوهن العضلي الوبيل؛ قصور تنفسي شديد؛ الجلوكوما ضيقة الزاوية؛ قصور كبدي شديد,ativan generic lorazepam form tablet class benzodiazepine indication anxiety; insomnia; preoperative sedation; status epilepticus (iv) color white shape round lorazepam 1 mg drowsiness; dizziness; dependence; respiratory depression; weakness myasthenia gravis; severe respiratory insufficiency; narrow-angle glaucoma; severe hepatic impairment أتيفان لورازيبام قرص بنزوديازيبين القلق؛ الأرق؛ التخدير قبل الجراحة؛ الصرع المستمر (وريدي) أبيض دائري نعاس؛ دوخة؛ اعتماد؛ اكتئاب تنفسي؛ ضعف الوهن العضلي الوبيل؛ قصور تنفسي شديد؛ الجلوكوما ضيقة الزاوية؛ قصور كبدي شديد,أتيفان,لورازيبام,بنزوديازيبين,قرص,أبيض,دائري,القلق؛ الأرق؛ التخدير قبل الجراحة؛ الصرع المستمر (وريدي),Controlled,Drowsiness; Dizziness; Dependence; Respiratory depression; Weakness,نعاس؛ دوخة؛ اعتماد؛ اكتئاب تنفسي؛ ضعف,Myasthenia gravis; Severe respiratory insufficiency; Narrow-angle glaucoma; Severe hepatic impairment,الوهن العضلي الوبيل؛ قصور تنفسي شديد؛ الجلوكوما ضيقة الزاوية؛ قصور كبدي شديد
Zoloft,Sertraline,SSRI (Selective Serotonin Reuptake Inhibitor),Tablet,Light Blue,Capsule-shaped,Depression; OCD; Panic disorder; PTSD; Social anxiety; Premenstrual dysphoric disorder,Pfizer,50 mg,zoloft generic sertraline form tablet class ssri (selective serotonin reuptake inhibitor) indication depression; ocd; panic disorder; ptsd; social anxiety; premenstrual dysphoric disorder color light blue shape capsule-shaped sertraline hcl 50 mg nausea; diarrhea; insomnia; headache; sexual dysfunction; dry mouth concurrent maois; pimozide; disulfiram (oral concentrate) زولوفت سيرترالين قرص مثبط انتقائي لاسترداد السيروتونين اكتئاب؛ وسواس قهري؛ اضطراب الهلع؛ اضطراب ما بعد الصدمة؛ قلق اجتماعي؛ اضطراب ما قبل الحيض أزرق فاتح على شكل كبسولة غثيان؛ إسهال؛ أرق؛ صداع؛ ضعف جنسي؛ جفاف الفم الاستخدام المتزامن مع مثبطات MAO؛ بيموزيد؛ ديسولفيرام (المحلول الفموي),zoloft generic sertraline form tablet class ssri (selective serotonin reuptake inhibitor) indication depression; ocd; panic disorder; ptsd; social anxiety; premenstrual dysphoric disorder color light blue shape capsule-shaped sertraline hcl 50 mg nausea; diarrhea; insomnia; headache; sexual dysfunction; dry mouth concurrent maois; pimozide; disulfiram (oral concentrate) زولوفت سيرترالين قرص مثبط انتقائي لاسترداد السيروتونين اكتئاب؛ وسواس قهري؛ اضطراب الهلع؛ اضطراب ما بعد الصدمة؛ قلق اجتماعي؛ اضطراب ما قبل الحيض أزرق فاتح على شكل كبسولة غثيان؛ إسهال؛ أرق؛ صداع؛ ضعف جنسي؛ جفاف الفم الاستخدام المتزامن مع مثبطات MAO؛ بيموزيد؛ ديسولفيرام (المحلول الفموي),زولوفت,سيرترالين,مثبط انتقائي لاسترداد السيروتونين,قرص,أزرق فاتح,على شكل كبسولة,اكتئاب؛ وسواس قهري؛ اضطراب الهلع؛ اضطراب ما بعد الصدمة؛ قلق اجتماعي؛ اضطراب ما قبل الحيض,Prescription,Nausea; Diarrhea; Insomnia; Headache; Sexual dysfunction; Dry mouth,غثيان؛ إسهال؛ أرق؛ صداع؛ ضعف جنسي؛ جفاف الفم,Concurrent MAOIs; Pimozide; Disulfiram (oral concentrate),الاستخدام المتزامن مع مثبطات MAO؛ بيموزيد؛ ديسولفيرام (المحلول الفموي)
Zoloft,Sertraline,SSRI (Selective Serotonin Reuptake Inhibitor),Tablet,Yellow,Capsule-shaped,Depression; OCD; Panic disorder; PTSD; Social anxiety,Pfizer,100 mg,zoloft generic sertraline form tablet class ssri (selective serotonin reuptake inhibitor) indication depression; ocd; panic disorder; ptsd; social anxiety color yellow shape capsule-shaped sertraline hcl 100 mg nausea; diarrhea; insomnia; headache; sexual dysfunction; tremor concurrent maois; pimozide زولوفت سيرترالين قرص مثبط انتقائي لاسترداد السيروتونين اكتئاب؛ وسواس قهري؛ اضطراب الهلع؛ اضطراب ما بعد الصدمة؛ قلق اجتماعي أصفر على شكل كبسولة غثيان؛ إسهال؛ أرق؛ صداع؛ ضعف جنسي؛ رعاش الاستخدام المتزامن مع مثبطات MAO؛ بيموزيد,zoloft generic sertraline form tablet class ssri (selective serotonin reuptake inhibitor) indication depression; ocd; panic disorder; ptsd; social anxiety color yellow shape capsule-shaped sertraline hcl 100 mg nausea; diarrhea; insomnia; headache; sexual dysfunction; tremor concurrent maois; pimozide زولوفت سيرترالين قرص مثبط انتقائي لاسترداد السيروتونين اكتئاب؛ وسواس قهري؛ اضطراب الهلع؛ اضطراب ما بعد الصدمة؛ قلق اجتماعي أصفر على شكل كبسولة غثيان؛ إسهال؛ أرق؛ صداع؛ ضعف جنسي؛ رعاش الاستخدام المتزامن مع مثبطات MAO؛ بيموزيد,زولوفت,سيرترالين,مثبط انتقائي لاسترداد السيروتونين,قرص,أصفر,على شكل كبسولة,اكتئاب؛ وسواس قهري؛ اضطراب الهلع؛ اضطراب ما بعد الصدمة؛ قلق اجتماعي,Prescription,Nausea; Diarrhea; Insomnia; Headache; Sexual dysfunction; Tremor,غثيان؛ إسهال؛ أرق؛ صداع؛ ضعف جنسي؛ رعاش,Concurrent MAOIs; Pimozide,الاستخدام المتزامن مع مثبطات MAO؛ بيموزيد
Prozac,Fluoxetine,SSRI (Selective Serotonin Reuptake Inhibitor),Capsule,Green/White,Capsule,Depression; OCD; Bulimia nervosa; Panic disorder,Eli Lilly,20 mg,prozac generic fluoxetine form capsule class ssri (selective serotonin reuptake inhibitor) indication depression; ocd; bulimia nervosa; panic disorder color green/white shape capsule fluoxetine hcl 20 mg nausea; insomnia; headache; anxiety; sexual dysfunction; weight loss concurrent maois; pimozide; thioridazine بروزاك فلوكسيتين كبسولة مثبط انتقائي لاسترداد السيروتونين اكتئاب؛ وسواس قهري؛ شره عصبي؛ اضطراب الهلع أخضر/أبيض كبسولة غثيان؛ أرق؛ صداع؛ قلق؛ ضعف جنسي؛ فقدان الوزن الاستخدام المتزامن مع مثبطات MAO؛ بيموزيد؛ ثيوريدازين,prozac generic fluoxetine form capsule class ssri (selective serotonin reuptake inhibitor) indication depression; ocd; bulimia nervosa; panic disorder color green/white shape capsule fluoxetine hcl 20 mg nausea; insomnia; headache; anxiety; sexual dysfunction; weight loss concurrent maois; pimozide; thioridazine بروزاك فلوكسيتين كبسولة مثبط انتقائي لاسترداد السيروتونين اكتئاب؛ وسواس قهري؛ شره عصبي؛ اضطراب الهلع أخضر/أبيض كبسولة غثيان؛ أرق؛ صداع؛ قلق؛ ضعف جنسي؛ فقدان الوزن الاستخدام المتزامن مع مثبطات MAO؛ بيموزيد؛ ثيوريدازين,بروزاك,فلوكسيتين,مثبط انتقائي لاسترداد السيروتونين,كبسولة,أخضر/أبيض,كبسولة,اكتئاب؛ وسواس قهري؛ شره عصبي؛ اضطراب الهلع,Prescription,Nausea; Insomnia; Headache; Anxiety; Sexual dysfunction; Weight loss,غثيان؛ أرق؛ صداع؛ قلق؛ ضعف جنسي؛ فقدان الوزن,Concurrent MAOIs; Pimozide; Thioridazine,الاستخدام المتزامن مع مثبطات MAO؛ بيموزيد؛ ثيوريدازين
Cipralex,Escitalopram,SSRI (Selective Serotonin Reuptake Inhibitor),Tablet,White,Oval,Depression; Generalized anxiety disorder; Panic disorder; Social anxiety,Lundbeck,10 mg,cipralex generic escitalopram form tablet class ssri (selective serotonin reuptake inhibitor) indication depression; generalized anxiety disorder; panic disorder; social anxiety color white shape oval escitalopram oxalate 10 mg nausea; insomnia; headache; dry mouth; sweating; sexual dysfunction concurrent maois; qt prolongation risk; pimozide سيبرالكس إسيتالوبرام قرص مثبط انتقائي لاسترداد السيروتونين اكتئاب؛ اضطراب القلق العام؛ اضطراب الهلع؛ قلق اجتماعي أبيض بيضاوي غثيان؛ أرق؛ صداع؛ جفاف الفم؛ تعرق؛ ضعف جنسي الاستخدام المتزامن مع مثبطات MAO؛ خطر إطالة QT؛ بيموزيد,cipralex generic escitalopram form tablet class ssri (selective serotonin reuptake inhibitor) indication depression; generalized anxiety disorder; panic disorder; social anxiety color white shape oval escitalopram oxalate 10 mg nausea; insomnia; headache; dry mouth; sweating; sexual dysfunction concurrent maois; qt prolongation risk; pimozide سيبرالكس إسيتالوبرام قرص مثبط انتقائي لاسترداد السيروتونين اكتئاب؛ اضطراب القلق العام؛ اضطراب الهلع؛ قلق اجتماعي أبيض بيضاوي غثيان؛ أرق؛ صداع؛ جفاف الفم؛ تعرق؛ ضعف جنسي الاستخدام المتزامن مع مثبطات MAO؛ خطر إطالة QT؛ بيموزيد,سيبرالكس,إسيتالوبرام,مثبط انتقائي لاسترداد السيروتونين,قرص,أبيض,بيضاوي,اكتئاب؛ اضطراب القلق العام؛ اضطراب الهلع؛ قلق اجتماعي,Prescription,Nausea; Insomnia; Headache; Dry mouth; Sweating; Sexual dysfunction,غثيان؛ أرق؛ صداع؛ جفاف الفم؛ تعرق؛ ضعف جنسي,Concurrent MAOIs; QT prolongation risk; Pimozide,الاستخدام المتزامن مع مثبطات MAO؛ خطر إطالة QT؛ بيموزيد
Cipralex,Escitalopram,SSRI (Selective Serotonin Reuptake Inhibitor),Tablet,White,Oval,Depression; Generalized anxiety disorder,Lundbeck,20 mg,cipralex generic escitalopram form tablet class ssri (selective serotonin reuptake inhibitor) indication depression; generalized anxiety disorder color white shape oval escitalopram oxalate 20 mg nausea; insomnia; headache; qt prolongation; hyponatremia concurrent maois; qt prolongation; pimozide سيبرالكس إسيتالوبرام قرص مثبط انتقائي لاسترداد السيروتونين اكتئاب؛ اضطراب القلق العام أبيض بيضاوي غثيان؛ أرق؛ صداع؛ إطالة QT؛ نقص الصوديوم الاستخدام المتزامن مع مثبطات MAO؛ إطالة QT؛ بيموزيد,cipralex generic escitalopram form tablet class ssri (selective serotonin reuptake inhibitor) indication depression; generalized anxiety disorder color white shape oval escitalopram oxalate 20 mg nausea; insomnia; headache; qt prolongation; hyponatremia concurrent maois; qt prolongation; pimozide سيبرالكس إسيتالوبرام قرص مثبط انتقائي لاسترداد السيروتونين اكتئاب؛ اضطراب القلق العام أبيض بيضاوي غثيان؛ أرق؛ صداع؛ إطالة QT؛ نقص الصوديوم الاستخدام المتزامن مع مثبطات MAO؛ إطالة QT؛ بيموزيد,سيبرالكس,إسيتالوبرام,مثبط انتقائي لاسترداد السيروتونين,قرص,أبيض,بيضاوي,اكتئاب؛ اضطراب القلق العام,Prescription,Nausea; Insomnia; Headache; QT prolongation; Hyponatremia,غثيان؛ أرق؛ صداع؛ إطالة QT؛ نقص الصوديوم,Concurrent MAOIs; QT prolongation; Pimozide,الاستخدام المتزامن مع مثبطات MAO؛ إطالة QT؛ بيموزيد
Effexor XR,Venlafaxine,SNRI (Serotonin-Norepinephrine Reuptake Inhibitor),Extended-release Capsule,Peach,Capsule,Depression; Generalized anxiety disorder; Social anxiety; Panic disorder,Pfizer,75 mg,effexor xr generic venlafaxine form extended-release capsule class snri (serotonin-norepinephrine reuptake inhibitor) indication depression; generalized anxiety disorder; social anxiety; panic disorder color peach shape capsule venlafaxine hcl 75 mg nausea; insomnia; dizziness; sweating; hypertension; sexual dysfunction; dry mouth concurrent maois; uncontrolled hypertension إيفيكسور إكس آر فنلافاكسين كبسولة ممتدة المفعول مثبط انتقائي لاسترداد السيروتونين والنورأدرينالين اكتئاب؛ اضطراب القلق العام؛ القلق الاجتماعي؛ اضطراب الهلع خوخي كبسولة غثيان؛ أرق؛ دوخة؛ تعرق؛ ارتفاع ضغط الدم؛ ضعف جنسي؛ جفاف الفم الاستخدام المتزامن مع مثبطات MAO؛ ارتفاع ضغط الدم غير المسيطر عليه,effexor xr generic venlafaxine form extended-release capsule class snri (serotonin-norepinephrine reuptake inhibitor) indication depression; generalized anxiety disorder; social anxiety; panic disorder color peach shape capsule venlafaxine hcl 75 mg nausea; insomnia; dizziness; sweating; hypertension; sexual dysfunction; dry mouth concurrent maois; uncontrolled hypertension إيفيكسور إكس آر فنلافاكسين كبسولة ممتدة المفعول مثبط انتقائي لاسترداد السيروتونين والنورأدرينالين اكتئاب؛ اضطراب القلق العام؛ القلق الاجتماعي؛ اضطراب الهلع خوخي كبسولة غثيان؛ أرق؛ دوخة؛ تعرق؛ ارتفاع ضغط الدم؛ ضعف جنسي؛ جفاف الفم الاستخدام المتزامن مع مثبطات MAO؛ ارتفاع ضغط الدم غير المسيطر عليه,إيفيكسور إكس آر,فنلافاكسين,مثبط انتقائي لاسترداد السيروتونين والنورأدرينالين,كبسولة ممتدة المفعول,خوخي,كبسولة,اكتئاب؛ اضطراب القلق العام؛ القلق الاجتماعي؛ اضطراب الهلع,Prescription,Nausea; Insomnia; Dizziness; Sweating; Hypertension; Sexual dysfunction; Dry mouth,غثيان؛ أرق؛ دوخة؛ تعرق؛ ارتفاع ضغط الدم؛ ضعف جنسي؛ جفاف الفم,Concurrent MAOIs; Uncontrolled hypertension,الاستخدام المتزامن مع مثبطات MAO؛ ارتفاع ضغط الدم غير المسيطر عليه
Effexor XR,Venlafaxine,SNRI (Serotonin-Norepinephrine Reuptake Inhibitor),Extended-release Capsule,Dark Orange,Capsule,Depression; Generalized anxiety disorder; Social anxiety,Pfizer,150 mg,effexor xr generic venlafaxine form extended-release capsule class snri (serotonin-norepinephrine reuptake inhibitor) indication depression; generalized anxiety disorder; social anxiety color dark orange shape capsule venlafaxine hcl 150 mg hypertension; nausea; insomnia; sweating; serotonin syndrome (rare) concurrent maois; uncontrolled hypertension إيفيكسور إكس آر فنلافاكسين كبسولة ممتدة المفعول مثبط انتقائي لاسترداد السيروتونين والنورأدرينالين اكتئاب؛ اضطراب القلق العام؛ القلق الاجتماعي برتقالي غامق كبسولة ارتفاع ضغط الدم؛ غثيان؛ أرق؛ تعرق؛ متلازمة السيروتونين (نادرة) الاستخدام المتزامن مع مثبطات MAO؛ ارتفاع ضغط الدم غير المسيطر عليه,effexor xr generic venlafaxine form extended-release capsule class snri (serotonin-norepinephrine reuptake inhibitor) indication depression; generalized anxiety disorder; social anxiety color dark orange shape capsule venlafaxine hcl 150 mg hypertension; nausea; insomnia; sweating; serotonin syndrome (rare) concurrent maois; uncontrolled hypertension إيفيكسور إكس آر فنلافاكسين كبسولة ممتدة المفعول مثبط انتقائي لاسترداد السيروتونين والنورأدرينالين اكتئاب؛ اضطراب القلق العام؛ القلق الاجتماعي برتقالي غامق كبسولة ارتفاع ضغط الدم؛ غثيان؛ أرق؛ تعرق؛ متلازمة السيروتونين (نادرة) الاستخدام المتزامن مع مثبطات MAO؛ ارتفاع ضغط الدم غير المسيطر عليه,إيفيكسور إكس آر,فنلافاكسين,مثبط انتقائي لاسترداد السيروتونين والنورأدرينالين,كبسولة ممتدة المفعول,برتقالي غامق,كبسولة,اكتئاب؛ اضطراب القلق العام؛ القلق الاجتماعي,Prescription,Hypertension; Nausea; Insomnia; Sweating; Serotonin syndrome (rare),ارتفاع ضغط الدم؛ غثيان؛ أرق؛ تعرق؛ متلازمة السيروتونين (نادرة),Concurrent MAOIs; Uncontrolled hypertension,الاستخدام المتزامن مع مثبطات MAO؛ ارتفاع ضغط الدم غير المسيطر عليه
Zyprexa,Olanzapine,Atypical Antipsychotic,Tablet,White,Round,Schizophrenia; Bipolar disorder (manic episodes),Eli Lilly,5 mg,zyprexa generic olanzapine form tablet class atypical antipsychotic indication schizophrenia; bipolar disorder (manic episodes) color white shape round olanzapine 5 mg weight gain; sedation; dizziness; hyperglycemia; hyperlipidemia; extrapyramidal symptoms narrow-angle glaucoma; severe hepatic impairment زيبريكسا أولانزابين قرص مضاد ذهان غير نمطي الفصام؛ اضطراب ثنائي القطب (نوبات هوس) أبيض دائري زيادة الوزن؛ تهدئة؛ دوخة؛ ارتفاع السكر؛ فرط الدهون؛ أعراض خارج هرمية الجلوكوما ضيقة الزاوية؛ قصور كبدي شديد,zyprexa generic olanzapine form tablet class atypical antipsychotic indication schizophrenia; bipolar disorder (manic episodes) color white shape round olanzapine 5 mg weight gain; sedation; dizziness; hyperglycemia; hyperlipidemia; extrapyramidal symptoms narrow-angle glaucoma; severe hepatic impairment زيبريكسا أولانزابين قرص مضاد ذهان غير نمطي الفصام؛ اضطراب ثنائي القطب (نوبات هوس) أبيض دائري زيادة الوزن؛ تهدئة؛ دوخة؛ ارتفاع السكر؛ فرط الدهون؛ أعراض خارج هرمية الجلوكوما ضيقة الزاوية؛ قصور كبدي شديد,زيبريكسا,أولانزابين,مضاد ذهان غير نمطي,قرص,أبيض,دائري,الفصام؛ اضطراب ثنائي القطب (نوبات هوس),Prescription,Weight gain; Sedation; Dizziness; Hyperglycemia; Hyperlipidemia; Extrapyramidal symptoms,زيادة الوزن؛ تهدئة؛ دوخة؛ ارتفاع السكر؛ فرط الدهون؛ أعراض خارج هرمية,Narrow-angle glaucoma; Severe hepatic impairment,الجلوكوما ضيقة الزاوية؛ قصور كبدي شديد
Zyprexa,Olanzapine,Atypical Antipsychotic,Tablet,White,Round,Schizophrenia; Bipolar disorder; Treatment-resistant depression (adjunct),Eli Lilly,10 mg,zyprexa generic olanzapine form tablet class atypical antipsychotic indication schizophrenia; bipolar disorder; treatment-resistant depression (adjunct) color white shape round olanzapine 10 mg weight gain; metabolic syndrome; sedation; qt prolongation narrow-angle glaucoma; severe hepatic impairment زيبريكسا أولانزابين قرص مضاد ذهان غير نمطي الفصام؛ اضطراب ثنائي القطب؛ الاكتئاب المقاوم للعلاج (مساعد) أبيض دائري زيادة الوزن؛ متلازمة الأيض؛ تهدئة؛ إطالة QT الجلوكوما ضيقة الزاوية؛ قصور كبدي شديد,zyprexa generic olanzapine form tablet class atypical antipsychotic indication schizophrenia; bipolar disorder; treatment-resistant depression (adjunct) color white shape round olanzapine 10 mg weight gain; metabolic syndrome; sedation; qt prolongation narrow-angle glaucoma; severe hepatic impairment زيبريكسا أولانزابين قرص مضاد ذهان غير نمطي الفصام؛ اضطراب ثنائي القطب؛ الاكتئاب المقاوم للعلاج (مساعد) أبيض دائري زيادة الوزن؛ متلازمة الأيض؛ تهدئة؛ إطالة QT الجلوكوما ضيقة الزاوية؛ قصور كبدي شديد,زيبريكسا,أولانزابين,مضاد ذهان غير نمطي,قرص,أبيض,دائري,الفصام؛ اضطراب ثنائي القطب؛ الاكتئاب المقاوم للعلاج (مساعد),Prescription,Weight gain; Metabolic syndrome; Sedation; QT prolongation,زيادة الوزن؛ متلازمة الأيض؛ تهدئة؛ إطالة QT,Narrow-angle glaucoma; Severe hepatic impairment,الجلوكوما ضيقة الزاوية؛ قصور كبدي شديد
Seroquel,Quetiapine,Atypical Antipsychotic,Tablet,Peach,Round,Schizophrenia; Bipolar disorder; Adjunct in depression,AstraZeneca,25 mg,seroquel generic quetiapine form tablet class atypical antipsychotic indication schizophrenia; bipolar disorder; adjunct in depression color peach shape round quetiapine fumarate 25 mg sedation; dizziness; dry mouth; weight gain; orthostatic hypotension; hyperglycemia concurrent strong cyp3a4 inhibitors; severe hepatic impairment سيروكويل كيتيابين قرص مضاد ذهان غير نمطي الفصام؛ اضطراب ثنائي القطب؛ إضافي في الاكتئاب خوخي دائري تهدئة؛ دوخة؛ جفاف الفم؛ زيادة الوزن؛ انخفاض ضغط انتصابي؛ ارتفاع السكر الاستخدام المتزامن مع مثبطات CYP3A4 القوية؛ قصور كبدي شديد,seroquel generic quetiapine form tablet class atypical antipsychotic indication schizophrenia; bipolar disorder; adjunct in depression color peach shape round quetiapine fumarate 25 mg sedation; dizziness; dry mouth; weight gain; orthostatic hypotension; hyperglycemia concurrent strong cyp3a4 inhibitors; severe hepatic impairment سيروكويل كيتيابين قرص مضاد ذهان غير نمطي الفصام؛ اضطراب ثنائي القطب؛ إضافي في الاكتئاب خوخي دائري تهدئة؛ دوخة؛ جفاف الفم؛ زيادة الوزن؛ انخفاض ضغط انتصابي؛ ارتفاع السكر الاستخدام المتزامن مع مثبطات CYP3A4 القوية؛ قصور كبدي شديد,سيروكويل,كيتيابين,مضاد ذهان غير نمطي,قرص,خوخي,دائري,الفصام؛ اضطراب ثنائي القطب؛ إضافي في الاكتئاب,Prescription,Sedation; Dizziness; Dry mouth; Weight gain; Orthostatic hypotension; Hyperglycemia,تهدئة؛ دوخة؛ جفاف الفم؛ زيادة الوزن؛ انخفاض ضغط انتصابي؛ ارتفاع السكر,Concurrent strong CYP3A4 inhibitors; Severe hepatic impairment,الاستخدام المتزامن مع مثبطات CYP3A4 القوية؛ قصور كبدي شديد
Seroquel,Quetiapine,Atypical Antipsychotic,Tablet,White,Round,Schizophrenia; Bipolar mania; Bipolar depression,AstraZeneca,200 mg,seroquel generic quetiapine form tablet class atypical antipsychotic indication schizophrenia; bipolar mania; bipolar depression color white shape round quetiapine fumarate 200 mg sedation; weight gain; dry mouth; metabolic syndrome; qt prolongation concurrent strong cyp3a4 inhibitors; history of qt prolongation سيروكويل كيتيابين قرص مضاد ذهان غير نمطي الفصام؛ هوس ثنائي القطب؛ اكتئاب ثنائي القطب أبيض دائري تهدئة؛ زيادة الوزن؛ جفاف الفم؛ متلازمة الأيض؛ إطالة QT الاستخدام المتزامن مع مثبطات CYP3A4 القوية؛ تاريخ إطالة QT,seroquel generic quetiapine form tablet class atypical antipsychotic indication schizophrenia; bipolar mania; bipolar depression color white shape round quetiapine fumarate 200 mg sedation; weight gain; dry mouth; metabolic syndrome; qt prolongation concurrent strong cyp3a4 inhibitors; history of qt prolongation سيروكويل كيتيابين قرص مضاد ذهان غير نمطي الفصام؛ هوس ثنائي القطب؛ اكتئاب ثنائي القطب أبيض دائري تهدئة؛ زيادة الوزن؛ جفاف الفم؛ متلازمة الأيض؛ إطالة QT الاستخدام المتزامن مع مثبطات CYP3A4 القوية؛ تاريخ إطالة QT,سيروكويل,كيتيابين,مضاد ذهان غير نمطي,قرص,أبيض,دائري,الفصام؛ هوس ثنائي القطب؛ اكتئاب ثنائي القطب,Prescription,Sedation; Weight gain; Dry mouth; Metabolic syndrome; QT prolongation,تهدئة؛ زيادة الوزن؛ جفاف الفم؛ متلازمة الأيض؛ إطالة QT,Concurrent strong CYP3A4 inhibitors; History of QT prolongation,الاستخدام المتزامن مع مثبطات CYP3A4 القوية؛ تاريخ إطالة QT
Risperdal,Risperidone,Atypical Antipsychotic,Tablet,Orange,Round,Schizophrenia; Bipolar mania; Irritability in autism,Janssen,2 mg,risperdal generic risperidone form tablet class atypical antipsychotic indication schizophrenia; bipolar mania; irritability in autism color orange shape round risperidone 2 mg extrapyramidal symptoms; weight gain; hyperprolactinemia; sedation; orthostatic hypotension qt prolongation; dementia-related psychosis (elderly) ريسبيردال ريسبيريدون قرص مضاد ذهان غير نمطي الفصام؛ هوس ثنائي القطب؛ سلوك عدواني في التوحد برتقالي دائري أعراض خارج هرمية؛ زيادة الوزن؛ فرط البرولاكتين؛ تهدئة؛ انخفاض ضغط انتصابي إطالة QT؛ ذهان مرتبط بالخرف (كبار السن),risperdal generic risperidone form tablet class atypical antipsychotic indication schizophrenia; bipolar mania; irritability in autism color orange shape round risperidone 2 mg extrapyramidal symptoms; weight gain; hyperprolactinemia; sedation; orthostatic hypotension qt prolongation; dementia-related psychosis (elderly) ريسبيردال ريسبيريدون قرص مضاد ذهان غير نمطي الفصام؛ هوس ثنائي القطب؛ سلوك عدواني في التوحد برتقالي دائري أعراض خارج هرمية؛ زيادة الوزن؛ فرط البرولاكتين؛ تهدئة؛ انخفاض ضغط انتصابي إطالة QT؛ ذهان مرتبط بالخرف (كبار السن),ريسبيردال,ريسبيريدون,مضاد ذهان غير نمطي,قرص,برتقالي,دائري,الفصام؛ هوس ثنائي القطب؛ سلوك عدواني في التوحد,Prescription,Extrapyramidal symptoms; Weight gain; Hyperprolactinemia; Sedation; Orthostatic hypotension,أعراض خارج هرمية؛ زيادة الوزن؛ فرط البرولاكتين؛ تهدئة؛ انخفاض ضغط انتصابي,QT prolongation; Dementia-related psychosis (elderly),إطالة QT؛ ذهان مرتبط بالخرف (كبار السن)
Tegretol,Carbamazepine,Antiepileptic – Sodium Channel Blocker,Tablet,White,Round,Epilepsy (partial/generalized seizures); Trigeminal neuralgia; Bipolar disorder,Novartis,200 mg,tegretol generic carbamazepine form tablet class antiepileptic – sodium channel blocker indication epilepsy (partial/generalized seizures); trigeminal neuralgia; bipolar disorder color white shape round carbamazepine 200 mg dizziness; diplopia; ataxia; hyponatremia; stevens-johnson syndrome (rare); blood dyscrasias av block; bone marrow depression; maois; porphyria; hla-b*1502 (asian – sjs risk) تيغريتول كاربامازيبين قرص مضاد للصرع – حاصر قنوات الصوديوم الصرع (نوبات جزئية/معممة)؛ ألم العصب ثلاثي التوائم؛ اضطراب ثنائي القطب أبيض دائري دوخة؛ ازدواج الرؤية؛ رنح؛ نقص الصوديوم؛ متلازمة ستيفنز-جونسون (نادرة)؛ اضطرابات دموية إحصار أذيني بطيني؛ اكتئاب نقي العظم؛ مثبطات MAO؛ البورفيريا؛ HLA-B*1502 (آسيويون - خطر SJS),tegretol generic carbamazepine form tablet class antiepileptic – sodium channel blocker indication epilepsy (partial/generalized seizures); trigeminal neuralgia; bipolar disorder color white shape round carbamazepine 200 mg dizziness; diplopia; ataxia; hyponatremia; stevens-johnson syndrome (rare); blood dyscrasias av block; bone marrow depression; maois; porphyria; hla-b*1502 (asian – sjs risk) تيغريتول كاربامازيبين قرص مضاد للصرع – حاصر قنوات الصوديوم الصرع (نوبات جزئية/معممة)؛ ألم العصب ثلاثي التوائم؛ اضطراب ثنائي القطب أبيض دائري دوخة؛ ازدواج الرؤية؛ رنح؛ نقص الصوديوم؛ متلازمة ستيفنز-جونسون (نادرة)؛ اضطرابات دموية إحصار أذيني بطيني؛ اكتئاب نقي العظم؛ مثبطات MAO؛ البورفيريا؛ HLA-B*1502 (آسيويون - خطر SJS),تيغريتول,كاربامازيبين,مضاد للصرع – حاصر قنوات الصوديوم,قرص,أبيض,دائري,الصرع (نوبات جزئية/معممة)؛ ألم العصب ثلاثي التوائم؛ اضطراب ثنائي القطب,Prescription,Dizziness; Diplopia; Ataxia; Hyponatremia; Stevens-Johnson syndrome (rare); Blood dyscrasias,دوخة؛ ازدواج الرؤية؛ رنح؛ نقص الصوديوم؛ متلازمة ستيفنز-جونسون (نادرة)؛ اضطرابات دموية,AV block; Bone marrow depression; MAOIs; Porphyria; HLA-B*1502 (Asian – SJS risk),إحصار أذيني بطيني؛ اكتئاب نقي العظم؛ مثبطات MAO؛ البورفيريا؛ HLA-B*1502 (آسيويون - خطر SJS)
Epilim,Sodium Valproate,Antiepileptic – GABA Enhancer,Enteric-coated Tablet,Pink,Oval,Epilepsy (all types); Bipolar disorder; Migraine prophylaxis,Sanofi,500 mg,epilim generic sodium valproate form enteric-coated tablet class antiepileptic – gaba enhancer indication epilepsy (all types); bipolar disorder; migraine prophylaxis color pink shape oval sodium valproate 500 mg tremor; weight gain; alopecia; hepatotoxicity; pancreatitis; teratogenicity (neural tube defects) pregnancy; hepatic disease; urea cycle disorders; mitochondrial disorders إيبيليم فالبروات الصوديوم قرص مغلف معوياً مضاد للصرع – محسّن GABA الصرع (جميع الأنواع)؛ اضطراب ثنائي القطب؛ الوقاية من الصداع النصفي وردي بيضاوي رعاش؛ زيادة الوزن؛ ثعلبة؛ سمية كبدية؛ التهاب البنكرياس؛ تشوهات خلقية (عيوب الأنبوب العصبي) الحمل؛ مرض كبدي؛ اضطرابات دورة اليوريا؛ اضطرابات الميتوكوندريا,epilim generic sodium valproate form enteric-coated tablet class antiepileptic – gaba enhancer indication epilepsy (all types); bipolar disorder; migraine prophylaxis color pink shape oval sodium valproate 500 mg tremor; weight gain; alopecia; hepatotoxicity; pancreatitis; teratogenicity (neural tube defects) pregnancy; hepatic disease; urea cycle disorders; mitochondrial disorders إيبيليم فالبروات الصوديوم قرص مغلف معوياً مضاد للصرع – محسّن GABA الصرع (جميع الأنواع)؛ اضطراب ثنائي القطب؛ الوقاية من الصداع النصفي وردي بيضاوي رعاش؛ زيادة الوزن؛ ثعلبة؛ سمية كبدية؛ التهاب البنكرياس؛ تشوهات خلقية (عيوب الأنبوب العصبي) الحمل؛ مرض كبدي؛ اضطرابات دورة اليوريا؛ اضطرابات الميتوكوندريا,إيبيليم,فالبروات الصوديوم,مضاد للصرع – محسّن GABA,قرص مغلف معوياً,وردي,بيضاوي,الصرع (جميع الأنواع)؛ اضطراب ثنائي القطب؛ الوقاية من الصداع النصفي,Prescription,Tremor; Weight gain; Alopecia; Hepatotoxicity; Pancreatitis; Teratogenicity (neural tube defects),رعاش؛ زيادة الوزن؛ ثعلبة؛ سمية كبدية؛ التهاب البنكرياس؛ تشوهات خلقية (عيوب الأنبوب العصبي),Pregnancy; Hepatic disease; Urea cycle disorders; Mitochondrial disorders,الحمل؛ مرض كبدي؛ اضطرابات دورة اليوريا؛ اضطرابات الميتوكوندريا
Keppra,Levetiracetam,Antiepileptic (SV2A Ligand),Tablet,Blue,Oblong,Epilepsy (partial; myoclonic; generalized tonic-clonic seizures),UCB,500 mg,keppra generic levetiracetam form tablet class antiepileptic (sv2a ligand) indication epilepsy (partial; myoclonic; generalized tonic-clonic seizures) color blue shape oblong levetiracetam 500 mg somnolence; asthenia; dizziness; behavioral changes; headache; nasopharyngitis hypersensitivity to levetiracetam كيبرا ليفيتيراسيتام قرص مضاد للصرع (رابط SV2A) الصرع (نوبات جزئية؛ رمعية عضلية؛ معممة توترية ارتجاجية) أزرق مستطيل نعاس؛ وهن؛ دوخة؛ تغيرات سلوكية؛ صداع؛ التهاب البلعوم الأنفي فرط الحساسية للفيتيراسيتام,keppra generic levetiracetam form tablet class antiepileptic (sv2a ligand) indication epilepsy (partial; myoclonic; generalized tonic-clonic seizures) color blue shape oblong levetiracetam 500 mg somnolence; asthenia; dizziness; behavioral changes; headache; nasopharyngitis hypersensitivity to levetiracetam كيبرا ليفيتيراسيتام قرص مضاد للصرع (رابط SV2A) الصرع (نوبات جزئية؛ رمعية عضلية؛ معممة توترية ارتجاجية) أزرق مستطيل نعاس؛ وهن؛ دوخة؛ تغيرات سلوكية؛ صداع؛ التهاب البلعوم الأنفي فرط الحساسية للفيتيراسيتام,كيبرا,ليفيتيراسيتام,مضاد للصرع (رابط SV2A),قرص,أزرق,مستطيل,الصرع (نوبات جزئية؛ رمعية عضلية؛ معممة توترية ارتجاجية),Prescription,Somnolence; Asthenia; Dizziness; Behavioral changes; Headache; Nasopharyngitis,نعاس؛ وهن؛ دوخة؛ تغيرات سلوكية؛ صداع؛ التهاب البلعوم الأنفي,Hypersensitivity to levetiracetam,فرط الحساسية للفيتيراسيتام
Dilantin,Phenytoin,Antiepileptic – Sodium Channel Blocker,Capsule,Orange/White,Capsule,Epilepsy (tonic-clonic; partial seizures); Status epilepticus (IV),Pfizer,100 mg,dilantin generic phenytoin form capsule class antiepileptic – sodium channel blocker indication epilepsy (tonic-clonic; partial seizures); status epilepticus (iv) color orange/white shape capsule phenytoin sodium 100 mg gingival hyperplasia; ataxia; diplopia; nystagmus; rash; hirsutism; osteoporosis sinus bradycardia; sa/av block; concurrent delavirdine ديلانتين فينيتوين كبسولة مضاد للصرع – حاصر قنوات الصوديوم الصرع (توتري ارتجاجي؛ جزئي)؛ الصرع المستمر (وريدي) برتقالي/أبيض كبسولة تضخم اللثة؛ رنح؛ ازدواج الرؤية؛ رأرأة؛ طفح جلدي؛ شعرانية؛ هشاشة العظام بطء الجيب الأنفي؛ إحصار SA/AV؛ الاستخدام المتزامن مع ديلافيردين,dilantin generic phenytoin form capsule class antiepileptic – sodium channel blocker indication epilepsy (tonic-clonic; partial seizures); status epilepticus (iv) color orange/white shape capsule phenytoin sodium 100 mg gingival hyperplasia; ataxia; diplopia; nystagmus; rash; hirsutism; osteoporosis sinus bradycardia; sa/av block; concurrent delavirdine ديلانتين فينيتوين كبسولة مضاد للصرع – حاصر قنوات الصوديوم الصرع (توتري ارتجاجي؛ جزئي)؛ الصرع المستمر (وريدي) برتقالي/أبيض كبسولة تضخم اللثة؛ رنح؛ ازدواج الرؤية؛ رأرأة؛ طفح جلدي؛ شعرانية؛ هشاشة العظام بطء الجيب الأنفي؛ إحصار SA/AV؛ الاستخدام المتزامن مع ديلافيردين,ديلانتين,فينيتوين,مضاد للصرع – حاصر قنوات الصوديوم,كبسولة,برتقالي/أبيض,كبسولة,الصرع (توتري ارتجاجي؛ جزئي)؛ الصرع المستمر (وريدي),Prescription,Gingival hyperplasia; Ataxia; Diplopia; Nystagmus; Rash; Hirsutism; Osteoporosis,تضخم اللثة؛ رنح؛ ازدواج الرؤية؛ رأرأة؛ طفح جلدي؛ شعرانية؛ هشاشة العظام,Sinus bradycardia; SA/AV block; Concurrent delavirdine,بطء الجيب الأنفي؛ إحصار SA/AV؛ الاستخدام المتزامن مع ديلافيردين
Haldol,Haloperidol,Typical Antipsychotic (Butyrophenone),Tablet,Yellow,Round,Schizophrenia; Acute psychosis; Tourette syndrome; Delirium; Nausea/Vomiting (refractory),Janssen,5 mg,haldol generic haloperidol form tablet class typical antipsychotic (butyrophenone) indication schizophrenia; acute psychosis; tourette syndrome; delirium; nausea/vomiting (refractory) color yellow shape round haloperidol 5 mg extrapyramidal symptoms; tardive dyskinesia; qt prolongation; hyperprolactinemia; sedation qt prolongation; parkinson disease; cns depression; comatose states هالدول هالوبيريدول قرص مضاد ذهان نمطي (بيوتيروفينون) الفصام؛ ذهان حاد؛ متلازمة توريت؛ هذيان؛ غثيان/قيء (مقاوم) أصفر دائري أعراض خارج هرمية؛ خلل الحركة المتأخر؛ إطالة QT؛ فرط البرولاكتين؛ تهدئة إطالة QT؛ مرض باركنسون؛ اكتئاب الجهاز العصبي المركزي؛ حالات الغيبوبة,haldol generic haloperidol form tablet class typical antipsychotic (butyrophenone) indication schizophrenia; acute psychosis; tourette syndrome; delirium; nausea/vomiting (refractory) color yellow shape round haloperidol 5 mg extrapyramidal symptoms; tardive dyskinesia; qt prolongation; hyperprolactinemia; sedation qt prolongation; parkinson disease; cns depression; comatose states هالدول هالوبيريدول قرص مضاد ذهان نمطي (بيوتيروفينون) الفصام؛ ذهان حاد؛ متلازمة توريت؛ هذيان؛ غثيان/قيء (مقاوم) أصفر دائري أعراض خارج هرمية؛ خلل الحركة المتأخر؛ إطالة QT؛ فرط البرولاكتين؛ تهدئة إطالة QT؛ مرض باركنسون؛ اكتئاب الجهاز العصبي المركزي؛ حالات الغيبوبة,هالدول,هالوبيريدول,مضاد ذهان نمطي (بيوتيروفينون),قرص,أصفر,دائري,الفصام؛ ذهان حاد؛ متلازمة توريت؛ هذيان؛ غثيان/قيء (مقاوم),Prescription,Extrapyramidal symptoms; Tardive dyskinesia; QT prolongation; Hyperprolactinemia; Sedation,أعراض خارج هرمية؛ خلل الحركة المتأخر؛ إطالة QT؛ فرط البرولاكتين؛ تهدئة,QT prolongation; Parkinson disease; CNS depression; Comatose states,إطالة QT؛ مرض باركنسون؛ اكتئاب الجهاز العصبي المركزي؛ حالات الغيبوبة
Eltroxin,Levothyroxine,Thyroid Hormone Replacement,Tablet,White,Round,Hypothyroidism; Thyroid-stimulating hormone suppression (thyroid cancer),GSK,50 mcg,eltroxin generic levothyroxine form tablet class thyroid hormone replacement indication hypothyroidism; thyroid-stimulating hormone suppression (thyroid cancer) color white shape round levothyroxine sodium 50 mcg palpitations; tachycardia; weight loss; insomnia; heat intolerance; tremor (if overdose) untreated adrenal insufficiency; hyperthyroidism; acute mi إيلتروكسين ليفوثيروكسين قرص بديل هرمون الغدة الدرقية قصور الغدة الدرقية؛ قمع هرمون TSH (سرطان الغدة الدرقية) أبيض دائري خفقان؛ تسرع القلب؛ فقدان الوزن؛ أرق؛ عدم تحمل الحرارة؛ رعاش (عند الجرعة الزائدة) قصور الكظر غير المعالج؛ فرط نشاط الغدة الدرقية؛ جلطة قلبية حادة,eltroxin generic levothyroxine form tablet class thyroid hormone replacement indication hypothyroidism; thyroid-stimulating hormone suppression (thyroid cancer) color white shape round levothyroxine sodium 50 mcg palpitations; tachycardia; weight loss; insomnia; heat intolerance; tremor (if overdose) untreated adrenal insufficiency; hyperthyroidism; acute mi إيلتروكسين ليفوثيروكسين قرص بديل هرمون الغدة الدرقية قصور الغدة الدرقية؛ قمع هرمون TSH (سرطان الغدة الدرقية) أبيض دائري خفقان؛ تسرع القلب؛ فقدان الوزن؛ أرق؛ عدم تحمل الحرارة؛ رعاش (عند الجرعة الزائدة) قصور الكظر غير المعالج؛ فرط نشاط الغدة الدرقية؛ جلطة قلبية حادة,إيلتروكسين,ليفوثيروكسين,بديل هرمون الغدة الدرقية,قرص,أبيض,دائري,قصور الغدة الدرقية؛ قمع هرمون TSH (سرطان الغدة الدرقية),Prescription,Palpitations; Tachycardia; Weight loss; Insomnia; Heat intolerance; Tremor (if overdose),خفقان؛ تسرع القلب؛ فقدان الوزن؛ أرق؛ عدم تحمل الحرارة؛ رعاش (عند الجرعة الزائدة),Untreated adrenal insufficiency; Hyperthyroidism; Acute MI,قصور الكظر غير المعالج؛ فرط نشاط الغدة الدرقية؛ جلطة قلبية حادة
Eltroxin,Levothyroxine,Thyroid Hormone Replacement,Tablet,Yellow,Round,Hypothyroidism; TSH suppression therapy,GSK,100 mcg,eltroxin generic levothyroxine form tablet class thyroid hormone replacement indication hypothyroidism; tsh suppression therapy color yellow shape round levothyroxine sodium 100 mcg palpitations; angina; arrhythmias; osteoporosis (long-term); insomnia; tremor untreated adrenal insufficiency; hyperthyroidism; acute mi; severe arrhythmias إيلتروكسين ليفوثيروكسين قرص بديل هرمون الغدة الدرقية قصور الغدة الدرقية؛ علاج قمع TSH أصفر دائري خفقان؛ ذبحة صدرية؛ اضطرابات نظم؛ هشاشة العظام (طويل الأمد)؛ أرق؛ رعاش قصور الكظر غير المعالج؛ فرط نشاط الغدة الدرقية؛ جلطة قلبية حادة؛ اضطرابات نظم شديدة,eltroxin generic levothyroxine form tablet class thyroid hormone replacement indication hypothyroidism; tsh suppression therapy color yellow shape round levothyroxine sodium 100 mcg palpitations; angina; arrhythmias; osteoporosis (long-term); insomnia; tremor untreated adrenal insufficiency; hyperthyroidism; acute mi; severe arrhythmias إيلتروكسين ليفوثيروكسين قرص بديل هرمون الغدة الدرقية قصور الغدة الدرقية؛ علاج قمع TSH أصفر دائري خفقان؛ ذبحة صدرية؛ اضطرابات نظم؛ هشاشة العظام (طويل الأمد)؛ أرق؛ رعاش قصور الكظر غير المعالج؛ فرط نشاط الغدة الدرقية؛ جلطة قلبية حادة؛ اضطرابات نظم شديدة,إيلتروكسين,ليفوثيروكسين,بديل هرمون الغدة الدرقية,قرص,أصفر,دائري,قصور الغدة الدرقية؛ علاج قمع TSH,Prescription,Palpitations; Angina; Arrhythmias; Osteoporosis (long-term); Insomnia; Tremor,خفقان؛ ذبحة صدرية؛ اضطرابات نظم؛ هشاشة العظام (طويل الأمد)؛ أرق؛ رعاش,Untreated adrenal insufficiency; Hyperthyroidism; Acute MI; Severe arrhythmias,قصور الكظر غير المعالج؛ فرط نشاط الغدة الدرقية؛ جلطة قلبية حادة؛ اضطرابات نظم شديدة
Prednisolone,Prednisolone,Systemic Corticosteroid,Tablet,White,Round,Inflammatory conditions; Autoimmune diseases; Asthma; Allergic reactions; Rheumatoid arthritis,Various,5 mg,prednisolone generic prednisolone form tablet class systemic corticosteroid indication inflammatory conditions; autoimmune diseases; asthma; allergic reactions; rheumatoid arthritis color white shape round prednisolone 5 mg hyperglycemia; weight gain; osteoporosis; hypertension; adrenal suppression; immunosuppression systemic fungal infections; live vaccines during immunosuppression بريدنيزولون بريدنيزولون قرص كورتيكوستيرويد جهازي الحالات الالتهابية؛ الأمراض المناعية الذاتية؛ الربو؛ التفاعلات التحسسية؛ التهاب المفاصل الروماتويدي أبيض دائري ارتفاع السكر؛ زيادة الوزن؛ هشاشة العظام؛ ارتفاع ضغط الدم؛ قمع الغدة الكظرية؛ كبت المناعة عدوى فطرية جهازية؛ اللقاحات الحية أثناء كبت المناعة,prednisolone generic prednisolone form tablet class systemic corticosteroid indication inflammatory conditions; autoimmune diseases; asthma; allergic reactions; rheumatoid arthritis color white shape round prednisolone 5 mg hyperglycemia; weight gain; osteoporosis; hypertension; adrenal suppression; immunosuppression systemic fungal infections; live vaccines during immunosuppression بريدنيزولون بريدنيزولون قرص كورتيكوستيرويد جهازي الحالات الالتهابية؛ الأمراض المناعية الذاتية؛ الربو؛ التفاعلات التحسسية؛ التهاب المفاصل الروماتويدي أبيض دائري ارتفاع السكر؛ زيادة الوزن؛ هشاشة العظام؛ ارتفاع ضغط الدم؛ قمع الغدة الكظرية؛ كبت المناعة عدوى فطرية جهازية؛ اللقاحات الحية أثناء كبت المناعة,بريدنيزولون,بريدنيزولون,كورتيكوستيرويد جهازي,قرص,أبيض,دائري,الحالات الالتهابية؛ الأمراض المناعية الذاتية؛ الربو؛ التفاعلات التحسسية؛ التهاب المفاصل الروماتويدي,Prescription,Hyperglycemia; Weight gain; Osteoporosis; Hypertension; Adrenal suppression; Immunosuppression,ارتفاع السكر؛ زيادة الوزن؛ هشاشة العظام؛ ارتفاع ضغط الدم؛ قمع الغدة الكظرية؛ كبت المناعة,Systemic fungal infections; Live vaccines during immunosuppression,عدوى فطرية جهازية؛ اللقاحات الحية أثناء كبت المناعة
Decadron,Dexamethasone,Systemic Corticosteroid,Tablet,White,Round,Inflammatory conditions; Cerebral edema; COVID-19 (severe); Adrenal insufficiency; Nausea (chemo),Various,0.5 mg,decadron generic dexamethasone form tablet class systemic corticosteroid indication inflammatory conditions; cerebral edema; covid-19 (severe); adrenal insufficiency; nausea (chemo) color white shape round dexamethasone 0.5 mg hyperglycemia; hypertension; osteoporosis; adrenal suppression; insomnia; weight gain systemic fungal infections; live vaccines ديكادرون ديكساميثازون قرص كورتيكوستيرويد جهازي الحالات الالتهابية؛ الوذمة الدماغية؛ كوفيد-19 (شديد)؛ قصور الكظر؛ غثيان العلاج الكيميائي أبيض دائري ارتفاع السكر؛ ارتفاع ضغط الدم؛ هشاشة العظام؛ قمع الغدة الكظرية؛ أرق؛ زيادة الوزن عدوى فطرية جهازية؛ اللقاحات الحية,decadron generic dexamethasone form tablet class systemic corticosteroid indication inflammatory conditions; cerebral edema; covid-19 (severe); adrenal insufficiency; nausea (chemo) color white shape round dexamethasone 0.5 mg hyperglycemia; hypertension; osteoporosis; adrenal suppression; insomnia; weight gain systemic fungal infections; live vaccines ديكادرون ديكساميثازون قرص كورتيكوستيرويد جهازي الحالات الالتهابية؛ الوذمة الدماغية؛ كوفيد-19 (شديد)؛ قصور الكظر؛ غثيان العلاج الكيميائي أبيض دائري ارتفاع السكر؛ ارتفاع ضغط الدم؛ هشاشة العظام؛ قمع الغدة الكظرية؛ أرق؛ زيادة الوزن عدوى فطرية جهازية؛ اللقاحات الحية,ديكادرون,ديكساميثازون,كورتيكوستيرويد جهازي,قرص,أبيض,دائري,الحالات الالتهابية؛ الوذمة الدماغية؛ كوفيد-19 (شديد)؛ قصور الكظر؛ غثيان العلاج الكيميائي,Prescription,Hyperglycemia; Hypertension; Osteoporosis; Adrenal suppression; Insomnia; Weight gain,ارتفاع السكر؛ ارتفاع ضغط الدم؛ هشاشة العظام؛ قمع الغدة الكظرية؛ أرق؛ زيادة الوزن,Systemic fungal infections; Live vaccines,عدوى فطرية جهازية؛ اللقاحات الحية
Medrol,Methylprednisolone,Systemic Corticosteroid,Tablet,White,Oval,Inflammatory disorders; Autoimmune conditions; Allergic reactions; Spinal cord injury,Pfizer,4 mg,medrol generic methylprednisolone form tablet class systemic corticosteroid indication inflammatory disorders; autoimmune conditions; allergic reactions; spinal cord injury color white shape oval methylprednisolone 4 mg hyperglycemia; hypertension; adrenal suppression; peptic ulcer; osteoporosis systemic fungal infections; live vaccines during high-dose therapy ميدرول ميثيل بريدنيزولون قرص كورتيكوستيرويد جهازي الاضطرابات الالتهابية؛ الحالات المناعية الذاتية؛ التفاعلات التحسسية؛ إصابة الحبل الشوكي أبيض بيضاوي ارتفاع السكر؛ ارتفاع ضغط الدم؛ قمع الغدة الكظرية؛ قرحة هضمية؛ هشاشة العظام عدوى فطرية جهازية؛ اللقاحات الحية أثناء العلاج بجرعات عالية,medrol generic methylprednisolone form tablet class systemic corticosteroid indication inflammatory disorders; autoimmune conditions; allergic reactions; spinal cord injury color white shape oval methylprednisolone 4 mg hyperglycemia; hypertension; adrenal suppression; peptic ulcer; osteoporosis systemic fungal infections; live vaccines during high-dose therapy ميدرول ميثيل بريدنيزولون قرص كورتيكوستيرويد جهازي الاضطرابات الالتهابية؛ الحالات المناعية الذاتية؛ التفاعلات التحسسية؛ إصابة الحبل الشوكي أبيض بيضاوي ارتفاع السكر؛ ارتفاع ضغط الدم؛ قمع الغدة الكظرية؛ قرحة هضمية؛ هشاشة العظام عدوى فطرية جهازية؛ اللقاحات الحية أثناء العلاج بجرعات عالية,ميدرول,ميثيل بريدنيزولون,كورتيكوستيرويد جهازي,قرص,أبيض,بيضاوي,الاضطرابات الالتهابية؛ الحالات المناعية الذاتية؛ التفاعلات التحسسية؛ إصابة الحبل الشوكي,Prescription,Hyperglycemia; Hypertension; Adrenal suppression; Peptic ulcer; Osteoporosis,ارتفاع السكر؛ ارتفاع ضغط الدم؛ قمع الغدة الكظرية؛ قرحة هضمية؛ هشاشة العظام,Systemic fungal infections; Live vaccines during high-dose therapy,عدوى فطرية جهازية؛ اللقاحات الحية أثناء العلاج بجرعات عالية
Hydrocortisone,Hydrocortisone,Systemic Corticosteroid,Tablet,White,Round,Adrenal insufficiency (Addison disease); Congenital adrenal hyperplasia,Various,20 mg,hydrocortisone generic hydrocortisone form tablet class systemic corticosteroid indication adrenal insufficiency (addison disease); congenital adrenal hyperplasia color white shape round hydrocortisone 20 mg hyperglycemia; hypertension; osteoporosis; weight gain; adrenal suppression systemic fungal infections (high dose); live vaccines هيدروكورتيزون هيدروكورتيزون قرص كورتيكوستيرويد جهازي قصور الكظر (مرض أديسون)؛ تضخم الغدة الكظرية الخلقي أبيض دائري ارتفاع السكر؛ ارتفاع ضغط الدم؛ هشاشة العظام؛ زيادة الوزن؛ قمع الغدة الكظرية عدوى فطرية جهازية (جرعة عالية)؛ اللقاحات الحية,hydrocortisone generic hydrocortisone form tablet class systemic corticosteroid indication adrenal insufficiency (addison disease); congenital adrenal hyperplasia color white shape round hydrocortisone 20 mg hyperglycemia; hypertension; osteoporosis; weight gain; adrenal suppression systemic fungal infections (high dose); live vaccines هيدروكورتيزون هيدروكورتيزون قرص كورتيكوستيرويد جهازي قصور الكظر (مرض أديسون)؛ تضخم الغدة الكظرية الخلقي أبيض دائري ارتفاع السكر؛ ارتفاع ضغط الدم؛ هشاشة العظام؛ زيادة الوزن؛ قمع الغدة الكظرية عدوى فطرية جهازية (جرعة عالية)؛ اللقاحات الحية,هيدروكورتيزون,هيدروكورتيزون,كورتيكوستيرويد جهازي,قرص,أبيض,دائري,قصور الكظر (مرض أديسون)؛ تضخم الغدة الكظرية الخلقي,Prescription,Hyperglycemia; Hypertension; Osteoporosis; Weight gain; Adrenal suppression,ارتفاع السكر؛ ارتفاع ضغط الدم؛ هشاشة العظام؛ زيادة الوزن؛ قمع الغدة الكظرية,Systemic fungal infections (high dose); Live vaccines,عدوى فطرية جهازية (جرعة عالية)؛ اللقاحات الحية
Neo-Mercazole,Carbimazole,Antithyroid Agent,Tablet,White,Round,Hyperthyroidism; Graves disease; Toxic nodular goitre,Roche,5 mg,neo-mercazole generic carbimazole form tablet class antithyroid agent indication hyperthyroidism; graves disease; toxic nodular goitre color white shape round carbimazole 5 mg agranulocytosis; rash; nausea; arthralgia; jaundice (rare) agranulocytosis; breastfeeding نيو-ميركازول كاربيمازول قرص مضاد للغدة الدرقية فرط نشاط الغدة الدرقية؛ مرض غريفز؛ تضخم الغدة الدرقية السام العقدي أبيض دائري ندرة المحببات؛ طفح جلدي؛ غثيان؛ ألم مفاصل؛ يرقان (نادر) ندرة المحببات؛ الرضاعة,neo-mercazole generic carbimazole form tablet class antithyroid agent indication hyperthyroidism; graves disease; toxic nodular goitre color white shape round carbimazole 5 mg agranulocytosis; rash; nausea; arthralgia; jaundice (rare) agranulocytosis; breastfeeding نيو-ميركازول كاربيمازول قرص مضاد للغدة الدرقية فرط نشاط الغدة الدرقية؛ مرض غريفز؛ تضخم الغدة الدرقية السام العقدي أبيض دائري ندرة المحببات؛ طفح جلدي؛ غثيان؛ ألم مفاصل؛ يرقان (نادر) ندرة المحببات؛ الرضاعة,نيو-ميركازول,كاربيمازول,مضاد للغدة الدرقية,قرص,أبيض,دائري,فرط نشاط الغدة الدرقية؛ مرض غريفز؛ تضخم الغدة الدرقية السام العقدي,Prescription,Agranulocytosis; Rash; Nausea; Arthralgia; Jaundice (rare),ندرة المحببات؛ طفح جلدي؛ غثيان؛ ألم مفاصل؛ يرقان (نادر),Agranulocytosis; Breastfeeding,ندرة المحببات؛ الرضاعة
Propylthiouracil,Propylthiouracil,Antithyroid Agent,Tablet,White,Round,Hyperthyroidism; First trimester of pregnancy (preferred over carbimazole),Various,50 mg,propylthiouracil generic propylthiouracil form tablet class antithyroid agent indication hyperthyroidism; first trimester of pregnancy (preferred over carbimazole) color white shape round propylthiouracil 50 mg agranulocytosis; hepatotoxicity; rash; nausea; vasculitis (rare) agranulocytosis; severe hepatic impairment بروبيلثيوراسيل بروبيلثيوراسيل قرص مضاد للغدة الدرقية فرط نشاط الغدة الدرقية؛ الثلث الأول من الحمل (مفضل على كاربيمازول) أبيض دائري ندرة المحببات؛ سمية كبدية؛ طفح جلدي؛ غثيان؛ التهاب الأوعية (نادر) ندرة المحببات؛ قصور كبدي شديد,propylthiouracil generic propylthiouracil form tablet class antithyroid agent indication hyperthyroidism; first trimester of pregnancy (preferred over carbimazole) color white shape round propylthiouracil 50 mg agranulocytosis; hepatotoxicity; rash; nausea; vasculitis (rare) agranulocytosis; severe hepatic impairment بروبيلثيوراسيل بروبيلثيوراسيل قرص مضاد للغدة الدرقية فرط نشاط الغدة الدرقية؛ الثلث الأول من الحمل (مفضل على كاربيمازول) أبيض دائري ندرة المحببات؛ سمية كبدية؛ طفح جلدي؛ غثيان؛ التهاب الأوعية (نادر) ندرة المحببات؛ قصور كبدي شديد,بروبيلثيوراسيل,بروبيلثيوراسيل,مضاد للغدة الدرقية,قرص,أبيض,دائري,فرط نشاط الغدة الدرقية؛ الثلث الأول من الحمل (مفضل على كاربيمازول),Prescription,Agranulocytosis; Hepatotoxicity; Rash; Nausea; Vasculitis (rare),ندرة المحببات؛ سمية كبدية؛ طفح جلدي؛ غثيان؛ التهاب الأوعية (نادر),Agranulocytosis; Severe hepatic impairment,ندرة المحببات؛ قصور كبدي شديد
Florinef,Fludrocortisone,Mineralocorticoid,Tablet,White,Round,Primary adrenal insufficiency (Addison disease); Salt-losing adrenogenital syndrome,Pfizer,0.1 mg,florinef generic fludrocortisone form tablet class mineralocorticoid indication primary adrenal insufficiency (addison disease); salt-losing adrenogenital syndrome color white shape round fludrocortisone acetate 0.1 mg hypertension; edema; hypokalemia; headache; cardiac enlargement systemic fungal infections; congestive heart failure; severe hypertension فلورينيف فلودروكورتيزون قرص مادة قشرانية معدنية قصور الكظر الأولي (مرض أديسون)؛ متلازمة الكظر التناسلية بفقد الملح أبيض دائري ارتفاع ضغط الدم؛ وذمة؛ نقص البوتاسيوم؛ صداع؛ تضخم القلب عدوى فطرية جهازية؛ فشل القلب الاحتقاني؛ ارتفاع ضغط الدم الشديد,florinef generic fludrocortisone form tablet class mineralocorticoid indication primary adrenal insufficiency (addison disease); salt-losing adrenogenital syndrome color white shape round fludrocortisone acetate 0.1 mg hypertension; edema; hypokalemia; headache; cardiac enlargement systemic fungal infections; congestive heart failure; severe hypertension فلورينيف فلودروكورتيزون قرص مادة قشرانية معدنية قصور الكظر الأولي (مرض أديسون)؛ متلازمة الكظر التناسلية بفقد الملح أبيض دائري ارتفاع ضغط الدم؛ وذمة؛ نقص البوتاسيوم؛ صداع؛ تضخم القلب عدوى فطرية جهازية؛ فشل القلب الاحتقاني؛ ارتفاع ضغط الدم الشديد,فلورينيف,فلودروكورتيزون,مادة قشرانية معدنية,قرص,أبيض,دائري,قصور الكظر الأولي (مرض أديسون)؛ متلازمة الكظر التناسلية بفقد الملح,Prescription,Hypertension; Edema; Hypokalemia; Headache; Cardiac enlargement,ارتفاع ضغط الدم؛ وذمة؛ نقص البوتاسيوم؛ صداع؛ تضخم القلب,Systemic fungal infections; Congestive heart failure; Severe hypertension,عدوى فطرية جهازية؛ فشل القلب الاحتقاني؛ ارتفاع ضغط الدم الشديد
Metformin + Sitagliptin,Metformin/Sitagliptin,DPP-4 Inhibitor + Biguanide,Tablet,Light Green,Capsule-shaped,Type 2 diabetes mellitus (combination),MSD,500/50 mg,metformin + sitagliptin generic metformin/sitagliptin form tablet class dpp-4 inhibitor + biguanide indication type 2 diabetes mellitus (combination) color light green shape capsule-shaped metformin 500 mg / sitagliptin 50 mg nausea; diarrhea; headache; hypoglycemia (rare as monotherapy); lactic acidosis (rare) severe renal impairment; type 1 diabetes; history of pancreatitis ميتفورمين + سيتاغليبتين ميتفورمين/سيتاغليبتين قرص مثبط DPP-4 + بيغوانيد السكري من النوع الثاني (مشترك) أخضر فاتح على شكل كبسولة غثيان؛ إسهال؛ صداع؛ هبوط السكر (نادر كعلاج منفرد)؛ حماض لاكتيكي (نادر) قصور كلوي شديد؛ السكري من النوع الأول؛ تاريخ التهاب البنكرياس,metformin + sitagliptin generic metformin/sitagliptin form tablet class dpp-4 inhibitor + biguanide indication type 2 diabetes mellitus (combination) color light green shape capsule-shaped metformin 500 mg / sitagliptin 50 mg nausea; diarrhea; headache; hypoglycemia (rare as monotherapy); lactic acidosis (rare) severe renal impairment; type 1 diabetes; history of pancreatitis ميتفورمين + سيتاغليبتين ميتفورمين/سيتاغليبتين قرص مثبط DPP-4 + بيغوانيد السكري من النوع الثاني (مشترك) أخضر فاتح على شكل كبسولة غثيان؛ إسهال؛ صداع؛ هبوط السكر (نادر كعلاج منفرد)؛ حماض لاكتيكي (نادر) قصور كلوي شديد؛ السكري من النوع الأول؛ تاريخ التهاب البنكرياس,ميتفورمين + سيتاغليبتين,ميتفورمين/سيتاغليبتين,مثبط DPP-4 + بيغوانيد,قرص,أخضر فاتح,على شكل كبسولة,السكري من النوع الثاني (مشترك),Prescription,Nausea; Diarrhea; Headache; Hypoglycemia (rare as monotherapy); Lactic acidosis (rare),غثيان؛ إسهال؛ صداع؛ هبوط السكر (نادر كعلاج منفرد)؛ حماض لاكتيكي (نادر),Severe renal impairment; Type 1 diabetes; History of pancreatitis,قصور كلوي شديد؛ السكري من النوع الأول؛ تاريخ التهاب البنكرياس
Vitamin D 1000,Cholecalciferol,Vitamin D Supplement,Capsule,Yellow,Capsule,Vitamin D deficiency prevention; Bone health; Immune support,Various,1000 IU,vitamin d 1000 generic cholecalciferol form capsule class vitamin d supplement indication vitamin d deficiency prevention; bone health; immune support color yellow shape capsule cholecalciferol 1000 iu hypercalcemia (overdose); nausea; constipation; weakness (overdose) hypercalcemia; vitamin d toxicity; sarcoidosis فيتامين د 1000 كولكالسيفيرول كبسولة مكمل فيتامين د الوقاية من نقص فيتامين د؛ صحة العظام؛ دعم المناعة أصفر كبسولة فرط كالسيوم الدم (جرعة زائدة)؛ غثيان؛ إمساك؛ ضعف (جرعة زائدة) فرط كالسيوم الدم؛ سمية فيتامين د؛ الساركويدوز,vitamin d 1000 generic cholecalciferol form capsule class vitamin d supplement indication vitamin d deficiency prevention; bone health; immune support color yellow shape capsule cholecalciferol 1000 iu hypercalcemia (overdose); nausea; constipation; weakness (overdose) hypercalcemia; vitamin d toxicity; sarcoidosis فيتامين د 1000 كولكالسيفيرول كبسولة مكمل فيتامين د الوقاية من نقص فيتامين د؛ صحة العظام؛ دعم المناعة أصفر كبسولة فرط كالسيوم الدم (جرعة زائدة)؛ غثيان؛ إمساك؛ ضعف (جرعة زائدة) فرط كالسيوم الدم؛ سمية فيتامين د؛ الساركويدوز,فيتامين د 1000,كولكالسيفيرول,مكمل فيتامين د,كبسولة,أصفر,كبسولة,الوقاية من نقص فيتامين د؛ صحة العظام؛ دعم المناعة,OTC,Hypercalcemia (overdose); Nausea; Constipation; Weakness (overdose),فرط كالسيوم الدم (جرعة زائدة)؛ غثيان؛ إمساك؛ ضعف (جرعة زائدة),Hypercalcemia; Vitamin D toxicity; Sarcoidosis,فرط كالسيوم الدم؛ سمية فيتامين د؛ الساركويدوز
Vitamin D 5000,Cholecalciferol,Vitamin D Supplement,Capsule,Yellow,Capsule,Vitamin D deficiency treatment; Osteoporosis; Hypoparathyroidism,Various,5000 IU,vitamin d 5000 generic cholecalciferol form capsule class vitamin d supplement indication vitamin d deficiency treatment; osteoporosis; hypoparathyroidism color yellow shape capsule cholecalciferol 5000 iu hypercalcemia; hypercalciuria; nausea; weakness (at high doses) hypercalcemia; renal calculi; vitamin d toxicity فيتامين د 5000 كولكالسيفيرول كبسولة مكمل فيتامين د علاج نقص فيتامين د؛ هشاشة العظام؛ قصور الغدة الجار درقية أصفر كبسولة فرط كالسيوم الدم؛ فرط كالسيوم البول؛ غثيان؛ ضعف (بجرعات عالية) فرط كالسيوم الدم؛ حصى الكلى؛ سمية فيتامين د,vitamin d 5000 generic cholecalciferol form capsule class vitamin d supplement indication vitamin d deficiency treatment; osteoporosis; hypoparathyroidism color yellow shape capsule cholecalciferol 5000 iu hypercalcemia; hypercalciuria; nausea; weakness (at high doses) hypercalcemia; renal calculi; vitamin d toxicity فيتامين د 5000 كولكالسيفيرول كبسولة مكمل فيتامين د علاج نقص فيتامين د؛ هشاشة العظام؛ قصور الغدة الجار درقية أصفر كبسولة فرط كالسيوم الدم؛ فرط كالسيوم البول؛ غثيان؛ ضعف (بجرعات عالية) فرط كالسيوم الدم؛ حصى الكلى؛ سمية فيتامين د,فيتامين د 5000,كولكالسيفيرول,مكمل فيتامين د,كبسولة,أصفر,كبسولة,علاج نقص فيتامين د؛ هشاشة العظام؛ قصور الغدة الجار درقية,OTC,Hypercalcemia; Hypercalciuria; Nausea; Weakness (at high doses),فرط كالسيوم الدم؛ فرط كالسيوم البول؛ غثيان؛ ضعف (بجرعات عالية),Hypercalcemia; Renal calculi; Vitamin D toxicity,فرط كالسيوم الدم؛ حصى الكلى؛ سمية فيتامين د
Vitamin D 50000,Cholecalciferol,Vitamin D Supplement (High Dose),Capsule,White,Capsule,Severe Vitamin D deficiency; Loading dose therapy,Various,50000 IU,vitamin d 50000 generic cholecalciferol form capsule class vitamin d supplement (high dose) indication severe vitamin d deficiency; loading dose therapy color white shape capsule cholecalciferol 50000 iu hypercalcemia; hypercalciuria; renal calculi; polyuria hypercalcemia; vitamin d toxicity; sarcoidosis; renal calculi فيتامين د 50000 كولكالسيفيرول كبسولة مكمل فيتامين د (جرعة عالية) نقص فيتامين د الشديد؛ جرعة تحميل أبيض كبسولة فرط كالسيوم الدم؛ فرط كالسيوم البول؛ حصى الكلى؛ كثرة التبول فرط كالسيوم الدم؛ سمية فيتامين د؛ الساركويدوز؛ حصى الكلى,vitamin d 50000 generic cholecalciferol form capsule class vitamin d supplement (high dose) indication severe vitamin d deficiency; loading dose therapy color white shape capsule cholecalciferol 50000 iu hypercalcemia; hypercalciuria; renal calculi; polyuria hypercalcemia; vitamin d toxicity; sarcoidosis; renal calculi فيتامين د 50000 كولكالسيفيرول كبسولة مكمل فيتامين د (جرعة عالية) نقص فيتامين د الشديد؛ جرعة تحميل أبيض كبسولة فرط كالسيوم الدم؛ فرط كالسيوم البول؛ حصى الكلى؛ كثرة التبول فرط كالسيوم الدم؛ سمية فيتامين د؛ الساركويدوز؛ حصى الكلى,فيتامين د 50000,كولكالسيفيرول,مكمل فيتامين د (جرعة عالية),كبسولة,أبيض,كبسولة,نقص فيتامين د الشديد؛ جرعة تحميل,Prescription,Hypercalcemia; Hypercalciuria; Renal calculi; Polyuria,فرط كالسيوم الدم؛ فرط كالسيوم البول؛ حصى الكلى؛ كثرة التبول,Hypercalcemia; Vitamin D toxicity; Sarcoidosis; Renal calculi,فرط كالسيوم الدم؛ سمية فيتامين د؛ الساركويدوز؛ حصى الكلى
Ferrous Sulfate,Ferrous Sulfate,Iron Supplement,Tablet,Green,Round,Iron deficiency anemia; Iron supplementation in pregnancy,Various,200 mg (65 mg elemental iron),ferrous sulfate generic ferrous sulfate form tablet class iron supplement indication iron deficiency anemia; iron supplementation in pregnancy color green shape round ferrous sulfate 200 mg constipation; nausea; dark stools; abdominal pain; metallic taste hemochromatosis; hemolytic anemia; repeated blood transfusions كبريتات الحديدوز كبريتات الحديدوز قرص مكمل الحديد فقر الدم بنقص الحديد؛ مكمل الحديد أثناء الحمل أخضر دائري إمساك؛ غثيان؛ براز داكن؛ ألم بطن؛ طعم معدني داء ترسب الأصبغة الدموية؛ فقر الدم الانحلالي؛ نقل الدم المتكرر,ferrous sulfate generic ferrous sulfate form tablet class iron supplement indication iron deficiency anemia; iron supplementation in pregnancy color green shape round ferrous sulfate 200 mg constipation; nausea; dark stools; abdominal pain; metallic taste hemochromatosis; hemolytic anemia; repeated blood transfusions كبريتات الحديدوز كبريتات الحديدوز قرص مكمل الحديد فقر الدم بنقص الحديد؛ مكمل الحديد أثناء الحمل أخضر دائري إمساك؛ غثيان؛ براز داكن؛ ألم بطن؛ طعم معدني داء ترسب الأصبغة الدموية؛ فقر الدم الانحلالي؛ نقل الدم المتكرر,كبريتات الحديدوز,كبريتات الحديدوز,مكمل الحديد,قرص,أخضر,دائري,فقر الدم بنقص الحديد؛ مكمل الحديد أثناء الحمل,OTC / Prescription,Constipation; Nausea; Dark stools; Abdominal pain; Metallic taste,إمساك؛ غثيان؛ براز داكن؛ ألم بطن؛ طعم معدني,Hemochromatosis; Hemolytic anemia; Repeated blood transfusions,داء ترسب الأصبغة الدموية؛ فقر الدم الانحلالي؛ نقل الدم المتكرر
Folic Acid,Folic Acid,B Vitamin (Folate),Tablet,Yellow,Round,Megaloblastic anemia; Neural tube defect prevention (pregnancy); Methotrexate adjunct,Various,5 mg,folic acid generic folic acid form tablet class b vitamin (folate) indication megaloblastic anemia; neural tube defect prevention (pregnancy); methotrexate adjunct color yellow shape round folic acid 5 mg rarely: gi upset; skin rash (hypersensitivity) vitamin b12 deficiency (may mask diagnosis); folic acid allergy حمض الفوليك حمض الفوليك قرص فيتامين ب (فولات) فقر الدم الضخم الأرومات؛ الوقاية من عيوب الأنبوب العصبي (حمل)؛ مكمل ميثوتريكسات أصفر دائري نادراً: اضطراب هضمي؛ طفح جلدي (فرط الحساسية) نقص فيتامين ب12 (قد يخفي التشخيص)؛ حساسية حمض الفوليك,folic acid generic folic acid form tablet class b vitamin (folate) indication megaloblastic anemia; neural tube defect prevention (pregnancy); methotrexate adjunct color yellow shape round folic acid 5 mg rarely: gi upset; skin rash (hypersensitivity) vitamin b12 deficiency (may mask diagnosis); folic acid allergy حمض الفوليك حمض الفوليك قرص فيتامين ب (فولات) فقر الدم الضخم الأرومات؛ الوقاية من عيوب الأنبوب العصبي (حمل)؛ مكمل ميثوتريكسات أصفر دائري نادراً: اضطراب هضمي؛ طفح جلدي (فرط الحساسية) نقص فيتامين ب12 (قد يخفي التشخيص)؛ حساسية حمض الفوليك,حمض الفوليك,حمض الفوليك,فيتامين ب (فولات),قرص,أصفر,دائري,فقر الدم الضخم الأرومات؛ الوقاية من عيوب الأنبوب العصبي (حمل)؛ مكمل ميثوتريكسات,OTC / Prescription,Rarely: GI upset; Skin rash (hypersensitivity),نادراً: اضطراب هضمي؛ طفح جلدي (فرط الحساسية),Vitamin B12 deficiency (may mask diagnosis); Folic acid allergy,نقص فيتامين ب12 (قد يخفي التشخيص)؛ حساسية حمض الفوليك
Calcium + Vitamin D,Calcium Carbonate / Cholecalciferol,Calcium + Vitamin D Supplement,Tablet,White,Oval,Osteoporosis prevention; Calcium deficiency; Hypoparathyroidism,Various,500/200 mg-IU,calcium + vitamin d generic calcium carbonate / cholecalciferol form tablet class calcium + vitamin d supplement indication osteoporosis prevention; calcium deficiency; hypoparathyroidism color white shape oval calcium carbonate 500 mg / cholecalciferol 200 iu constipation; flatulence; hypercalcemia (overdose); renal calculi hypercalcemia; renal calculi; severe renal impairment; hypervitaminosis d كالسيوم + فيتامين د كربونات الكالسيوم / كولكالسيفيرول قرص مكمل كالسيوم + فيتامين د الوقاية من هشاشة العظام؛ نقص الكالسيوم؛ قصور الغدة الجار درقية أبيض بيضاوي إمساك؛ انتفاخ؛ فرط كالسيوم الدم (جرعة زائدة)؛ حصى الكلى فرط كالسيوم الدم؛ حصى الكلى؛ قصور كلوي شديد؛ فرط فيتامين د,calcium + vitamin d generic calcium carbonate / cholecalciferol form tablet class calcium + vitamin d supplement indication osteoporosis prevention; calcium deficiency; hypoparathyroidism color white shape oval calcium carbonate 500 mg / cholecalciferol 200 iu constipation; flatulence; hypercalcemia (overdose); renal calculi hypercalcemia; renal calculi; severe renal impairment; hypervitaminosis d كالسيوم + فيتامين د كربونات الكالسيوم / كولكالسيفيرول قرص مكمل كالسيوم + فيتامين د الوقاية من هشاشة العظام؛ نقص الكالسيوم؛ قصور الغدة الجار درقية أبيض بيضاوي إمساك؛ انتفاخ؛ فرط كالسيوم الدم (جرعة زائدة)؛ حصى الكلى فرط كالسيوم الدم؛ حصى الكلى؛ قصور كلوي شديد؛ فرط فيتامين د,كالسيوم + فيتامين د,كربونات الكالسيوم / كولكالسيفيرول,مكمل كالسيوم + فيتامين د,قرص,أبيض,بيضاوي,الوقاية من هشاشة العظام؛ نقص الكالسيوم؛ قصور الغدة الجار درقية,OTC,Constipation; Flatulence; Hypercalcemia (overdose); Renal calculi,إمساك؛ انتفاخ؛ فرط كالسيوم الدم (جرعة زائدة)؛ حصى الكلى,Hypercalcemia; Renal calculi; Severe renal impairment; Hypervitaminosis D,فرط كالسيوم الدم؛ حصى الكلى؛ قصور كلوي شديد؛ فرط فيتامين د
Vitamin B12,Cyanocobalamin,Vitamin B12 Supplement,Tablet,Pink,Round,Vitamin B12 deficiency; Pernicious anemia; Peripheral neuropathy; Metformin-induced B12 deficiency,Various,1000 mcg,vitamin b12 generic cyanocobalamin form tablet class vitamin b12 supplement indication vitamin b12 deficiency; pernicious anemia; peripheral neuropathy; metformin-induced b12 deficiency color pink shape round cyanocobalamin 1000 mcg rarely: itching; rash; diarrhea (all rare) hypersensitivity to cyanocobalamin or cobalt فيتامين ب12 سيانوكوبالامين قرص مكمل فيتامين ب12 نقص فيتامين ب12؛ فقر الدم الخبيث؛ اعتلال الأعصاب المحيطية؛ نقص ب12 بسبب الميتفورمين وردي دائري نادراً: حكة؛ طفح جلدي؛ إسهال (جميعها نادرة) فرط الحساسية للسيانوكوبالامين أو الكوبالت,vitamin b12 generic cyanocobalamin form tablet class vitamin b12 supplement indication vitamin b12 deficiency; pernicious anemia; peripheral neuropathy; metformin-induced b12 deficiency color pink shape round cyanocobalamin 1000 mcg rarely: itching; rash; diarrhea (all rare) hypersensitivity to cyanocobalamin or cobalt فيتامين ب12 سيانوكوبالامين قرص مكمل فيتامين ب12 نقص فيتامين ب12؛ فقر الدم الخبيث؛ اعتلال الأعصاب المحيطية؛ نقص ب12 بسبب الميتفورمين وردي دائري نادراً: حكة؛ طفح جلدي؛ إسهال (جميعها نادرة) فرط الحساسية للسيانوكوبالامين أو الكوبالت,فيتامين ب12,سيانوكوبالامين,مكمل فيتامين ب12,قرص,وردي,دائري,نقص فيتامين ب12؛ فقر الدم الخبيث؛ اعتلال الأعصاب المحيطية؛ نقص ب12 بسبب الميتفورمين,OTC,Rarely: itching; rash; diarrhea (all rare),نادراً: حكة؛ طفح جلدي؛ إسهال (جميعها نادرة),Hypersensitivity to cyanocobalamin or cobalt,فرط الحساسية للسيانوكوبالامين أو الكوبالت
Centrum,Multivitamin / Multomineral,Multivitamin Supplement,Tablet,Peach,Oval,General nutritional supplementation; Micronutrient deficiencies,Haleon / Pfizer,Standard adult dose,centrum generic multivitamin / multomineral form tablet class multivitamin supplement indication general nutritional supplementation; micronutrient deficiencies color peach shape oval multivitamin and mineral complex nausea (if taken on empty stomach); constipation; dark stools (iron) hemochromatosis; hypervitaminosis a or d سنتروم متعدد الفيتامينات / متعدد المعادن قرص مكمل متعدد الفيتامينات مكمل غذائي عام؛ نقص العناصر الغذائية الدقيقة خوخي بيضاوي غثيان (إذا أُخذ على معدة فارغة)؛ إمساك؛ براز داكن (حديد) داء ترسب الأصبغة الدموية؛ فرط فيتامين أ أو د,centrum generic multivitamin / multomineral form tablet class multivitamin supplement indication general nutritional supplementation; micronutrient deficiencies color peach shape oval multivitamin and mineral complex nausea (if taken on empty stomach); constipation; dark stools (iron) hemochromatosis; hypervitaminosis a or d سنتروم متعدد الفيتامينات / متعدد المعادن قرص مكمل متعدد الفيتامينات مكمل غذائي عام؛ نقص العناصر الغذائية الدقيقة خوخي بيضاوي غثيان (إذا أُخذ على معدة فارغة)؛ إمساك؛ براز داكن (حديد) داء ترسب الأصبغة الدموية؛ فرط فيتامين أ أو د,سنتروم,متعدد الفيتامينات / متعدد المعادن,مكمل متعدد الفيتامينات,قرص,خوخي,بيضاوي,مكمل غذائي عام؛ نقص العناصر الغذائية الدقيقة,OTC,Nausea (if taken on empty stomach); Constipation; Dark stools (iron),غثيان (إذا أُخذ على معدة فارغة)؛ إمساك؛ براز داكن (حديد),Hemochromatosis; Hypervitaminosis A or D,داء ترسب الأصبغة الدموية؛ فرط فيتامين أ أو د
Zinc,Zinc Sulfate,Zinc Supplement,Capsule,White,Capsule,Zinc deficiency; Wound healing; Immune support; Diarrhea (in children),Various,220 mg,zinc generic zinc sulfate form capsule class zinc supplement indication zinc deficiency; wound healing; immune support; diarrhea (in children) color white shape capsule zinc sulfate 220 mg (50 mg elemental zn) nausea; gi upset; metallic taste; copper deficiency (long-term high dose) hypersensitivity to zinc; concurrent fluoroquinolones (reduced absorption) زنك كبريتات الزنك كبسولة مكمل الزنك نقص الزنك؛ التئام الجروح؛ دعم المناعة؛ الإسهال (عند الأطفال) أبيض كبسولة غثيان؛ اضطراب هضمي؛ طعم معدني؛ نقص النحاس (جرعات عالية طويلة الأمد) فرط الحساسية للزنك؛ الكينولونات المتزامنة (تقليل الامتصاص),zinc generic zinc sulfate form capsule class zinc supplement indication zinc deficiency; wound healing; immune support; diarrhea (in children) color white shape capsule zinc sulfate 220 mg (50 mg elemental zn) nausea; gi upset; metallic taste; copper deficiency (long-term high dose) hypersensitivity to zinc; concurrent fluoroquinolones (reduced absorption) زنك كبريتات الزنك كبسولة مكمل الزنك نقص الزنك؛ التئام الجروح؛ دعم المناعة؛ الإسهال (عند الأطفال) أبيض كبسولة غثيان؛ اضطراب هضمي؛ طعم معدني؛ نقص النحاس (جرعات عالية طويلة الأمد) فرط الحساسية للزنك؛ الكينولونات المتزامنة (تقليل الامتصاص),زنك,كبريتات الزنك,مكمل الزنك,كبسولة,أبيض,كبسولة,نقص الزنك؛ التئام الجروح؛ دعم المناعة؛ الإسهال (عند الأطفال),OTC,Nausea; GI upset; Metallic taste; Copper deficiency (long-term high dose),غثيان؛ اضطراب هضمي؛ طعم معدني؛ نقص النحاس (جرعات عالية طويلة الأمد),Hypersensitivity to zinc; Concurrent fluoroquinolones (reduced absorption),فرط الحساسية للزنك؛ الكينولونات المتزامنة (تقليل الامتصاص)
Vitamin C,Ascorbic Acid,Vitamin C (Water-soluble Vitamin),Tablet,Orange,Round,Vitamin C deficiency (scurvy); Immune support; Iron absorption enhancement,Various,500 mg,vitamin c generic ascorbic acid form tablet class vitamin c (water-soluble vitamin) indication vitamin c deficiency (scurvy); immune support; iron absorption enhancement color orange shape round ascorbic acid 500 mg gi upset; kidney stones (high doses); diarrhea kidney stones (oxalate); hemochromatosis (with iron) فيتامين ج حمض الأسكوربيك قرص فيتامين ج (فيتامين قابل للذوبان في الماء) نقص فيتامين ج (الإسقربوط)؛ دعم المناعة؛ تعزيز امتصاص الحديد برتقالي دائري اضطراب هضمي؛ حصى الكلى (جرعات عالية)؛ إسهال حصى الكلى (أوكسالات)؛ داء ترسب الأصبغة الدموية (مع الحديد),vitamin c generic ascorbic acid form tablet class vitamin c (water-soluble vitamin) indication vitamin c deficiency (scurvy); immune support; iron absorption enhancement color orange shape round ascorbic acid 500 mg gi upset; kidney stones (high doses); diarrhea kidney stones (oxalate); hemochromatosis (with iron) فيتامين ج حمض الأسكوربيك قرص فيتامين ج (فيتامين قابل للذوبان في الماء) نقص فيتامين ج (الإسقربوط)؛ دعم المناعة؛ تعزيز امتصاص الحديد برتقالي دائري اضطراب هضمي؛ حصى الكلى (جرعات عالية)؛ إسهال حصى الكلى (أوكسالات)؛ داء ترسب الأصبغة الدموية (مع الحديد),فيتامين ج,حمض الأسكوربيك,فيتامين ج (فيتامين قابل للذوبان في الماء),قرص,برتقالي,دائري,نقص فيتامين ج (الإسقربوط)؛ دعم المناعة؛ تعزيز امتصاص الحديد,OTC,GI upset; Kidney stones (high doses); Diarrhea,اضطراب هضمي؛ حصى الكلى (جرعات عالية)؛ إسهال,Kidney stones (oxalate); Hemochromatosis (with iron),حصى الكلى (أوكسالات)؛ داء ترسب الأصبغة الدموية (مع الحديد)
Omega-3,Omega-3 Fatty Acids,Omega-3 Fatty Acid Supplement,Capsule,Yellow,Capsule,Hypertriglyceridemia; Cardiovascular health; Inflammatory conditions,Various,1000 mg,omega-3 generic omega-3 fatty acids form capsule class omega-3 fatty acid supplement indication hypertriglyceridemia; cardiovascular health; inflammatory conditions color yellow shape capsule epa 360 mg / dha 240 mg fishy aftertaste; gi upset; bleeding risk (high dose); nausea fish/shellfish allergy; active bleeding disorders أوميغا-3 أحماض أوميغا-3 الدهنية كبسولة مكمل أحماض أوميغا-3 فرط ثلاثيات الغليسريد؛ صحة القلب والأوعية؛ الحالات الالتهابية أصفر كبسولة طعم سمكي لاحق؛ اضطراب هضمي؛ خطر نزيف (جرعة عالية)؛ غثيان حساسية السمك/المحار؛ اضطرابات نزيف نشطة,omega-3 generic omega-3 fatty acids form capsule class omega-3 fatty acid supplement indication hypertriglyceridemia; cardiovascular health; inflammatory conditions color yellow shape capsule epa 360 mg / dha 240 mg fishy aftertaste; gi upset; bleeding risk (high dose); nausea fish/shellfish allergy; active bleeding disorders أوميغا-3 أحماض أوميغا-3 الدهنية كبسولة مكمل أحماض أوميغا-3 فرط ثلاثيات الغليسريد؛ صحة القلب والأوعية؛ الحالات الالتهابية أصفر كبسولة طعم سمكي لاحق؛ اضطراب هضمي؛ خطر نزيف (جرعة عالية)؛ غثيان حساسية السمك/المحار؛ اضطرابات نزيف نشطة,أوميغا-3,أحماض أوميغا-3 الدهنية,مكمل أحماض أوميغا-3,كبسولة,أصفر,كبسولة,فرط ثلاثيات الغليسريد؛ صحة القلب والأوعية؛ الحالات الالتهابية,OTC,Fishy aftertaste; GI upset; Bleeding risk (high dose); Nausea,طعم سمكي لاحق؛ اضطراب هضمي؛ خطر نزيف (جرعة عالية)؛ غثيان,Fish/shellfish allergy; Active bleeding disorders,حساسية السمك/المحار؛ اضطرابات نزيف نشطة
Magnesium,Magnesium Oxide,Magnesium Supplement,Tablet,White,Round,Magnesium deficiency; Constipation; Migraine prevention; Muscle cramps,Various,500 mg,magnesium generic magnesium oxide form tablet class magnesium supplement indication magnesium deficiency; constipation; migraine prevention; muscle cramps color white shape round magnesium oxide 500 mg diarrhea; nausea; abdominal cramping; hypermagnesemia (renal impairment) severe renal impairment; myasthenia gravis; heart block مغنيسيوم أكسيد المغنيسيوم قرص مكمل المغنيسيوم نقص المغنيسيوم؛ إمساك؛ الوقاية من الصداع النصفي؛ تشنجات عضلية أبيض دائري إسهال؛ غثيان؛ تشنج بطن؛ فرط مغنيسيوم الدم (قصور كلوي) قصور كلوي شديد؛ الوهن العضلي الوبيل؛ إحصار قلبي,magnesium generic magnesium oxide form tablet class magnesium supplement indication magnesium deficiency; constipation; migraine prevention; muscle cramps color white shape round magnesium oxide 500 mg diarrhea; nausea; abdominal cramping; hypermagnesemia (renal impairment) severe renal impairment; myasthenia gravis; heart block مغنيسيوم أكسيد المغنيسيوم قرص مكمل المغنيسيوم نقص المغنيسيوم؛ إمساك؛ الوقاية من الصداع النصفي؛ تشنجات عضلية أبيض دائري إسهال؛ غثيان؛ تشنج بطن؛ فرط مغنيسيوم الدم (قصور كلوي) قصور كلوي شديد؛ الوهن العضلي الوبيل؛ إحصار قلبي,مغنيسيوم,أكسيد المغنيسيوم,مكمل المغنيسيوم,قرص,أبيض,دائري,نقص المغنيسيوم؛ إمساك؛ الوقاية من الصداع النصفي؛ تشنجات عضلية,OTC,Diarrhea; Nausea; Abdominal cramping; Hypermagnesemia (renal impairment),إسهال؛ غثيان؛ تشنج بطن؛ فرط مغنيسيوم الدم (قصور كلوي),Severe renal impairment; Myasthenia gravis; Heart block,قصور كلوي شديد؛ الوهن العضلي الوبيل؛ إحصار قلبي
Biotin,Biotin,B Vitamin (Biotin/B7),Tablet,White,Oval,Biotin deficiency; Hair and nail growth; Skin health,Various,5000 mcg,biotin generic biotin form tablet class b vitamin (biotin/b7) indication biotin deficiency; hair and nail growth; skin health color white shape oval biotin 5000 mcg rarely: skin rash; digestive upset; interferes with lab tests (thyroid; troponin) hypersensitivity to biotin; note: may interfere with lab immunoassays بيوتين بيوتين قرص فيتامين ب (بيوتين/ب7) نقص البيوتين؛ نمو الشعر والأظافر؛ صحة الجلد أبيض بيضاوي نادراً: طفح جلدي؛ اضطراب هضمي؛ تتداخل مع نتائج المختبر (الغدة الدرقية؛ تروبونين) فرط الحساسية للبيوتين؛ ملاحظة: قد تتداخل مع اختبارات المناعة المعملية,biotin generic biotin form tablet class b vitamin (biotin/b7) indication biotin deficiency; hair and nail growth; skin health color white shape oval biotin 5000 mcg rarely: skin rash; digestive upset; interferes with lab tests (thyroid; troponin) hypersensitivity to biotin; note: may interfere with lab immunoassays بيوتين بيوتين قرص فيتامين ب (بيوتين/ب7) نقص البيوتين؛ نمو الشعر والأظافر؛ صحة الجلد أبيض بيضاوي نادراً: طفح جلدي؛ اضطراب هضمي؛ تتداخل مع نتائج المختبر (الغدة الدرقية؛ تروبونين) فرط الحساسية للبيوتين؛ ملاحظة: قد تتداخل مع اختبارات المناعة المعملية,بيوتين,بيوتين,فيتامين ب (بيوتين/ب7),قرص,أبيض,بيضاوي,نقص البيوتين؛ نمو الشعر والأظافر؛ صحة الجلد,OTC,Rarely: skin rash; digestive upset; Interferes with lab tests (thyroid; troponin),نادراً: طفح جلدي؛ اضطراب هضمي؛ تتداخل مع نتائج المختبر (الغدة الدرقية؛ تروبونين),Hypersensitivity to biotin; Note: may interfere with lab immunoassays,فرط الحساسية للبيوتين؛ ملاحظة: قد تتداخل مع اختبارات المناعة المعملية
Omnic,Tamsulosin,Alpha-1 Adrenergic Blocker,Modified-release Capsule,Orange/White,Capsule,Benign prostatic hyperplasia (BPH),Boehringer Ingelheim,0.4 mg,omnic generic tamsulosin form modified-release capsule class alpha-1 adrenergic blocker indication benign prostatic hyperplasia (bph) color orange/white shape capsule tamsulosin hcl 0.4 mg orthostatic hypotension; dizziness; abnormal ejaculation; headache; retrograde ejaculation concurrent strong cyp3a4/2d6 inhibitors; orthostatic hypotension history; severe hepatic impairment أومنيك تامسولوسين كبسولة ممتدة المفعول حاصر ألفا-1 الأدرينالي تضخم البروستاتا الحميد برتقالي/أبيض كبسولة انخفاض ضغط انتصابي؛ دوخة؛ قذف شاذ؛ صداع؛ قذف رجعي الاستخدام المتزامن مع مثبطات CYP3A4/2D6 القوية؛ تاريخ انخفاض ضغط انتصابي؛ قصور كبدي شديد,omnic generic tamsulosin form modified-release capsule class alpha-1 adrenergic blocker indication benign prostatic hyperplasia (bph) color orange/white shape capsule tamsulosin hcl 0.4 mg orthostatic hypotension; dizziness; abnormal ejaculation; headache; retrograde ejaculation concurrent strong cyp3a4/2d6 inhibitors; orthostatic hypotension history; severe hepatic impairment أومنيك تامسولوسين كبسولة ممتدة المفعول حاصر ألفا-1 الأدرينالي تضخم البروستاتا الحميد برتقالي/أبيض كبسولة انخفاض ضغط انتصابي؛ دوخة؛ قذف شاذ؛ صداع؛ قذف رجعي الاستخدام المتزامن مع مثبطات CYP3A4/2D6 القوية؛ تاريخ انخفاض ضغط انتصابي؛ قصور كبدي شديد,أومنيك,تامسولوسين,حاصر ألفا-1 الأدرينالي,كبسولة ممتدة المفعول,برتقالي/أبيض,كبسولة,تضخم البروستاتا الحميد,Prescription,Orthostatic hypotension; Dizziness; Abnormal ejaculation; Headache; Retrograde ejaculation,انخفاض ضغط انتصابي؛ دوخة؛ قذف شاذ؛ صداع؛ قذف رجعي,Concurrent strong CYP3A4/2D6 inhibitors; Orthostatic hypotension history; Severe hepatic impairment,الاستخدام المتزامن مع مثبطات CYP3A4/2D6 القوية؛ تاريخ انخفاض ضغط انتصابي؛ قصور كبدي شديد
Proscar,Finasteride,5-Alpha Reductase Inhibitor,Tablet,Blue,Oval,Benign prostatic hyperplasia (BPH),MSD,5 mg,proscar generic finasteride form tablet class 5-alpha reductase inhibitor indication benign prostatic hyperplasia (bph) color blue shape oval finasteride 5 mg sexual dysfunction; decreased libido; ejaculation disorders; gynecomastia; teratogenicity (to male fetus) pregnancy (handling crushed tablets); female patients بروسكار فيناستيريد قرص مثبط 5-ألفا ريداكتيز تضخم البروستاتا الحميد أزرق بيضاوي ضعف جنسي؛ انخفاض الرغبة الجنسية؛ اضطرابات القذف؛ تثدي؛ تشوه جنيني (للجنين الذكر) الحمل (التعامل مع الأقراص المسحوقة)؛ المريضات,proscar generic finasteride form tablet class 5-alpha reductase inhibitor indication benign prostatic hyperplasia (bph) color blue shape oval finasteride 5 mg sexual dysfunction; decreased libido; ejaculation disorders; gynecomastia; teratogenicity (to male fetus) pregnancy (handling crushed tablets); female patients بروسكار فيناستيريد قرص مثبط 5-ألفا ريداكتيز تضخم البروستاتا الحميد أزرق بيضاوي ضعف جنسي؛ انخفاض الرغبة الجنسية؛ اضطرابات القذف؛ تثدي؛ تشوه جنيني (للجنين الذكر) الحمل (التعامل مع الأقراص المسحوقة)؛ المريضات,بروسكار,فيناستيريد,مثبط 5-ألفا ريداكتيز,قرص,أزرق,بيضاوي,تضخم البروستاتا الحميد,Prescription,Sexual dysfunction; Decreased libido; Ejaculation disorders; Gynecomastia; Teratogenicity (to male fetus),ضعف جنسي؛ انخفاض الرغبة الجنسية؛ اضطرابات القذف؛ تثدي؛ تشوه جنيني (للجنين الذكر),Pregnancy (handling crushed tablets); Female patients,الحمل (التعامل مع الأقراص المسحوقة)؛ المريضات
Avodart,Dutasteride,5-Alpha Reductase Inhibitor (Dual),Capsule,Yellow,Capsule,Benign prostatic hyperplasia (BPH),GSK,0.5 mg,avodart generic dutasteride form capsule class 5-alpha reductase inhibitor (dual) indication benign prostatic hyperplasia (bph) color yellow shape capsule dutasteride 0.5 mg sexual dysfunction; decreased libido; gynecomastia; breast tenderness; teratogenicity pregnancy (handling); female patients; hepatic impairment أفودارت دوتاستيريد كبسولة مثبط 5-ألفا ريداكتيز (مزدوج) تضخم البروستاتا الحميد أصفر كبسولة ضعف جنسي؛ انخفاض الرغبة الجنسية؛ تثدي؛ ألم الثدي؛ تشوه جنيني الحمل (التعامل)؛ المريضات؛ قصور كبدي,avodart generic dutasteride form capsule class 5-alpha reductase inhibitor (dual) indication benign prostatic hyperplasia (bph) color yellow shape capsule dutasteride 0.5 mg sexual dysfunction; decreased libido; gynecomastia; breast tenderness; teratogenicity pregnancy (handling); female patients; hepatic impairment أفودارت دوتاستيريد كبسولة مثبط 5-ألفا ريداكتيز (مزدوج) تضخم البروستاتا الحميد أصفر كبسولة ضعف جنسي؛ انخفاض الرغبة الجنسية؛ تثدي؛ ألم الثدي؛ تشوه جنيني الحمل (التعامل)؛ المريضات؛ قصور كبدي,أفودارت,دوتاستيريد,مثبط 5-ألفا ريداكتيز (مزدوج),كبسولة,أصفر,كبسولة,تضخم البروستاتا الحميد,Prescription,Sexual dysfunction; Decreased libido; Gynecomastia; Breast tenderness; Teratogenicity,ضعف جنسي؛ انخفاض الرغبة الجنسية؛ تثدي؛ ألم الثدي؛ تشوه جنيني,Pregnancy (handling); Female patients; Hepatic impairment,الحمل (التعامل)؛ المريضات؛ قصور كبدي
Cardura,Doxazosin,Alpha-1 Adrenergic Blocker,Tablet,White,Diamond,Benign prostatic hyperplasia; Hypertension,Pfizer,4 mg,cardura generic doxazosin form tablet class alpha-1 adrenergic blocker indication benign prostatic hyperplasia; hypertension color white shape diamond doxazosin mesylate 4 mg orthostatic hypotension; dizziness; headache; fatigue; palpitations; rhinitis concurrent pde-5 inhibitors (risk of severe hypotension) كاردورا دوكسازوسين قرص حاصر ألفا-1 الأدرينالي تضخم البروستاتا الحميد؛ ارتفاع ضغط الدم أبيض معيّن انخفاض ضغط انتصابي؛ دوخة؛ صداع؛ إرهاق؛ خفقان؛ التهاب الأنف الاستخدام المتزامن مع مثبطات PDE-5 (خطر انخفاض شديد في الضغط),cardura generic doxazosin form tablet class alpha-1 adrenergic blocker indication benign prostatic hyperplasia; hypertension color white shape diamond doxazosin mesylate 4 mg orthostatic hypotension; dizziness; headache; fatigue; palpitations; rhinitis concurrent pde-5 inhibitors (risk of severe hypotension) كاردورا دوكسازوسين قرص حاصر ألفا-1 الأدرينالي تضخم البروستاتا الحميد؛ ارتفاع ضغط الدم أبيض معيّن انخفاض ضغط انتصابي؛ دوخة؛ صداع؛ إرهاق؛ خفقان؛ التهاب الأنف الاستخدام المتزامن مع مثبطات PDE-5 (خطر انخفاض شديد في الضغط),كاردورا,دوكسازوسين,حاصر ألفا-1 الأدرينالي,قرص,أبيض,معيّن,تضخم البروستاتا الحميد؛ ارتفاع ضغط الدم,Prescription,Orthostatic hypotension; Dizziness; Headache; Fatigue; Palpitations; Rhinitis,انخفاض ضغط انتصابي؛ دوخة؛ صداع؛ إرهاق؛ خفقان؛ التهاب الأنف,Concurrent PDE-5 inhibitors (risk of severe hypotension),الاستخدام المتزامن مع مثبطات PDE-5 (خطر انخفاض شديد في الضغط)
Viagra,Sildenafil,PDE-5 Inhibitor,Tablet,Blue,Diamond,Erectile dysfunction; Pulmonary arterial hypertension,Pfizer,50 mg,viagra generic sildenafil form tablet class pde-5 inhibitor indication erectile dysfunction; pulmonary arterial hypertension color blue shape diamond sildenafil citrate 50 mg headache; flushing; dyspepsia; blurred vision; nasal congestion; hypotension concurrent nitrates or nitric oxide donors; severe hepatic impairment; hypotension فياغرا سيلدينافيل قرص مثبط فوسفوديستراز-5 ضعف الانتصاب؛ ارتفاع ضغط الشريان الرئوي أزرق معيّن صداع؛ احمرار الوجه؛ عسر الهضم؛ عدم وضوح الرؤية؛ احتقان الأنف؛ انخفاض ضغط الدم الاستخدام المتزامن مع النترات أو مانحي أكسيد النيتريك؛ قصور كبدي شديد؛ انخفاض ضغط الدم,viagra generic sildenafil form tablet class pde-5 inhibitor indication erectile dysfunction; pulmonary arterial hypertension color blue shape diamond sildenafil citrate 50 mg headache; flushing; dyspepsia; blurred vision; nasal congestion; hypotension concurrent nitrates or nitric oxide donors; severe hepatic impairment; hypotension فياغرا سيلدينافيل قرص مثبط فوسفوديستراز-5 ضعف الانتصاب؛ ارتفاع ضغط الشريان الرئوي أزرق معيّن صداع؛ احمرار الوجه؛ عسر الهضم؛ عدم وضوح الرؤية؛ احتقان الأنف؛ انخفاض ضغط الدم الاستخدام المتزامن مع النترات أو مانحي أكسيد النيتريك؛ قصور كبدي شديد؛ انخفاض ضغط الدم,فياغرا,سيلدينافيل,مثبط فوسفوديستراز-5,قرص,أزرق,معيّن,ضعف الانتصاب؛ ارتفاع ضغط الشريان الرئوي,Prescription,Headache; Flushing; Dyspepsia; Blurred vision; Nasal congestion; Hypotension,صداع؛ احمرار الوجه؛ عسر الهضم؛ عدم وضوح الرؤية؛ احتقان الأنف؛ انخفاض ضغط الدم,Concurrent nitrates or nitric oxide donors; Severe hepatic impairment; Hypotension,الاستخدام المتزامن مع النترات أو مانحي أكسيد النيتريك؛ قصور كبدي شديد؛ انخفاض ضغط الدم
Viagra,Sildenafil,PDE-5 Inhibitor,Tablet,Blue,Diamond,Erectile dysfunction,Pfizer,100 mg,viagra generic sildenafil form tablet class pde-5 inhibitor indication erectile dysfunction color blue shape diamond sildenafil citrate 100 mg headache; flushing; dyspepsia; priapism (rare); vision changes; hearing loss (rare) concurrent nitrates; severe hepatic impairment; hypotension; retinitis pigmentosa فياغرا سيلدينافيل قرص مثبط فوسفوديستراز-5 ضعف الانتصاب أزرق معيّن صداع؛ احمرار الوجه؛ عسر الهضم؛ الانتصاب المؤلم (نادر)؛ تغيرات البصر؛ فقدان السمع (نادر) الاستخدام المتزامن مع النترات؛ قصور كبدي شديد؛ انخفاض ضغط الدم؛ التهاب الشبكية الصباغي,viagra generic sildenafil form tablet class pde-5 inhibitor indication erectile dysfunction color blue shape diamond sildenafil citrate 100 mg headache; flushing; dyspepsia; priapism (rare); vision changes; hearing loss (rare) concurrent nitrates; severe hepatic impairment; hypotension; retinitis pigmentosa فياغرا سيلدينافيل قرص مثبط فوسفوديستراز-5 ضعف الانتصاب أزرق معيّن صداع؛ احمرار الوجه؛ عسر الهضم؛ الانتصاب المؤلم (نادر)؛ تغيرات البصر؛ فقدان السمع (نادر) الاستخدام المتزامن مع النترات؛ قصور كبدي شديد؛ انخفاض ضغط الدم؛ التهاب الشبكية الصباغي,فياغرا,سيلدينافيل,مثبط فوسفوديستراز-5,قرص,أزرق,معيّن,ضعف الانتصاب,Prescription,Headache; Flushing; Dyspepsia; Priapism (rare); Vision changes; Hearing loss (rare),صداع؛ احمرار الوجه؛ عسر الهضم؛ الانتصاب المؤلم (نادر)؛ تغيرات البصر؛ فقدان السمع (نادر),Concurrent nitrates; Severe hepatic impairment; Hypotension; Retinitis pigmentosa,الاستخدام المتزامن مع النترات؛ قصور كبدي شديد؛ انخفاض ضغط الدم؛ التهاب الشبكية الصباغي
Cialis,Tadalafil,PDE-5 Inhibitor,Tablet,Yellow,Almond-shaped,Erectile dysfunction; Benign prostatic hyperplasia; Pulmonary arterial hypertension,Eli Lilly,20 mg,cialis generic tadalafil form tablet class pde-5 inhibitor indication erectile dysfunction; benign prostatic hyperplasia; pulmonary arterial hypertension color yellow shape almond-shaped tadalafil 20 mg headache; flushing; dyspepsia; back pain; myalgia; nasal congestion concurrent nitrates; severe hepatic/renal impairment; history of non-arteritic ischemic optic neuropathy سياليس تادالافيل قرص مثبط فوسفوديستراز-5 ضعف الانتصاب؛ تضخم البروستاتا الحميد؛ ارتفاع ضغط الشريان الرئوي أصفر على شكل لوزة صداع؛ احمرار الوجه؛ عسر الهضم؛ ألم الظهر؛ ألم عضلي؛ احتقان الأنف الاستخدام المتزامن مع النترات؛ قصور كبدي/كلوي شديد؛ تاريخ اعتلال العصب البصري الإقفاري,cialis generic tadalafil form tablet class pde-5 inhibitor indication erectile dysfunction; benign prostatic hyperplasia; pulmonary arterial hypertension color yellow shape almond-shaped tadalafil 20 mg headache; flushing; dyspepsia; back pain; myalgia; nasal congestion concurrent nitrates; severe hepatic/renal impairment; history of non-arteritic ischemic optic neuropathy سياليس تادالافيل قرص مثبط فوسفوديستراز-5 ضعف الانتصاب؛ تضخم البروستاتا الحميد؛ ارتفاع ضغط الشريان الرئوي أصفر على شكل لوزة صداع؛ احمرار الوجه؛ عسر الهضم؛ ألم الظهر؛ ألم عضلي؛ احتقان الأنف الاستخدام المتزامن مع النترات؛ قصور كبدي/كلوي شديد؛ تاريخ اعتلال العصب البصري الإقفاري,سياليس,تادالافيل,مثبط فوسفوديستراز-5,قرص,أصفر,على شكل لوزة,ضعف الانتصاب؛ تضخم البروستاتا الحميد؛ ارتفاع ضغط الشريان الرئوي,Prescription,Headache; Flushing; Dyspepsia; Back pain; Myalgia; Nasal congestion,صداع؛ احمرار الوجه؛ عسر الهضم؛ ألم الظهر؛ ألم عضلي؛ احتقان الأنف,Concurrent nitrates; Severe hepatic/renal impairment; History of non-arteritic ischemic optic neuropathy,الاستخدام المتزامن مع النترات؛ قصور كبدي/كلوي شديد؛ تاريخ اعتلال العصب البصري الإقفاري
Vesicare,Solifenacin,Antimuscarinic (Urinary),Tablet,Light Yellow,Round,Overactive bladder (urinary urgency; frequency; urge incontinence),Astellas,5 mg,vesicare generic solifenacin form tablet class antimuscarinic (urinary) indication overactive bladder (urinary urgency; frequency; urge incontinence) color light yellow shape round solifenacin succinate 5 mg dry mouth; constipation; blurred vision; urinary retention; somnolence urinary retention; gastric retention; uncontrolled narrow-angle glaucoma; myasthenia gravis فيسيكير سوليفيناسين قرص مضاد للمسكارين (بولي) المثانة المفرطة النشاط (إلحاح بولي؛ تكرار؛ سلس بولي إلحاحي) أصفر فاتح دائري جفاف الفم؛ إمساك؛ عدم وضوح الرؤية؛ احتباس بولي؛ نعاس احتباس بولي؛ احتباس معدي؛ جلوكوما ضيقة الزاوية غير مسيطر عليها؛ الوهن العضلي الوبيل,vesicare generic solifenacin form tablet class antimuscarinic (urinary) indication overactive bladder (urinary urgency; frequency; urge incontinence) color light yellow shape round solifenacin succinate 5 mg dry mouth; constipation; blurred vision; urinary retention; somnolence urinary retention; gastric retention; uncontrolled narrow-angle glaucoma; myasthenia gravis فيسيكير سوليفيناسين قرص مضاد للمسكارين (بولي) المثانة المفرطة النشاط (إلحاح بولي؛ تكرار؛ سلس بولي إلحاحي) أصفر فاتح دائري جفاف الفم؛ إمساك؛ عدم وضوح الرؤية؛ احتباس بولي؛ نعاس احتباس بولي؛ احتباس معدي؛ جلوكوما ضيقة الزاوية غير مسيطر عليها؛ الوهن العضلي الوبيل,فيسيكير,سوليفيناسين,مضاد للمسكارين (بولي),قرص,أصفر فاتح,دائري,المثانة المفرطة النشاط (إلحاح بولي؛ تكرار؛ سلس بولي إلحاحي),Prescription,Dry mouth; Constipation; Blurred vision; Urinary retention; Somnolence,جفاف الفم؛ إمساك؛ عدم وضوح الرؤية؛ احتباس بولي؛ نعاس,Urinary retention; Gastric retention; Uncontrolled narrow-angle glaucoma; Myasthenia gravis,احتباس بولي؛ احتباس معدي؛ جلوكوما ضيقة الزاوية غير مسيطر عليها؛ الوهن العضلي الوبيل
Ditropan,Oxybutynin,Antimuscarinic (Urinary),Tablet,Blue,Round,Overactive bladder; Urge incontinence; Neurogenic bladder,Various,5 mg,ditropan generic oxybutynin form tablet class antimuscarinic (urinary) indication overactive bladder; urge incontinence; neurogenic bladder color blue shape round oxybutynin hcl 5 mg dry mouth; constipation; blurred vision; tachycardia; urinary retention; drowsiness urinary/gastric retention; angle-closure glaucoma; ulcerative colitis; myasthenia gravis ديتروبان أوكسيبيوتينين قرص مضاد للمسكارين (بولي) المثانة المفرطة النشاط؛ سلس بولي إلحاحي؛ المثانة العصبية أزرق دائري جفاف الفم؛ إمساك؛ عدم وضوح الرؤية؛ تسرع القلب؛ احتباس بولي؛ نعاس احتباس بولي/معدي؛ جلوكوما انغلاق الزاوية؛ التهاب القولون التقرحي؛ الوهن العضلي الوبيل,ditropan generic oxybutynin form tablet class antimuscarinic (urinary) indication overactive bladder; urge incontinence; neurogenic bladder color blue shape round oxybutynin hcl 5 mg dry mouth; constipation; blurred vision; tachycardia; urinary retention; drowsiness urinary/gastric retention; angle-closure glaucoma; ulcerative colitis; myasthenia gravis ديتروبان أوكسيبيوتينين قرص مضاد للمسكارين (بولي) المثانة المفرطة النشاط؛ سلس بولي إلحاحي؛ المثانة العصبية أزرق دائري جفاف الفم؛ إمساك؛ عدم وضوح الرؤية؛ تسرع القلب؛ احتباس بولي؛ نعاس احتباس بولي/معدي؛ جلوكوما انغلاق الزاوية؛ التهاب القولون التقرحي؛ الوهن العضلي الوبيل,ديتروبان,أوكسيبيوتينين,مضاد للمسكارين (بولي),قرص,أزرق,دائري,المثانة المفرطة النشاط؛ سلس بولي إلحاحي؛ المثانة العصبية,Prescription,Dry mouth; Constipation; Blurred vision; Tachycardia; Urinary retention; Drowsiness,جفاف الفم؛ إمساك؛ عدم وضوح الرؤية؛ تسرع القلب؛ احتباس بولي؛ نعاس,Urinary/gastric retention; Angle-closure glaucoma; Ulcerative colitis; Myasthenia gravis,احتباس بولي/معدي؛ جلوكوما انغلاق الزاوية؛ التهاب القولون التقرحي؛ الوهن العضلي الوبيل
Dermovate,Clobetasol Propionate,Topical Corticosteroid (Very Potent),Cream,White,Cream tube,Severe inflammatory skin conditions; Psoriasis; Lichen planus; Discoid lupus,GSK,0.05%,dermovate generic clobetasol propionate form cream class topical corticosteroid (very potent) indication severe inflammatory skin conditions; psoriasis; lichen planus; discoid lupus color white shape cream tube clobetasol propionate 0.05% w/w skin atrophy; striae; telangiectasia; hpa axis suppression; acne; perioral dermatitis rosacea; acne; perioral dermatitis; skin infections; perianal/genital areas (caution) ديرموفيت كلوبيتازول بروبيونات كريم كورتيكوستيرويد موضعي (قوي جداً) حالات جلدية التهابية شديدة؛ الصدفية؛ الحزاز المسطح؛ الذئبة القرصية أبيض أنبوب كريم ضمور الجلد؛ شريات؛ توسع الشعريات؛ قمع محور HPA؛ حب الشباب؛ التهاب جلد حول الفم وردية الوجه؛ حب الشباب؛ التهاب جلد حول الفم؛ عدوى جلدية؛ المناطق المحيطة بالشرج/التناسلية (بحذر),dermovate generic clobetasol propionate form cream class topical corticosteroid (very potent) indication severe inflammatory skin conditions; psoriasis; lichen planus; discoid lupus color white shape cream tube clobetasol propionate 0.05% w/w skin atrophy; striae; telangiectasia; hpa axis suppression; acne; perioral dermatitis rosacea; acne; perioral dermatitis; skin infections; perianal/genital areas (caution) ديرموفيت كلوبيتازول بروبيونات كريم كورتيكوستيرويد موضعي (قوي جداً) حالات جلدية التهابية شديدة؛ الصدفية؛ الحزاز المسطح؛ الذئبة القرصية أبيض أنبوب كريم ضمور الجلد؛ شريات؛ توسع الشعريات؛ قمع محور HPA؛ حب الشباب؛ التهاب جلد حول الفم وردية الوجه؛ حب الشباب؛ التهاب جلد حول الفم؛ عدوى جلدية؛ المناطق المحيطة بالشرج/التناسلية (بحذر),ديرموفيت,كلوبيتازول بروبيونات,كورتيكوستيرويد موضعي (قوي جداً),كريم,أبيض,أنبوب كريم,حالات جلدية التهابية شديدة؛ الصدفية؛ الحزاز المسطح؛ الذئبة القرصية,Prescription,Skin atrophy; Striae; Telangiectasia; HPA axis suppression; Acne; Perioral dermatitis,ضمور الجلد؛ شريات؛ توسع الشعريات؛ قمع محور HPA؛ حب الشباب؛ التهاب جلد حول الفم,Rosacea; Acne; Perioral dermatitis; Skin infections; Perianal/genital areas (caution),وردية الوجه؛ حب الشباب؛ التهاب جلد حول الفم؛ عدوى جلدية؛ المناطق المحيطة بالشرج/التناسلية (بحذر)
Betnovate,Betamethasone Valerate,Topical Corticosteroid (Potent),Cream,White,Cream tube,Eczema; Dermatitis; Psoriasis; Inflammatory skin conditions,GSK,0.1%,betnovate generic betamethasone valerate form cream class topical corticosteroid (potent) indication eczema; dermatitis; psoriasis; inflammatory skin conditions color white shape cream tube betamethasone valerate 0.1% w/w skin atrophy; striae; local irritation; hpa axis suppression (extensive/prolonged use) viral; fungal; or bacterial skin infections; acne; rosacea; perioral dermatitis بيتنوفيت بيتاميثازون فاليرات كريم كورتيكوستيرويد موضعي (قوي) أكزيما؛ التهاب جلد؛ صدفية؛ حالات جلدية التهابية أبيض أنبوب كريم ضمور الجلد؛ شريات؛ تهيج موضعي؛ قمع محور HPA (استخدام واسع/مطول) عدوى جلدية فيروسية/فطرية/بكتيرية؛ حب الشباب؛ وردية الوجه؛ التهاب جلد حول الفم,betnovate generic betamethasone valerate form cream class topical corticosteroid (potent) indication eczema; dermatitis; psoriasis; inflammatory skin conditions color white shape cream tube betamethasone valerate 0.1% w/w skin atrophy; striae; local irritation; hpa axis suppression (extensive/prolonged use) viral; fungal; or bacterial skin infections; acne; rosacea; perioral dermatitis بيتنوفيت بيتاميثازون فاليرات كريم كورتيكوستيرويد موضعي (قوي) أكزيما؛ التهاب جلد؛ صدفية؛ حالات جلدية التهابية أبيض أنبوب كريم ضمور الجلد؛ شريات؛ تهيج موضعي؛ قمع محور HPA (استخدام واسع/مطول) عدوى جلدية فيروسية/فطرية/بكتيرية؛ حب الشباب؛ وردية الوجه؛ التهاب جلد حول الفم,بيتنوفيت,بيتاميثازون فاليرات,كورتيكوستيرويد موضعي (قوي),كريم,أبيض,أنبوب كريم,أكزيما؛ التهاب جلد؛ صدفية؛ حالات جلدية التهابية,Prescription,Skin atrophy; Striae; Local irritation; HPA axis suppression (extensive/prolonged use),ضمور الجلد؛ شريات؛ تهيج موضعي؛ قمع محور HPA (استخدام واسع/مطول),Viral; fungal; or bacterial skin infections; Acne; Rosacea; Perioral dermatitis,عدوى جلدية فيروسية/فطرية/بكتيرية؛ حب الشباب؛ وردية الوجه؛ التهاب جلد حول الفم
Canesten,Clotrimazole,Topical Antifungal (Azole),Cream,White,Cream tube,Fungal skin infections (tinea pedis; tinea corporis; tinea cruris); Candidiasis,Bayer,1%,canesten generic clotrimazole form cream class topical antifungal (azole) indication fungal skin infections (tinea pedis; tinea corporis; tinea cruris); candidiasis color white shape cream tube clotrimazole 1% w/w local irritation; burning; skin rash; pruritus (uncommon) hypersensitivity to clotrimazole كانيستن كلوتريمازول كريم مضاد فطري موضعي (أزول) عدوى جلدية فطرية (قدم الرياضي؛ سعفة الجسم؛ سعفة الفخذ)؛ داء المبيضات أبيض أنبوب كريم تهيج موضعي؛ حرقان؛ طفح جلدي؛ حكة (غير شائع) فرط الحساسية للكلوتريمازول,canesten generic clotrimazole form cream class topical antifungal (azole) indication fungal skin infections (tinea pedis; tinea corporis; tinea cruris); candidiasis color white shape cream tube clotrimazole 1% w/w local irritation; burning; skin rash; pruritus (uncommon) hypersensitivity to clotrimazole كانيستن كلوتريمازول كريم مضاد فطري موضعي (أزول) عدوى جلدية فطرية (قدم الرياضي؛ سعفة الجسم؛ سعفة الفخذ)؛ داء المبيضات أبيض أنبوب كريم تهيج موضعي؛ حرقان؛ طفح جلدي؛ حكة (غير شائع) فرط الحساسية للكلوتريمازول,كانيستن,كلوتريمازول,مضاد فطري موضعي (أزول),كريم,أبيض,أنبوب كريم,عدوى جلدية فطرية (قدم الرياضي؛ سعفة الجسم؛ سعفة الفخذ)؛ داء المبيضات,OTC,Local irritation; Burning; Skin rash; Pruritus (uncommon),تهيج موضعي؛ حرقان؛ طفح جلدي؛ حكة (غير شائع),Hypersensitivity to clotrimazole,فرط الحساسية للكلوتريمازول
Nizoral,Ketoconazole,Topical Antifungal (Azole),Cream,White,Cream tube,Fungal skin infections; Seborrheic dermatitis; Dandruff (shampoo),Janssen,2%,nizoral generic ketoconazole form cream class topical antifungal (azole) indication fungal skin infections; seborrheic dermatitis; dandruff (shampoo) color white shape cream tube ketoconazole 2% w/w skin irritation; burning; pruritus; rare hypersensitivity hypersensitivity to ketoconazole نيزورال كيتوكونازول كريم مضاد فطري موضعي (أزول) عدوى جلدية فطرية؛ التهاب الجلد الدهني؛ قشرة الرأس (شامبو) أبيض أنبوب كريم تهيج جلدي؛ حرقان؛ حكة؛ فرط حساسية نادر فرط الحساسية للكيتوكونازول,nizoral generic ketoconazole form cream class topical antifungal (azole) indication fungal skin infections; seborrheic dermatitis; dandruff (shampoo) color white shape cream tube ketoconazole 2% w/w skin irritation; burning; pruritus; rare hypersensitivity hypersensitivity to ketoconazole نيزورال كيتوكونازول كريم مضاد فطري موضعي (أزول) عدوى جلدية فطرية؛ التهاب الجلد الدهني؛ قشرة الرأس (شامبو) أبيض أنبوب كريم تهيج جلدي؛ حرقان؛ حكة؛ فرط حساسية نادر فرط الحساسية للكيتوكونازول,نيزورال,كيتوكونازول,مضاد فطري موضعي (أزول),كريم,أبيض,أنبوب كريم,عدوى جلدية فطرية؛ التهاب الجلد الدهني؛ قشرة الرأس (شامبو),OTC / Prescription,Skin irritation; Burning; Pruritus; Rare hypersensitivity,تهيج جلدي؛ حرقان؛ حكة؛ فرط حساسية نادر,Hypersensitivity to ketoconazole,فرط الحساسية للكيتوكونازول
Bactroban,Mupirocin,Topical Antibiotic (Pseudomonic Acid),Ointment,White,Ointment tube,Bacterial skin infections (impetigo; folliculitis); MRSA nasal decolonization,GSK,2%,bactroban generic mupirocin form ointment class topical antibiotic (pseudomonic acid) indication bacterial skin infections (impetigo; folliculitis); mrsa nasal decolonization color white shape ointment tube mupirocin 2% w/w local burning; stinging; pruritus; erythema; dry skin hypersensitivity to mupirocin; avoid eyes باكتروبان موبيروسين مرهم مضاد حيوي موضعي (حمض السودوموني) عدوى جلدية بكتيرية (قوباء؛ التهاب بصيلات شعر)؛ إزالة استعمار MRSA الأنفي أبيض أنبوب مرهم حرقان موضعي؛ لسعة؛ حكة؛ احمرار؛ جفاف الجلد فرط الحساسية للموبيروسين؛ تجنب العيون,bactroban generic mupirocin form ointment class topical antibiotic (pseudomonic acid) indication bacterial skin infections (impetigo; folliculitis); mrsa nasal decolonization color white shape ointment tube mupirocin 2% w/w local burning; stinging; pruritus; erythema; dry skin hypersensitivity to mupirocin; avoid eyes باكتروبان موبيروسين مرهم مضاد حيوي موضعي (حمض السودوموني) عدوى جلدية بكتيرية (قوباء؛ التهاب بصيلات شعر)؛ إزالة استعمار MRSA الأنفي أبيض أنبوب مرهم حرقان موضعي؛ لسعة؛ حكة؛ احمرار؛ جفاف الجلد فرط الحساسية للموبيروسين؛ تجنب العيون,باكتروبان,موبيروسين,مضاد حيوي موضعي (حمض السودوموني),مرهم,أبيض,أنبوب مرهم,عدوى جلدية بكتيرية (قوباء؛ التهاب بصيلات شعر)؛ إزالة استعمار MRSA الأنفي,Prescription,Local burning; Stinging; Pruritus; Erythema; Dry skin,حرقان موضعي؛ لسعة؛ حكة؛ احمرار؛ جفاف الجلد,Hypersensitivity to mupirocin; Avoid eyes,فرط الحساسية للموبيروسين؛ تجنب العيون
Retin-A,Tretinoin,Topical Retinoid,Cream,Cream-white,Cream tube,Acne vulgaris; Photoaged skin; Keratosis pilaris,Janssen,0.025%,retin-a generic tretinoin form cream class topical retinoid indication acne vulgaris; photoaged skin; keratosis pilaris color cream-white shape cream tube tretinoin 0.025% w/w skin dryness; erythema; peeling; photosensitivity; burning sensation pregnancy; eczema; rosacea; sunburned skin; hypersensitivity ريتين-أ تريتينوين كريم ريتينويد موضعي حب الشباب الشائع؛ شيخوخة الجلد الضوئية؛ التقران الشعيري أبيض كريمي أنبوب كريم جفاف الجلد؛ احمرار؛ تقشر؛ حساسية للضوء؛ إحساس بالحرق الحمل؛ أكزيما؛ وردية الوجه؛ حرق شمس؛ فرط الحساسية,retin-a generic tretinoin form cream class topical retinoid indication acne vulgaris; photoaged skin; keratosis pilaris color cream-white shape cream tube tretinoin 0.025% w/w skin dryness; erythema; peeling; photosensitivity; burning sensation pregnancy; eczema; rosacea; sunburned skin; hypersensitivity ريتين-أ تريتينوين كريم ريتينويد موضعي حب الشباب الشائع؛ شيخوخة الجلد الضوئية؛ التقران الشعيري أبيض كريمي أنبوب كريم جفاف الجلد؛ احمرار؛ تقشر؛ حساسية للضوء؛ إحساس بالحرق الحمل؛ أكزيما؛ وردية الوجه؛ حرق شمس؛ فرط الحساسية,ريتين-أ,تريتينوين,ريتينويد موضعي,كريم,أبيض كريمي,أنبوب كريم,حب الشباب الشائع؛ شيخوخة الجلد الضوئية؛ التقران الشعيري,Prescription,Skin dryness; Erythema; Peeling; Photosensitivity; Burning sensation,جفاف الجلد؛ احمرار؛ تقشر؛ حساسية للضوء؛ إحساس بالحرق,Pregnancy; Eczema; Rosacea; Sunburned skin; Hypersensitivity,الحمل؛ أكزيما؛ وردية الوجه؛ حرق شمس؛ فرط الحساسية
Rogaine,Minoxidil,Topical Vasodilator (Hair Loss),Topical Solution,Clear solution,Bottle,Androgenetic alopecia (male-pattern and female-pattern hair loss),Johnson & Johnson,5%,rogaine generic minoxidil form topical solution class topical vasodilator (hair loss) indication androgenetic alopecia (male-pattern and female-pattern hair loss) color clear solution shape bottle minoxidil 5% w/v scalp irritation; hypertrichosis; contact dermatitis; tachycardia (rare - systemic absorption) hypersensitivity to minoxidil or propylene glycol; avoid mucous membranes روغين مينوكسيديل محلول موضعي موسع أوعية موضعي (لتساقط الشعر) الثعلبة الأندروجينية (تساقط الشعر الذكوري والأنثوي) محلول شفاف زجاجة تهيج فروة الرأس؛ فرط الشعر؛ التهاب جلد تماسي؛ تسرع القلب (نادر - امتصاص جهازي) فرط الحساسية لمينوكسيديل أو بروبيلين غليكول؛ تجنب الأغشية المخاطية,rogaine generic minoxidil form topical solution class topical vasodilator (hair loss) indication androgenetic alopecia (male-pattern and female-pattern hair loss) color clear solution shape bottle minoxidil 5% w/v scalp irritation; hypertrichosis; contact dermatitis; tachycardia (rare - systemic absorption) hypersensitivity to minoxidil or propylene glycol; avoid mucous membranes روغين مينوكسيديل محلول موضعي موسع أوعية موضعي (لتساقط الشعر) الثعلبة الأندروجينية (تساقط الشعر الذكوري والأنثوي) محلول شفاف زجاجة تهيج فروة الرأس؛ فرط الشعر؛ التهاب جلد تماسي؛ تسرع القلب (نادر - امتصاص جهازي) فرط الحساسية لمينوكسيديل أو بروبيلين غليكول؛ تجنب الأغشية المخاطية,روغين,مينوكسيديل,موسع أوعية موضعي (لتساقط الشعر),محلول موضعي,محلول شفاف,زجاجة,الثعلبة الأندروجينية (تساقط الشعر الذكوري والأنثوي),OTC,Scalp irritation; Hypertrichosis; Contact dermatitis; Tachycardia (rare - systemic absorption),تهيج فروة الرأس؛ فرط الشعر؛ التهاب جلد تماسي؛ تسرع القلب (نادر - امتصاص جهازي),Hypersensitivity to minoxidil or propylene glycol; Avoid mucous membranes,فرط الحساسية لمينوكسيديل أو بروبيلين غليكول؛ تجنب الأغشية المخاطية
Fucidin,Fusidic Acid,Topical Antibiotic (Fusidane),Cream,White,Cream tube,Bacterial skin infections (impetigo; infected eczema; folliculitis),Leo Pharma,2%,fucidin generic fusidic acid form cream class topical antibiotic (fusidane) indication bacterial skin infections (impetigo; infected eczema; folliculitis) color white shape cream tube fusidic acid 2% w/w local irritation; hypersensitivity reactions; rarely systemic absorption effects hypersensitivity to fusidic acid فيوسيدين حمض الفيوسيديك كريم مضاد حيوي موضعي (فيوسيدان) عدوى جلدية بكتيرية (قوباء؛ أكزيما مصابة؛ التهاب بصيلات شعر) أبيض أنبوب كريم تهيج موضعي؛ تفاعلات فرط حساسية؛ نادراً آثار الامتصاص الجهازي فرط الحساسية لحمض الفيوسيديك,fucidin generic fusidic acid form cream class topical antibiotic (fusidane) indication bacterial skin infections (impetigo; infected eczema; folliculitis) color white shape cream tube fusidic acid 2% w/w local irritation; hypersensitivity reactions; rarely systemic absorption effects hypersensitivity to fusidic acid فيوسيدين حمض الفيوسيديك كريم مضاد حيوي موضعي (فيوسيدان) عدوى جلدية بكتيرية (قوباء؛ أكزيما مصابة؛ التهاب بصيلات شعر) أبيض أنبوب كريم تهيج موضعي؛ تفاعلات فرط حساسية؛ نادراً آثار الامتصاص الجهازي فرط الحساسية لحمض الفيوسيديك,فيوسيدين,حمض الفيوسيديك,مضاد حيوي موضعي (فيوسيدان),كريم,أبيض,أنبوب كريم,عدوى جلدية بكتيرية (قوباء؛ أكزيما مصابة؛ التهاب بصيلات شعر),Prescription,Local irritation; Hypersensitivity reactions; Rarely systemic absorption effects,تهيج موضعي؛ تفاعلات فرط حساسية؛ نادراً آثار الامتصاص الجهازي,Hypersensitivity to fusidic acid,فرط الحساسية لحمض الفيوسيديك
Elimite,Permethrin,Antiparasitic (Pyrethroid),Cream,White,Cream tube,Scabies; Pediculosis,Various,5%,elimite generic permethrin form cream class antiparasitic (pyrethroid) indication scabies; pediculosis color white shape cream tube permethrin 5% w/w burning; stinging; itching; erythema; rash at application site hypersensitivity to permethrin; chrysanthemums; or pyrethrins إليمايت بيرميثرين كريم مضاد للطفيليات (بيرثرويد) الجرب؛ قمل الجسم أبيض أنبوب كريم حرقان؛ لسعة؛ حكة؛ احمرار؛ طفح جلدي في موضع التطبيق فرط الحساسية لبيرميثرين أو الأقحوان أو البيرثرينات,elimite generic permethrin form cream class antiparasitic (pyrethroid) indication scabies; pediculosis color white shape cream tube permethrin 5% w/w burning; stinging; itching; erythema; rash at application site hypersensitivity to permethrin; chrysanthemums; or pyrethrins إليمايت بيرميثرين كريم مضاد للطفيليات (بيرثرويد) الجرب؛ قمل الجسم أبيض أنبوب كريم حرقان؛ لسعة؛ حكة؛ احمرار؛ طفح جلدي في موضع التطبيق فرط الحساسية لبيرميثرين أو الأقحوان أو البيرثرينات,إليمايت,بيرميثرين,مضاد للطفيليات (بيرثرويد),كريم,أبيض,أنبوب كريم,الجرب؛ قمل الجسم,Prescription,Burning; Stinging; Itching; Erythema; Rash at application site,حرقان؛ لسعة؛ حكة؛ احمرار؛ طفح جلدي في موضع التطبيق,Hypersensitivity to permethrin; chrysanthemums; or pyrethrins,فرط الحساسية لبيرميثرين أو الأقحوان أو البيرثرينات
Hydrocortisone 1%,Hydrocortisone,Topical Corticosteroid (Mild),Cream,White,Cream tube,Mild inflammatory skin conditions; Insect bites; Contact dermatitis; Eczema,Various,1%,hydrocortisone 1% generic hydrocortisone form cream class topical corticosteroid (mild) indication mild inflammatory skin conditions; insect bites; contact dermatitis; eczema color white shape cream tube hydrocortisone 1% w/w skin thinning (with prolonged use); local irritation; acne skin infections (bacterial; viral; fungal); rosacea; acne (do not apply) هيدروكورتيزون 1% هيدروكورتيزون كريم كورتيكوستيرويد موضعي (خفيف) حالات جلدية التهابية خفيفة؛ لدغات الحشرات؛ التهاب جلد تماسي؛ أكزيما أبيض أنبوب كريم ترقق الجلد (مع الاستخدام المطول)؛ تهيج موضعي؛ حب الشباب عدوى جلدية (بكتيرية؛ فيروسية؛ فطرية)؛ وردية الوجه؛ حب الشباب (لا تطبق),hydrocortisone 1% generic hydrocortisone form cream class topical corticosteroid (mild) indication mild inflammatory skin conditions; insect bites; contact dermatitis; eczema color white shape cream tube hydrocortisone 1% w/w skin thinning (with prolonged use); local irritation; acne skin infections (bacterial; viral; fungal); rosacea; acne (do not apply) هيدروكورتيزون 1% هيدروكورتيزون كريم كورتيكوستيرويد موضعي (خفيف) حالات جلدية التهابية خفيفة؛ لدغات الحشرات؛ التهاب جلد تماسي؛ أكزيما أبيض أنبوب كريم ترقق الجلد (مع الاستخدام المطول)؛ تهيج موضعي؛ حب الشباب عدوى جلدية (بكتيرية؛ فيروسية؛ فطرية)؛ وردية الوجه؛ حب الشباب (لا تطبق),هيدروكورتيزون 1%,هيدروكورتيزون,كورتيكوستيرويد موضعي (خفيف),كريم,أبيض,أنبوب كريم,حالات جلدية التهابية خفيفة؛ لدغات الحشرات؛ التهاب جلد تماسي؛ أكزيما,OTC,Skin thinning (with prolonged use); Local irritation; Acne,ترقق الجلد (مع الاستخدام المطول)؛ تهيج موضعي؛ حب الشباب,Skin infections (bacterial; viral; fungal); Rosacea; Acne (do not apply),عدوى جلدية (بكتيرية؛ فيروسية؛ فطرية)؛ وردية الوجه؛ حب الشباب (لا تطبق)
Timoptol,Timolol,Beta-Blocker Eye Drops,Eye Drops,Clear,Eye drop bottle,Glaucoma (open-angle); Ocular hypertension,MSD,0.5%,timoptol generic timolol form eye drops class beta-blocker eye drops indication glaucoma (open-angle); ocular hypertension color clear shape eye drop bottle timolol maleate 0.5% ocular stinging; blurred vision; bradycardia; bronchospasm (systemic absorption); fatigue asthma; copd; sinus bradycardia; av block; cardiogenic shock تيموبتول تيمولول قطرة عينية حاصر بيتا للعين الجلوكوما (مفتوحة الزاوية)؛ ارتفاع ضغط العين شفاف زجاجة قطرة عينية وخز العين؛ عدم وضوح الرؤية؛ بطء القلب؛ تشنج قصبي (امتصاص جهازي)؛ إرهاق الربو؛ مرض الانسداد الرئوي المزمن؛ بطء الجيب الأنفي؛ إحصار أذيني بطيني؛ صدمة قلبية,timoptol generic timolol form eye drops class beta-blocker eye drops indication glaucoma (open-angle); ocular hypertension color clear shape eye drop bottle timolol maleate 0.5% ocular stinging; blurred vision; bradycardia; bronchospasm (systemic absorption); fatigue asthma; copd; sinus bradycardia; av block; cardiogenic shock تيموبتول تيمولول قطرة عينية حاصر بيتا للعين الجلوكوما (مفتوحة الزاوية)؛ ارتفاع ضغط العين شفاف زجاجة قطرة عينية وخز العين؛ عدم وضوح الرؤية؛ بطء القلب؛ تشنج قصبي (امتصاص جهازي)؛ إرهاق الربو؛ مرض الانسداد الرئوي المزمن؛ بطء الجيب الأنفي؛ إحصار أذيني بطيني؛ صدمة قلبية,تيموبتول,تيمولول,حاصر بيتا للعين,قطرة عينية,شفاف,زجاجة قطرة عينية,الجلوكوما (مفتوحة الزاوية)؛ ارتفاع ضغط العين,Prescription,Ocular stinging; Blurred vision; Bradycardia; Bronchospasm (systemic absorption); Fatigue,وخز العين؛ عدم وضوح الرؤية؛ بطء القلب؛ تشنج قصبي (امتصاص جهازي)؛ إرهاق,Asthma; COPD; Sinus bradycardia; AV block; Cardiogenic shock,الربو؛ مرض الانسداد الرئوي المزمن؛ بطء الجيب الأنفي؛ إحصار أذيني بطيني؛ صدمة قلبية
Xalatan,Latanoprost,Prostaglandin Analogue Eye Drops,Eye Drops,Clear,Eye drop bottle,Glaucoma (open-angle); Ocular hypertension,Pfizer,0.005%,xalatan generic latanoprost form eye drops class prostaglandin analogue eye drops indication glaucoma (open-angle); ocular hypertension color clear shape eye drop bottle latanoprost 0.005% iris pigmentation change; eyelash growth; ocular irritation; conjunctival hyperemia hypersensitivity to latanoprost; aphakia (avoid) زالاتان لاتانوبروست قطرة عينية قطرة عينية من نظائر البروستاغلاندين الجلوكوما (مفتوحة الزاوية)؛ ارتفاع ضغط العين شفاف زجاجة قطرة عينية تغيير تصبغ القزحية؛ نمو الرموش؛ تهيج العين؛ احتقان الملتحمة فرط الحساسية للاتانوبروست؛ الحبسة العدسية (تجنب),xalatan generic latanoprost form eye drops class prostaglandin analogue eye drops indication glaucoma (open-angle); ocular hypertension color clear shape eye drop bottle latanoprost 0.005% iris pigmentation change; eyelash growth; ocular irritation; conjunctival hyperemia hypersensitivity to latanoprost; aphakia (avoid) زالاتان لاتانوبروست قطرة عينية قطرة عينية من نظائر البروستاغلاندين الجلوكوما (مفتوحة الزاوية)؛ ارتفاع ضغط العين شفاف زجاجة قطرة عينية تغيير تصبغ القزحية؛ نمو الرموش؛ تهيج العين؛ احتقان الملتحمة فرط الحساسية للاتانوبروست؛ الحبسة العدسية (تجنب),زالاتان,لاتانوبروست,قطرة عينية من نظائر البروستاغلاندين,قطرة عينية,شفاف,زجاجة قطرة عينية,الجلوكوما (مفتوحة الزاوية)؛ ارتفاع ضغط العين,Prescription,Iris pigmentation change; Eyelash growth; Ocular irritation; Conjunctival hyperemia,تغيير تصبغ القزحية؛ نمو الرموش؛ تهيج العين؛ احتقان الملتحمة,Hypersensitivity to latanoprost; Aphakia (avoid),فرط الحساسية للاتانوبروست؛ الحبسة العدسية (تجنب)
Refresh Tears,Carboxymethylcellulose,Artificial Tear / Ocular Lubricant,Eye Drops,Clear,Eye drop bottle,Dry eye syndrome; Ocular lubricant,Allergan,0.5%,refresh tears generic carboxymethylcellulose form eye drops class artificial tear / ocular lubricant indication dry eye syndrome; ocular lubricant color clear shape eye drop bottle carboxymethylcellulose sodium 0.5% transient blurred vision; mild eye irritation (uncommon) hypersensitivity to ingredients ريفريش تيرز كربوكسيميثيل سيلولوز قطرة عينية دموع اصطناعية / مشحم العين متلازمة العين الجافة؛ مشحم العين شفاف زجاجة قطرة عينية عدم وضوح الرؤية العابر؛ تهيج خفيف للعين (غير شائع) فرط الحساسية للمكونات,refresh tears generic carboxymethylcellulose form eye drops class artificial tear / ocular lubricant indication dry eye syndrome; ocular lubricant color clear shape eye drop bottle carboxymethylcellulose sodium 0.5% transient blurred vision; mild eye irritation (uncommon) hypersensitivity to ingredients ريفريش تيرز كربوكسيميثيل سيلولوز قطرة عينية دموع اصطناعية / مشحم العين متلازمة العين الجافة؛ مشحم العين شفاف زجاجة قطرة عينية عدم وضوح الرؤية العابر؛ تهيج خفيف للعين (غير شائع) فرط الحساسية للمكونات,ريفريش تيرز,كربوكسيميثيل سيلولوز,دموع اصطناعية / مشحم العين,قطرة عينية,شفاف,زجاجة قطرة عينية,متلازمة العين الجافة؛ مشحم العين,OTC,Transient blurred vision; Mild eye irritation (uncommon),عدم وضوح الرؤية العابر؛ تهيج خفيف للعين (غير شائع),Hypersensitivity to ingredients,فرط الحساسية للمكونات
Ciloxan,Ciprofloxacin,Topical Fluoroquinolone,Eye Drops,Clear,Eye drop bottle,Bacterial conjunctivitis; Bacterial keratitis; Corneal ulcer,Alcon,0.3%,ciloxan generic ciprofloxacin form eye drops class topical fluoroquinolone indication bacterial conjunctivitis; bacterial keratitis; corneal ulcer color clear shape eye drop bottle ciprofloxacin hcl 0.3% ocular discomfort; white crystalline precipitate; corneal staining; eyelid pruritus hypersensitivity to ciprofloxacin or quinolones سيلوكسان سيبروفلوكساسين قطرة عينية فلوروكينولون موضعي للعين التهاب الملتحمة الجرثومي؛ التهاب قرنية جرثومي؛ قرحة القرنية شفاف زجاجة قطرة عينية انزعاج عيني؛ ترسب بلوري أبيض؛ تلطيخ القرنية؛ حكة الجفن فرط الحساسية للسيبروفلوكساسين أو الكينولونات,ciloxan generic ciprofloxacin form eye drops class topical fluoroquinolone indication bacterial conjunctivitis; bacterial keratitis; corneal ulcer color clear shape eye drop bottle ciprofloxacin hcl 0.3% ocular discomfort; white crystalline precipitate; corneal staining; eyelid pruritus hypersensitivity to ciprofloxacin or quinolones سيلوكسان سيبروفلوكساسين قطرة عينية فلوروكينولون موضعي للعين التهاب الملتحمة الجرثومي؛ التهاب قرنية جرثومي؛ قرحة القرنية شفاف زجاجة قطرة عينية انزعاج عيني؛ ترسب بلوري أبيض؛ تلطيخ القرنية؛ حكة الجفن فرط الحساسية للسيبروفلوكساسين أو الكينولونات,سيلوكسان,سيبروفلوكساسين,فلوروكينولون موضعي للعين,قطرة عينية,شفاف,زجاجة قطرة عينية,التهاب الملتحمة الجرثومي؛ التهاب قرنية جرثومي؛ قرحة القرنية,Prescription,Ocular discomfort; White crystalline precipitate; Corneal staining; Eyelid pruritus,انزعاج عيني؛ ترسب بلوري أبيض؛ تلطيخ القرنية؛ حكة الجفن,Hypersensitivity to ciprofloxacin or quinolones,فرط الحساسية للسيبروفلوكساسين أو الكينولونات
Tobrex,Tobramycin,Topical Aminoglycoside Antibiotic,Eye Drops,Clear,Eye drop bottle,Bacterial eye infections; Conjunctivitis; Keratitis,Alcon,0.3%,tobrex generic tobramycin form eye drops class topical aminoglycoside antibiotic indication bacterial eye infections; conjunctivitis; keratitis color clear shape eye drop bottle tobramycin 0.3% ocular irritation; lid itching; conjunctival erythema; lacrimation hypersensitivity to tobramycin or aminoglycosides توبريكس توبراميسين قطرة عينية مضاد حيوي أمينوغليكوسيد موضعي للعين عدوى العين البكتيرية؛ التهاب الملتحمة؛ التهاب القرنية شفاف زجاجة قطرة عينية تهيج العين؛ حكة الجفن؛ احمرار الملتحمة؛ تدمع فرط الحساسية للتوبراميسين أو الأمينوغليكوسيدات,tobrex generic tobramycin form eye drops class topical aminoglycoside antibiotic indication bacterial eye infections; conjunctivitis; keratitis color clear shape eye drop bottle tobramycin 0.3% ocular irritation; lid itching; conjunctival erythema; lacrimation hypersensitivity to tobramycin or aminoglycosides توبريكس توبراميسين قطرة عينية مضاد حيوي أمينوغليكوسيد موضعي للعين عدوى العين البكتيرية؛ التهاب الملتحمة؛ التهاب القرنية شفاف زجاجة قطرة عينية تهيج العين؛ حكة الجفن؛ احمرار الملتحمة؛ تدمع فرط الحساسية للتوبراميسين أو الأمينوغليكوسيدات,توبريكس,توبراميسين,مضاد حيوي أمينوغليكوسيد موضعي للعين,قطرة عينية,شفاف,زجاجة قطرة عينية,عدوى العين البكتيرية؛ التهاب الملتحمة؛ التهاب القرنية,Prescription,Ocular irritation; Lid itching; Conjunctival erythema; Lacrimation,تهيج العين؛ حكة الجفن؛ احمرار الملتحمة؛ تدمع,Hypersensitivity to tobramycin or aminoglycosides,فرط الحساسية للتوبراميسين أو الأمينوغليكوسيدات
Maxidex,Dexamethasone,Topical Corticosteroid Eye Drops,Eye Drops,Clear,Eye drop bottle,Ocular inflammation (post-surgical; uveitis; allergic conjunctivitis),Alcon,0.1%,maxidex generic dexamethasone form eye drops class topical corticosteroid eye drops indication ocular inflammation (post-surgical; uveitis; allergic conjunctivitis) color clear shape eye drop bottle dexamethasone 0.1% raised intraocular pressure; cataract formation; delayed wound healing; secondary infection viral; fungal or mycobacterial eye infections; acute herpes simplex keratitis ماكسيديكس ديكساميثازون قطرة عينية قطرة عينية كورتيكوستيرويد موضعية التهاب العين (ما بعد الجراحة؛ التهاب العنبية؛ التهاب الملتحمة التحسسي) شفاف زجاجة قطرة عينية ارتفاع ضغط العين؛ تكون الساد؛ تأخر التئام الجروح؛ عدوى ثانوية عدوى فيروسية/فطرية/ميكوباكتيرية للعين؛ التهاب القرنية الهربسي الحاد,maxidex generic dexamethasone form eye drops class topical corticosteroid eye drops indication ocular inflammation (post-surgical; uveitis; allergic conjunctivitis) color clear shape eye drop bottle dexamethasone 0.1% raised intraocular pressure; cataract formation; delayed wound healing; secondary infection viral; fungal or mycobacterial eye infections; acute herpes simplex keratitis ماكسيديكس ديكساميثازون قطرة عينية قطرة عينية كورتيكوستيرويد موضعية التهاب العين (ما بعد الجراحة؛ التهاب العنبية؛ التهاب الملتحمة التحسسي) شفاف زجاجة قطرة عينية ارتفاع ضغط العين؛ تكون الساد؛ تأخر التئام الجروح؛ عدوى ثانوية عدوى فيروسية/فطرية/ميكوباكتيرية للعين؛ التهاب القرنية الهربسي الحاد,ماكسيديكس,ديكساميثازون,قطرة عينية كورتيكوستيرويد موضعية,قطرة عينية,شفاف,زجاجة قطرة عينية,التهاب العين (ما بعد الجراحة؛ التهاب العنبية؛ التهاب الملتحمة التحسسي),Prescription,Raised intraocular pressure; Cataract formation; Delayed wound healing; Secondary infection,ارتفاع ضغط العين؛ تكون الساد؛ تأخر التئام الجروح؛ عدوى ثانوية,Viral; fungal or mycobacterial eye infections; Acute herpes simplex keratitis,عدوى فيروسية/فطرية/ميكوباكتيرية للعين؛ التهاب القرنية الهربسي الحاد
Xarelto,Rivaroxaban,DOAC – Factor Xa Inhibitor,Tablet,Dark Red,Round,DVT/PE treatment and prevention; Stroke prevention in atrial fibrillation; ACS adjunct,Bayer / Janssen,20 mg,xarelto generic rivaroxaban form tablet class doac – factor xa inhibitor indication dvt/pe treatment and prevention; stroke prevention in atrial fibrillation; acs adjunct color dark red shape round rivaroxaban 20 mg bleeding; bruising; nausea; elevated liver enzymes; anemia active significant bleeding; severe hepatic impairment; pregnancy; antiphospholipid syndrome زاريلتو ريفاروكسابان قرص مضاد تخثر مباشر – مثبط العامل Xa علاج ووقاية DVT/PE؛ الوقاية من السكتة في الرجفان الأذيني؛ متلازمة الشريان التاجي الحادة أحمر غامق دائري نزيف؛ كدمات؛ غثيان؛ ارتفاع إنزيمات الكبد؛ فقر الدم نزيف نشط معتد به؛ قصور كبدي شديد؛ الحمل؛ متلازمة أضداد الفوسفوليبيد,xarelto generic rivaroxaban form tablet class doac – factor xa inhibitor indication dvt/pe treatment and prevention; stroke prevention in atrial fibrillation; acs adjunct color dark red shape round rivaroxaban 20 mg bleeding; bruising; nausea; elevated liver enzymes; anemia active significant bleeding; severe hepatic impairment; pregnancy; antiphospholipid syndrome زاريلتو ريفاروكسابان قرص مضاد تخثر مباشر – مثبط العامل Xa علاج ووقاية DVT/PE؛ الوقاية من السكتة في الرجفان الأذيني؛ متلازمة الشريان التاجي الحادة أحمر غامق دائري نزيف؛ كدمات؛ غثيان؛ ارتفاع إنزيمات الكبد؛ فقر الدم نزيف نشط معتد به؛ قصور كبدي شديد؛ الحمل؛ متلازمة أضداد الفوسفوليبيد,زاريلتو,ريفاروكسابان,مضاد تخثر مباشر – مثبط العامل Xa,قرص,أحمر غامق,دائري,علاج ووقاية DVT/PE؛ الوقاية من السكتة في الرجفان الأذيني؛ متلازمة الشريان التاجي الحادة,Prescription,Bleeding; Bruising; Nausea; Elevated liver enzymes; Anemia,نزيف؛ كدمات؛ غثيان؛ ارتفاع إنزيمات الكبد؛ فقر الدم,Active significant bleeding; Severe hepatic impairment; Pregnancy; Antiphospholipid syndrome,نزيف نشط معتد به؛ قصور كبدي شديد؛ الحمل؛ متلازمة أضداد الفوسفوليبيد
Eliquis,Apixaban,DOAC – Factor Xa Inhibitor,Tablet,Pink,Oval,DVT/PE treatment and prevention; Stroke prevention in atrial fibrillation,Bristol-Myers Squibb / Pfizer,5 mg,eliquis generic apixaban form tablet class doac – factor xa inhibitor indication dvt/pe treatment and prevention; stroke prevention in atrial fibrillation color pink shape oval apixaban 5 mg bleeding; bruising; nausea; anemia active significant bleeding; severe hepatic impairment; pregnancy; prosthetic heart valves إليكويس أبيكسابان قرص مضاد تخثر مباشر – مثبط العامل Xa علاج ووقاية DVT/PE؛ الوقاية من السكتة في الرجفان الأذيني وردي بيضاوي نزيف؛ كدمات؛ غثيان؛ فقر الدم نزيف نشط معتد به؛ قصور كبدي شديد؛ الحمل؛ صمامات القلب الاصطناعية,eliquis generic apixaban form tablet class doac – factor xa inhibitor indication dvt/pe treatment and prevention; stroke prevention in atrial fibrillation color pink shape oval apixaban 5 mg bleeding; bruising; nausea; anemia active significant bleeding; severe hepatic impairment; pregnancy; prosthetic heart valves إليكويس أبيكسابان قرص مضاد تخثر مباشر – مثبط العامل Xa علاج ووقاية DVT/PE؛ الوقاية من السكتة في الرجفان الأذيني وردي بيضاوي نزيف؛ كدمات؛ غثيان؛ فقر الدم نزيف نشط معتد به؛ قصور كبدي شديد؛ الحمل؛ صمامات القلب الاصطناعية,إليكويس,أبيكسابان,مضاد تخثر مباشر – مثبط العامل Xa,قرص,وردي,بيضاوي,علاج ووقاية DVT/PE؛ الوقاية من السكتة في الرجفان الأذيني,Prescription,Bleeding; Bruising; Nausea; Anemia,نزيف؛ كدمات؛ غثيان؛ فقر الدم,Active significant bleeding; Severe hepatic impairment; Pregnancy; Prosthetic heart valves,نزيف نشط معتد به؛ قصور كبدي شديد؛ الحمل؛ صمامات القلب الاصطناعية
Pradaxa,Dabigatran Etexilate,DOAC – Direct Thrombin Inhibitor,Capsule,Blue/White,Capsule,Stroke prevention in atrial fibrillation; DVT/PE treatment and prevention,Boehringer Ingelheim,150 mg,pradaxa generic dabigatran etexilate form capsule class doac – direct thrombin inhibitor indication stroke prevention in atrial fibrillation; dvt/pe treatment and prevention color blue/white shape capsule dabigatran etexilate 150 mg bleeding; gi bleeding; dyspepsia; nausea; bruising active significant bleeding; severe renal impairment (crcl <30); prosthetic heart valves; pregnancy برادكسا داباغاتران إيتيكسيلات كبسولة مضاد تخثر مباشر – مثبط الثرومبين المباشر الوقاية من السكتة في الرجفان الأذيني؛ علاج ووقاية DVT/PE أزرق/أبيض كبسولة نزيف؛ نزيف معدي معوي؛ عسر الهضم؛ غثيان؛ كدمات نزيف نشط معتد به؛ قصور كلوي شديد؛ صمامات القلب الاصطناعية؛ الحمل,pradaxa generic dabigatran etexilate form capsule class doac – direct thrombin inhibitor indication stroke prevention in atrial fibrillation; dvt/pe treatment and prevention color blue/white shape capsule dabigatran etexilate 150 mg bleeding; gi bleeding; dyspepsia; nausea; bruising active significant bleeding; severe renal impairment (crcl <30); prosthetic heart valves; pregnancy برادكسا داباغاتران إيتيكسيلات كبسولة مضاد تخثر مباشر – مثبط الثرومبين المباشر الوقاية من السكتة في الرجفان الأذيني؛ علاج ووقاية DVT/PE أزرق/أبيض كبسولة نزيف؛ نزيف معدي معوي؛ عسر الهضم؛ غثيان؛ كدمات نزيف نشط معتد به؛ قصور كلوي شديد؛ صمامات القلب الاصطناعية؛ الحمل,برادكسا,داباغاتران إيتيكسيلات,مضاد تخثر مباشر – مثبط الثرومبين المباشر,كبسولة,أزرق/أبيض,كبسولة,الوقاية من السكتة في الرجفان الأذيني؛ علاج ووقاية DVT/PE,Prescription,Bleeding; GI bleeding; Dyspepsia; Nausea; Bruising,نزيف؛ نزيف معدي معوي؛ عسر الهضم؛ غثيان؛ كدمات,Active significant bleeding; Severe renal impairment (CrCl <30); Prosthetic heart valves; Pregnancy,نزيف نشط معتد به؛ قصور كلوي شديد؛ صمامات القلب الاصطناعية؛ الحمل
Clexane,Enoxaparin,LMWH (Low Molecular Weight Heparin),Pre-filled Injection,Clear,Pre-filled syringe,DVT prophylaxis (surgery; immobility); Acute coronary syndromes; Treatment of DVT/PE,Sanofi,40 mg (4000 IU),clexane generic enoxaparin form pre-filled injection class lmwh (low molecular weight heparin) indication dvt prophylaxis (surgery; immobility); acute coronary syndromes; treatment of dvt/pe color clear shape pre-filled syringe enoxaparin sodium 40 mg / 0.4 ml bleeding; thrombocytopenia (hit); injection site hematoma; hyperkalemia active bleeding; hit history; severe renal impairment (with caution) كليكسان إينوكسابارين حقن معبأة مسبقاً هيبارين منخفض الوزن الجزيئي الوقاية من DVT (جراحة؛ خمول)؛ متلازمة الشريان التاجي الحادة؛ علاج DVT/PE شفاف محقنة معبأة مسبقاً نزيف؛ نقص الصفيحات (HIT)؛ ورم دموي في موضع الحقن؛ فرط بوتاسيوم الدم نزيف نشط؛ تاريخ HIT؛ قصور كلوي شديد (بحذر),clexane generic enoxaparin form pre-filled injection class lmwh (low molecular weight heparin) indication dvt prophylaxis (surgery; immobility); acute coronary syndromes; treatment of dvt/pe color clear shape pre-filled syringe enoxaparin sodium 40 mg / 0.4 ml bleeding; thrombocytopenia (hit); injection site hematoma; hyperkalemia active bleeding; hit history; severe renal impairment (with caution) كليكسان إينوكسابارين حقن معبأة مسبقاً هيبارين منخفض الوزن الجزيئي الوقاية من DVT (جراحة؛ خمول)؛ متلازمة الشريان التاجي الحادة؛ علاج DVT/PE شفاف محقنة معبأة مسبقاً نزيف؛ نقص الصفيحات (HIT)؛ ورم دموي في موضع الحقن؛ فرط بوتاسيوم الدم نزيف نشط؛ تاريخ HIT؛ قصور كلوي شديد (بحذر),كليكسان,إينوكسابارين,هيبارين منخفض الوزن الجزيئي,حقن معبأة مسبقاً,شفاف,محقنة معبأة مسبقاً,الوقاية من DVT (جراحة؛ خمول)؛ متلازمة الشريان التاجي الحادة؛ علاج DVT/PE,Prescription,Bleeding; Thrombocytopenia (HIT); Injection site hematoma; Hyperkalemia,نزيف؛ نقص الصفيحات (HIT)؛ ورم دموي في موضع الحقن؛ فرط بوتاسيوم الدم,Active bleeding; HIT history; Severe renal impairment (with caution),نزيف نشط؛ تاريخ HIT؛ قصور كلوي شديد (بحذر)
Heparin,Heparin Sodium,Unfractionated Heparin (UFH),Injection,Clear,Vial,DVT/PE treatment; ACS; Hemodialysis anticoagulation; Flush (IV catheter),Various,5000 IU/mL,heparin generic heparin sodium form injection class unfractionated heparin (ufh) indication dvt/pe treatment; acs; hemodialysis anticoagulation; flush (iv catheter) color clear shape vial heparin sodium 5000 iu/ml bleeding; hit (heparin-induced thrombocytopenia); osteoporosis (prolonged use); injection site hematoma active bleeding; hit history; severe thrombocytopenia; intracranial hemorrhage هيبارين هيبارين الصوديوم حقن هيبارين غير مجزأ علاج DVT/PE؛ متلازمة الشريان التاجي الحادة؛ مضاد تخثر الديلزة الدموية؛ غسيل قثطار وريدي شفاف قارورة نزيف؛ HIT (نقص صفيحات بسبب الهيبارين)؛ هشاشة العظام (استخدام مطول)؛ ورم دموي موضع الحقن نزيف نشط؛ تاريخ HIT؛ نقص الصفيحات الشديد؛ نزيف داخل الجمجمة,heparin generic heparin sodium form injection class unfractionated heparin (ufh) indication dvt/pe treatment; acs; hemodialysis anticoagulation; flush (iv catheter) color clear shape vial heparin sodium 5000 iu/ml bleeding; hit (heparin-induced thrombocytopenia); osteoporosis (prolonged use); injection site hematoma active bleeding; hit history; severe thrombocytopenia; intracranial hemorrhage هيبارين هيبارين الصوديوم حقن هيبارين غير مجزأ علاج DVT/PE؛ متلازمة الشريان التاجي الحادة؛ مضاد تخثر الديلزة الدموية؛ غسيل قثطار وريدي شفاف قارورة نزيف؛ HIT (نقص صفيحات بسبب الهيبارين)؛ هشاشة العظام (استخدام مطول)؛ ورم دموي موضع الحقن نزيف نشط؛ تاريخ HIT؛ نقص الصفيحات الشديد؛ نزيف داخل الجمجمة,هيبارين,هيبارين الصوديوم,هيبارين غير مجزأ,حقن,شفاف,قارورة,علاج DVT/PE؛ متلازمة الشريان التاجي الحادة؛ مضاد تخثر الديلزة الدموية؛ غسيل قثطار وريدي,Prescription,Bleeding; HIT (heparin-induced thrombocytopenia); Osteoporosis (prolonged use); Injection site hematoma,نزيف؛ HIT (نقص صفيحات بسبب الهيبارين)؛ هشاشة العظام (استخدام مطول)؛ ورم دموي موضع الحقن,Active bleeding; HIT history; Severe thrombocytopenia; Intracranial hemorrhage,نزيف نشط؛ تاريخ HIT؛ نقص الصفيحات الشديد؛ نزيف داخل الجمجمة
Zyloric,Allopurinol,Xanthine Oxidase Inhibitor,Tablet,White,Round,Gout; Hyperuricemia; Uric acid kidney stones; Tumor lysis syndrome prevention,GSK,100 mg,zyloric generic allopurinol form tablet class xanthine oxidase inhibitor indication gout; hyperuricemia; uric acid kidney stones; tumor lysis syndrome prevention color white shape round allopurinol 100 mg rash (including sjs - rare); gi upset; gout flare (initial); hepatotoxicity acute gout attack (do not start); severe hypersensitivity; hla-b*5801 carriers (asian - sjs risk) زيلوريك ألوبيورينول قرص مثبط زانثين أوكسيداز النقرس؛ فرط حمض اليوريك؛ حصى الكلى من حمض اليوريك؛ الوقاية من متلازمة انحلال الورم أبيض دائري طفح جلدي (بما فيه SJS - نادر)؛ اضطراب هضمي؛ نوبة نقرس (مبدئياً)؛ سمية كبدية نوبة نقرس حادة (لا تبدأ)؛ فرط حساسية شديد؛ حاملو HLA-B*5801 (آسيويون - خطر SJS),zyloric generic allopurinol form tablet class xanthine oxidase inhibitor indication gout; hyperuricemia; uric acid kidney stones; tumor lysis syndrome prevention color white shape round allopurinol 100 mg rash (including sjs - rare); gi upset; gout flare (initial); hepatotoxicity acute gout attack (do not start); severe hypersensitivity; hla-b*5801 carriers (asian - sjs risk) زيلوريك ألوبيورينول قرص مثبط زانثين أوكسيداز النقرس؛ فرط حمض اليوريك؛ حصى الكلى من حمض اليوريك؛ الوقاية من متلازمة انحلال الورم أبيض دائري طفح جلدي (بما فيه SJS - نادر)؛ اضطراب هضمي؛ نوبة نقرس (مبدئياً)؛ سمية كبدية نوبة نقرس حادة (لا تبدأ)؛ فرط حساسية شديد؛ حاملو HLA-B*5801 (آسيويون - خطر SJS),زيلوريك,ألوبيورينول,مثبط زانثين أوكسيداز,قرص,أبيض,دائري,النقرس؛ فرط حمض اليوريك؛ حصى الكلى من حمض اليوريك؛ الوقاية من متلازمة انحلال الورم,Prescription,Rash (including SJS - rare); GI upset; Gout flare (initial); Hepatotoxicity,طفح جلدي (بما فيه SJS - نادر)؛ اضطراب هضمي؛ نوبة نقرس (مبدئياً)؛ سمية كبدية,Acute gout attack (do not start); Severe hypersensitivity; HLA-B*5801 carriers (Asian - SJS risk),نوبة نقرس حادة (لا تبدأ)؛ فرط حساسية شديد؛ حاملو HLA-B*5801 (آسيويون - خطر SJS)
Zyloric,Allopurinol,Xanthine Oxidase Inhibitor,Tablet,White,Round,Gout; Hyperuricemia; Uric acid nephrolithiasis,GSK,300 mg,zyloric generic allopurinol form tablet class xanthine oxidase inhibitor indication gout; hyperuricemia; uric acid nephrolithiasis color white shape round allopurinol 300 mg rash; gi upset; gout flare (initial); sjs (rare); allopurinol hypersensitivity syndrome acute gout attack; severe hypersensitivity reaction to allopurinol زيلوريك ألوبيورينول قرص مثبط زانثين أوكسيداز النقرس؛ فرط حمض اليوريك؛ تحصي الكلى بحمض اليوريك أبيض دائري طفح جلدي؛ اضطراب هضمي؛ نوبة نقرس (مبدئياً)؛ SJS (نادر)؛ متلازمة فرط الحساسية لألوبيورينول نوبة نقرس حادة؛ تفاعل فرط حساسية شديد للألوبيورينول,zyloric generic allopurinol form tablet class xanthine oxidase inhibitor indication gout; hyperuricemia; uric acid nephrolithiasis color white shape round allopurinol 300 mg rash; gi upset; gout flare (initial); sjs (rare); allopurinol hypersensitivity syndrome acute gout attack; severe hypersensitivity reaction to allopurinol زيلوريك ألوبيورينول قرص مثبط زانثين أوكسيداز النقرس؛ فرط حمض اليوريك؛ تحصي الكلى بحمض اليوريك أبيض دائري طفح جلدي؛ اضطراب هضمي؛ نوبة نقرس (مبدئياً)؛ SJS (نادر)؛ متلازمة فرط الحساسية لألوبيورينول نوبة نقرس حادة؛ تفاعل فرط حساسية شديد للألوبيورينول,زيلوريك,ألوبيورينول,مثبط زانثين أوكسيداز,قرص,أبيض,دائري,النقرس؛ فرط حمض اليوريك؛ تحصي الكلى بحمض اليوريك,Prescription,Rash; GI upset; Gout flare (initial); SJS (rare); Allopurinol hypersensitivity syndrome,طفح جلدي؛ اضطراب هضمي؛ نوبة نقرس (مبدئياً)؛ SJS (نادر)؛ متلازمة فرط الحساسية لألوبيورينول,Acute gout attack; Severe hypersensitivity reaction to allopurinol,نوبة نقرس حادة؛ تفاعل فرط حساسية شديد للألوبيورينول
Colchicine,Colchicine,Antigout Agent,Tablet,Yellow,Round,Acute gout flare; Gout prophylaxis; Familial Mediterranean Fever; Pericarditis,Various,0.5 mg,colchicine generic colchicine form tablet class antigout agent indication acute gout flare; gout prophylaxis; familial mediterranean fever; pericarditis color yellow shape round colchicine 0.5 mg nausea; vomiting; diarrhea; abdominal pain; myopathy (long-term); bone marrow suppression (rare) severe renal/hepatic impairment; concurrent strong cyp3a4/p-gp inhibitors; pregnancy كولشيسين كولشيسين قرص عامل مضاد للنقرس نوبة نقرس حادة؛ الوقاية من النقرس؛ حمى البحر المتوسط العائلية؛ التهاب التأمور أصفر دائري غثيان؛ قيء؛ إسهال؛ ألم بطن؛ اعتلال عضلي (طويل الأمد)؛ قمع نقي العظم (نادر) قصور كلوي/كبدي شديد؛ الاستخدام المتزامن مع مثبطات CYP3A4/P-gp القوية؛ الحمل,colchicine generic colchicine form tablet class antigout agent indication acute gout flare; gout prophylaxis; familial mediterranean fever; pericarditis color yellow shape round colchicine 0.5 mg nausea; vomiting; diarrhea; abdominal pain; myopathy (long-term); bone marrow suppression (rare) severe renal/hepatic impairment; concurrent strong cyp3a4/p-gp inhibitors; pregnancy كولشيسين كولشيسين قرص عامل مضاد للنقرس نوبة نقرس حادة؛ الوقاية من النقرس؛ حمى البحر المتوسط العائلية؛ التهاب التأمور أصفر دائري غثيان؛ قيء؛ إسهال؛ ألم بطن؛ اعتلال عضلي (طويل الأمد)؛ قمع نقي العظم (نادر) قصور كلوي/كبدي شديد؛ الاستخدام المتزامن مع مثبطات CYP3A4/P-gp القوية؛ الحمل,كولشيسين,كولشيسين,عامل مضاد للنقرس,قرص,أصفر,دائري,نوبة نقرس حادة؛ الوقاية من النقرس؛ حمى البحر المتوسط العائلية؛ التهاب التأمور,Prescription,Nausea; Vomiting; Diarrhea; Abdominal pain; Myopathy (long-term); Bone marrow suppression (rare),غثيان؛ قيء؛ إسهال؛ ألم بطن؛ اعتلال عضلي (طويل الأمد)؛ قمع نقي العظم (نادر),Severe renal/hepatic impairment; Concurrent strong CYP3A4/P-gp inhibitors; Pregnancy,قصور كلوي/كبدي شديد؛ الاستخدام المتزامن مع مثبطات CYP3A4/P-gp القوية؛ الحمل
Plaquenil,Hydroxychloroquine,Antimalarial / DMARD,Tablet,White,Film-coated oval,Rheumatoid arthritis; Systemic lupus erythematosus; Malaria prophylaxis and treatment,Sanofi,200 mg,plaquenil generic hydroxychloroquine form tablet class antimalarial / dmard indication rheumatoid arthritis; systemic lupus erythematosus; malaria prophylaxis and treatment color white shape film-coated oval hydroxychloroquine sulfate 200 mg retinopathy (long-term); nausea; gi upset; headache; skin rash; qt prolongation retinal disease; qt prolongation; g6pd deficiency; porphyria بلاكونيل هيدروكسي كلوروكين قرص مضاد الملاريا / دواء مُعدِّل للمرض التهاب المفاصل الروماتويدي؛ الذئبة الحمامية الجهازية؛ الوقاية من الملاريا وعلاجها أبيض بيضاوي مغلف اعتلال الشبكية (طويل الأمد)؛ غثيان؛ اضطراب هضمي؛ صداع؛ طفح جلدي؛ إطالة QT مرض الشبكية؛ إطالة QT؛ نقص G6PD؛ البورفيريا,plaquenil generic hydroxychloroquine form tablet class antimalarial / dmard indication rheumatoid arthritis; systemic lupus erythematosus; malaria prophylaxis and treatment color white shape film-coated oval hydroxychloroquine sulfate 200 mg retinopathy (long-term); nausea; gi upset; headache; skin rash; qt prolongation retinal disease; qt prolongation; g6pd deficiency; porphyria بلاكونيل هيدروكسي كلوروكين قرص مضاد الملاريا / دواء مُعدِّل للمرض التهاب المفاصل الروماتويدي؛ الذئبة الحمامية الجهازية؛ الوقاية من الملاريا وعلاجها أبيض بيضاوي مغلف اعتلال الشبكية (طويل الأمد)؛ غثيان؛ اضطراب هضمي؛ صداع؛ طفح جلدي؛ إطالة QT مرض الشبكية؛ إطالة QT؛ نقص G6PD؛ البورفيريا,بلاكونيل,هيدروكسي كلوروكين,مضاد الملاريا / دواء مُعدِّل للمرض,قرص,أبيض,بيضاوي مغلف,التهاب المفاصل الروماتويدي؛ الذئبة الحمامية الجهازية؛ الوقاية من الملاريا وعلاجها,Prescription,Retinopathy (long-term); Nausea; GI upset; Headache; Skin rash; QT prolongation,اعتلال الشبكية (طويل الأمد)؛ غثيان؛ اضطراب هضمي؛ صداع؛ طفح جلدي؛ إطالة QT,Retinal disease; QT prolongation; G6PD deficiency; Porphyria,مرض الشبكية؛ إطالة QT؛ نقص G6PD؛ البورفيريا
Methotrexate,Methotrexate,DMARD / Antimetabolite,Tablet,Yellow,Round,Rheumatoid arthritis; Psoriasis; Cancer (various); Ectopic pregnancy,Various,2.5 mg,methotrexate generic methotrexate form tablet class dmard / antimetabolite indication rheumatoid arthritis; psoriasis; cancer (various); ectopic pregnancy color yellow shape round methotrexate 2.5 mg hepatotoxicity; bone marrow suppression; nausea; mucositis; pulmonary toxicity; teratogenicity pregnancy; breastfeeding; severe renal/hepatic impairment; significant bone marrow suppression; immunodeficiency ميثوتريكسات ميثوتريكسات قرص دواء مُعدِّل للمرض / مضاد للاستقلاب التهاب المفاصل الروماتويدي؛ الصدفية؛ السرطان (متعدد)؛ الحمل خارج الرحم أصفر دائري سمية كبدية؛ قمع نقي العظم؛ غثيان؛ التهاب الأغشية المخاطية؛ سمية رئوية؛ تشوه جنيني الحمل؛ الرضاعة؛ قصور كلوي/كبدي شديد؛ قمع نقي العظم الكبير؛ نقص المناعة,methotrexate generic methotrexate form tablet class dmard / antimetabolite indication rheumatoid arthritis; psoriasis; cancer (various); ectopic pregnancy color yellow shape round methotrexate 2.5 mg hepatotoxicity; bone marrow suppression; nausea; mucositis; pulmonary toxicity; teratogenicity pregnancy; breastfeeding; severe renal/hepatic impairment; significant bone marrow suppression; immunodeficiency ميثوتريكسات ميثوتريكسات قرص دواء مُعدِّل للمرض / مضاد للاستقلاب التهاب المفاصل الروماتويدي؛ الصدفية؛ السرطان (متعدد)؛ الحمل خارج الرحم أصفر دائري سمية كبدية؛ قمع نقي العظم؛ غثيان؛ التهاب الأغشية المخاطية؛ سمية رئوية؛ تشوه جنيني الحمل؛ الرضاعة؛ قصور كلوي/كبدي شديد؛ قمع نقي العظم الكبير؛ نقص المناعة,ميثوتريكسات,ميثوتريكسات,دواء مُعدِّل للمرض / مضاد للاستقلاب,قرص,أصفر,دائري,التهاب المفاصل الروماتويدي؛ الصدفية؛ السرطان (متعدد)؛ الحمل خارج الرحم,Prescription,Hepatotoxicity; Bone marrow suppression; Nausea; Mucositis; Pulmonary toxicity; Teratogenicity,سمية كبدية؛ قمع نقي العظم؛ غثيان؛ التهاب الأغشية المخاطية؛ سمية رئوية؛ تشوه جنيني,Pregnancy; Breastfeeding; Severe renal/hepatic impairment; Significant bone marrow suppression; Immunodeficiency,الحمل؛ الرضاعة؛ قصور كلوي/كبدي شديد؛ قمع نقي العظم الكبير؛ نقص المناعة
Fosamax,Alendronate,Bisphosphonate,Tablet,White,Oval,Osteoporosis (post-menopausal; male; glucocorticoid-induced),MSD,70 mg (once weekly),fosamax generic alendronate form tablet class bisphosphonate indication osteoporosis (post-menopausal; male; glucocorticoid-induced) color white shape oval alendronate sodium 70 mg esophageal irritation/ulceration; gi upset; musculoskeletal pain; osteonecrosis of jaw (rare) esophageal abnormalities; inability to stand/sit upright for 30 min; hypocalcemia; severe renal impairment فوساماكس أليندرونات قرص بيسفوسفونات هشاشة العظام (ما بعد انقطاع الطمث؛ الذكور؛ الناجم عن الكورتيكوستيرويد) أبيض بيضاوي تهيج/تقرح المريء؛ اضطراب هضمي؛ ألم عضلي هيكلي؛ نخر الفك (نادر) شذوذات المريء؛ عدم القدرة على الجلوس/الوقوف منتصباً 30 دقيقة؛ نقص كالسيوم الدم؛ قصور كلوي شديد,fosamax generic alendronate form tablet class bisphosphonate indication osteoporosis (post-menopausal; male; glucocorticoid-induced) color white shape oval alendronate sodium 70 mg esophageal irritation/ulceration; gi upset; musculoskeletal pain; osteonecrosis of jaw (rare) esophageal abnormalities; inability to stand/sit upright for 30 min; hypocalcemia; severe renal impairment فوساماكس أليندرونات قرص بيسفوسفونات هشاشة العظام (ما بعد انقطاع الطمث؛ الذكور؛ الناجم عن الكورتيكوستيرويد) أبيض بيضاوي تهيج/تقرح المريء؛ اضطراب هضمي؛ ألم عضلي هيكلي؛ نخر الفك (نادر) شذوذات المريء؛ عدم القدرة على الجلوس/الوقوف منتصباً 30 دقيقة؛ نقص كالسيوم الدم؛ قصور كلوي شديد,فوساماكس,أليندرونات,بيسفوسفونات,قرص,أبيض,بيضاوي,هشاشة العظام (ما بعد انقطاع الطمث؛ الذكور؛ الناجم عن الكورتيكوستيرويد),Prescription,Esophageal irritation/ulceration; GI upset; Musculoskeletal pain; Osteonecrosis of jaw (rare),تهيج/تقرح المريء؛ اضطراب هضمي؛ ألم عضلي هيكلي؛ نخر الفك (نادر),Esophageal abnormalities; Inability to stand/sit upright for 30 min; Hypocalcemia; Severe renal impairment,شذوذات المريء؛ عدم القدرة على الجلوس/الوقوف منتصباً 30 دقيقة؛ نقص كالسيوم الدم؛ قصور كلوي شديد
Tamoxifen,Tamoxifen,SERM (Selective Estrogen Receptor Modulator),Tablet,White,Round,Breast cancer (hormone receptor-positive); DCIS; Infertility (off-label),Various,20 mg,tamoxifen generic tamoxifen form tablet class serm (selective estrogen receptor modulator) indication breast cancer (hormone receptor-positive); dcis; infertility (off-label) color white shape round tamoxifen citrate 20 mg hot flushes; vaginal discharge; thromboembolic events; endometrial cancer; cataracts dvt/pe history; concurrent coumarin anticoagulants; pregnancy تاموكسيفين تاموكسيفين قرص مُعدِّل انتقائي لمستقبلات الإستروجين سرطان الثدي (إيجابي المستقبلات الهرمونية)؛ سرطان القناة في الموضع؛ العقم (خارج النشرة) أبيض دائري هبات ساخنة؛ إفرازات مهبلية؛ أحداث جلطوية؛ سرطان بطانة الرحم؛ ساد تاريخ DVT/PE؛ مضادات التخثر الكومارينية المتزامنة؛ الحمل,tamoxifen generic tamoxifen form tablet class serm (selective estrogen receptor modulator) indication breast cancer (hormone receptor-positive); dcis; infertility (off-label) color white shape round tamoxifen citrate 20 mg hot flushes; vaginal discharge; thromboembolic events; endometrial cancer; cataracts dvt/pe history; concurrent coumarin anticoagulants; pregnancy تاموكسيفين تاموكسيفين قرص مُعدِّل انتقائي لمستقبلات الإستروجين سرطان الثدي (إيجابي المستقبلات الهرمونية)؛ سرطان القناة في الموضع؛ العقم (خارج النشرة) أبيض دائري هبات ساخنة؛ إفرازات مهبلية؛ أحداث جلطوية؛ سرطان بطانة الرحم؛ ساد تاريخ DVT/PE؛ مضادات التخثر الكومارينية المتزامنة؛ الحمل,تاموكسيفين,تاموكسيفين,مُعدِّل انتقائي لمستقبلات الإستروجين,قرص,أبيض,دائري,سرطان الثدي (إيجابي المستقبلات الهرمونية)؛ سرطان القناة في الموضع؛ العقم (خارج النشرة),Prescription,Hot flushes; Vaginal discharge; Thromboembolic events; Endometrial cancer; Cataracts,هبات ساخنة؛ إفرازات مهبلية؛ أحداث جلطوية؛ سرطان بطانة الرحم؛ ساد,DVT/PE history; Concurrent coumarin anticoagulants; Pregnancy,تاريخ DVT/PE؛ مضادات التخثر الكومارينية المتزامنة؛ الحمل
ORS,Oral Rehydration Salts,Electrolyte Replacement,Oral Powder (Sachet),White powder,Sachet,Dehydration from diarrhea/vomiting; Fluid and electrolyte replacement,WHO / Various,Per sachet dissolved in 1 L water,ors generic oral rehydration salts form oral powder (sachet) class electrolyte replacement indication dehydration from diarrhea/vomiting; fluid and electrolyte replacement color white powder shape sachet sodium 2.6 g; glucose 13.5 g; potassium 1.5 g; trisodium citrate 2.9 g per sachet hypernatremia (if over-concentrated); vomiting (if taken too fast) anuria; intractable vomiting; glucose-galactose malabsorption محلول معالجة الجفاف الفموي أملاح معالجة الجفاف الفموية مسحوق فموي (كيس) مستحضر تعويض الكهارل الجفاف من الإسهال/القيء؛ تعويض السوائل والكهارل مسحوق أبيض كيس فرط صوديوم الدم (إذا كان مركزاً)؛ قيء (إذا تناول بسرعة) انقطاع البول؛ قيء مستعصٍ؛ سوء امتصاص الغلوكوز-الغالاكتوز,ors generic oral rehydration salts form oral powder (sachet) class electrolyte replacement indication dehydration from diarrhea/vomiting; fluid and electrolyte replacement color white powder shape sachet sodium 2.6 g; glucose 13.5 g; potassium 1.5 g; trisodium citrate 2.9 g per sachet hypernatremia (if over-concentrated); vomiting (if taken too fast) anuria; intractable vomiting; glucose-galactose malabsorption محلول معالجة الجفاف الفموي أملاح معالجة الجفاف الفموية مسحوق فموي (كيس) مستحضر تعويض الكهارل الجفاف من الإسهال/القيء؛ تعويض السوائل والكهارل مسحوق أبيض كيس فرط صوديوم الدم (إذا كان مركزاً)؛ قيء (إذا تناول بسرعة) انقطاع البول؛ قيء مستعصٍ؛ سوء امتصاص الغلوكوز-الغالاكتوز,محلول معالجة الجفاف الفموي,أملاح معالجة الجفاف الفموية,مستحضر تعويض الكهارل,مسحوق فموي (كيس),مسحوق أبيض,كيس,الجفاف من الإسهال/القيء؛ تعويض السوائل والكهارل,OTC,Hypernatremia (if over-concentrated); Vomiting (if taken too fast),فرط صوديوم الدم (إذا كان مركزاً)؛ قيء (إذا تناول بسرعة),Anuria; Intractable vomiting; Glucose-galactose malabsorption,انقطاع البول؛ قيء مستعصٍ؛ سوء امتصاص الغلوكوز-الغالاكتوز
Melatonin 3mg,Melatonin,Melatonin Receptor Agonist,Tablet,White,Round,Sleep-onset insomnia; Jet lag; Shift-work sleep disorder; Circadian rhythm disorders,Various,3 mg,melatonin 3mg generic melatonin form tablet class melatonin receptor agonist indication sleep-onset insomnia; jet lag; shift-work sleep disorder; circadian rhythm disorders color white shape round melatonin 3 mg drowsiness; headache; dizziness; nausea autoimmune conditions (use with caution); pregnancy; concurrent anticoagulants (monitor) ميلاتونين 3 ملغ الميلاتونين قرص ناهض مستقبلات الميلاتونين أرق بدء النوم؛ اضطراب الطائرة النفاثة؛ اضطراب نوم العمل بالمناوبة؛ اضطرابات الإيقاع اليوماوي أبيض دائري نعاس؛ صداع؛ دوخة؛ غثيان حالات مناعية ذاتية (استخدام بحذر)؛ الحمل؛ مضادات التخثر المتزامنة (مراقبة),melatonin 3mg generic melatonin form tablet class melatonin receptor agonist indication sleep-onset insomnia; jet lag; shift-work sleep disorder; circadian rhythm disorders color white shape round melatonin 3 mg drowsiness; headache; dizziness; nausea autoimmune conditions (use with caution); pregnancy; concurrent anticoagulants (monitor) ميلاتونين 3 ملغ الميلاتونين قرص ناهض مستقبلات الميلاتونين أرق بدء النوم؛ اضطراب الطائرة النفاثة؛ اضطراب نوم العمل بالمناوبة؛ اضطرابات الإيقاع اليوماوي أبيض دائري نعاس؛ صداع؛ دوخة؛ غثيان حالات مناعية ذاتية (استخدام بحذر)؛ الحمل؛ مضادات التخثر المتزامنة (مراقبة),ميلاتونين 3 ملغ,الميلاتونين,ناهض مستقبلات الميلاتونين,قرص,أبيض,دائري,أرق بدء النوم؛ اضطراب الطائرة النفاثة؛ اضطراب نوم العمل بالمناوبة؛ اضطرابات الإيقاع اليوماوي,OTC,Drowsiness; Headache; Dizziness; Nausea,نعاس؛ صداع؛ دوخة؛ غثيان,Autoimmune conditions (use with caution); Pregnancy; Concurrent anticoagulants (monitor),حالات مناعية ذاتية (استخدام بحذر)؛ الحمل؛ مضادات التخثر المتزامنة (مراقبة)
Xylocaine Gel,Lidocaine,Local Anesthetic (Topical),Gel,Clear gel,Tube,Local anesthesia for urethral procedures; Topical pain relief; Lubrication for catheterization,AstraZeneca,2%,xylocaine gel generic lidocaine form gel class local anesthetic (topical) indication local anesthesia for urethral procedures; topical pain relief; lubrication for catheterization color clear gel shape tube lidocaine hcl 2% local burning; tissue irritation; systemic toxicity (cns; cardiovascular) if absorbed in excess hypersensitivity to lidocaine or amide-type local anesthetics; heart block (high degree) زيلوكين جيل ليدوكائين جل مخدر موضعي التخدير الموضعي للإجراءات الإحليلية؛ تسكين الألم الموضعي؛ التشحيم لإدخال القثطار جل شفاف أنبوب حرقان موضعي؛ تهيج النسيج؛ سمية جهازية (جهاز عصبي مركزي؛ قلبية وعائية) عند الامتصاص الزائد فرط الحساسية لليدوكائين أو المخدرات الموضعية من نوع الأميد؛ إحصار قلبي (عالي الدرجة),xylocaine gel generic lidocaine form gel class local anesthetic (topical) indication local anesthesia for urethral procedures; topical pain relief; lubrication for catheterization color clear gel shape tube lidocaine hcl 2% local burning; tissue irritation; systemic toxicity (cns; cardiovascular) if absorbed in excess hypersensitivity to lidocaine or amide-type local anesthetics; heart block (high degree) زيلوكين جيل ليدوكائين جل مخدر موضعي التخدير الموضعي للإجراءات الإحليلية؛ تسكين الألم الموضعي؛ التشحيم لإدخال القثطار جل شفاف أنبوب حرقان موضعي؛ تهيج النسيج؛ سمية جهازية (جهاز عصبي مركزي؛ قلبية وعائية) عند الامتصاص الزائد فرط الحساسية لليدوكائين أو المخدرات الموضعية من نوع الأميد؛ إحصار قلبي (عالي الدرجة),زيلوكين جيل,ليدوكائين,مخدر موضعي,جل,جل شفاف,أنبوب,التخدير الموضعي للإجراءات الإحليلية؛ تسكين الألم الموضعي؛ التشحيم لإدخال القثطار,Prescription,Local burning; Tissue irritation; Systemic toxicity (CNS; cardiovascular) if absorbed in excess,حرقان موضعي؛ تهيج النسيج؛ سمية جهازية (جهاز عصبي مركزي؛ قلبية وعائية) عند الامتصاص الزائد,Hypersensitivity to lidocaine or amide-type local anesthetics; Heart block (high degree),فرط الحساسية لليدوكائين أو المخدرات الموضعية من نوع الأميد؛ إحصار قلبي (عالي الدرجة)
Quillivant XR,Methylphenidate,ADHD,Powder for Oral Suspension,,,ADHD (Attention Deficit Hyperactivity Disorder),Tris Pharma Inc,5,quillivant xr generic methylphenidate form powder for oral suspension class adhd indication adhd (attention deficit hyperactivity disorder) color  shape  decreased appetite; insomnia; headache; abdominal pain known hypersensitivity to methylphenidate; mao inhibitors use كويليفانت إكس آر ميثيلفينيديت مسحوق للتعليق الفموي أدوية اضطراب نقص الانتباه اضطراب نقص الانتباه وفرط الحركة فقدان الشهية؛ أرق؛ صداع؛ آلام في البطن فرط الحساسية للميثيلفينيديت؛ استخدام مثبطات أوكسيداز أحادي الأمين,quillivant xr generic methylphenidate form powder for oral suspension class adhd indication adhd (attention deficit hyperactivity disorder) color  shape  decreased appetite; insomnia; headache; abdominal pain known hypersensitivity to methylphenidate; mao inhibitors use كويليفانت إكس آر ميثيلفينيديت مسحوق للتعليق الفموي أدوية اضطراب نقص الانتباه اضطراب نقص الانتباه وفرط الحركة فقدان الشهية؛ أرق؛ صداع؛ آلام في البطن فرط الحساسية للميثيلفينيديت؛ استخدام مثبطات أوكسيداز أحادي الأمين,كويليفانت إكس آر,ميثيلفينيديت,أدوية اضطراب نقص الانتباه,مسحوق للتعليق الفموي,,,اضطراب نقص الانتباه وفرط الحركة,Prescription,Decreased appetite; Insomnia; Headache; Abdominal pain,فقدان الشهية؛ أرق؛ صداع؛ آلام في البطن,Known hypersensitivity to methylphenidate; MAO inhibitors use,فرط الحساسية للميثيلفينيديت؛ استخدام مثبطات أوكسيداز أحادي الأمين
Zyglic MR,Gliclazide,Diabetes,Modified-Release Tablet,,round,Type 2 Diabetes Mellitus,Zydus Lifesciences Limited,30,zyglic mr generic gliclazide form modified-release tablet class diabetes indication type 2 diabetes mellitus color  shape round hypoglycemia; nausea; dizziness; weight gain type 1 diabetes; diabetic ketoacidosis; severe renal/hepatic impairment زيجليك إم آر غليكلازيد قرص ممتد المفعول أدوية السكري داء السكري من النوع الثاني دائري انخفاض سكر الدم؛ غثيان؛ دوخة؛ زيادة الوزن السكري النوع الأول؛ الحماض الكيتوني السكري؛ قصور كلوي أو كبدي شديد,zyglic mr generic gliclazide form modified-release tablet class diabetes indication type 2 diabetes mellitus color  shape round hypoglycemia; nausea; dizziness; weight gain type 1 diabetes; diabetic ketoacidosis; severe renal/hepatic impairment زيجليك إم آر غليكلازيد قرص ممتد المفعول أدوية السكري داء السكري من النوع الثاني دائري انخفاض سكر الدم؛ غثيان؛ دوخة؛ زيادة الوزن السكري النوع الأول؛ الحماض الكيتوني السكري؛ قصور كلوي أو كبدي شديد,زيجليك إم آر,غليكلازيد,أدوية السكري,قرص ممتد المفعول,,دائري,داء السكري من النوع الثاني,Prescription,Hypoglycemia; Nausea; Dizziness; Weight gain,انخفاض سكر الدم؛ غثيان؛ دوخة؛ زيادة الوزن,Type 1 diabetes; Diabetic ketoacidosis; Severe renal/hepatic impairment,السكري النوع الأول؛ الحماض الكيتوني السكري؛ قصور كلوي أو كبدي شديد
Emedius,Palonosetron Hydrochloride,Antiemetic,Solution for Injection,,,Prevention of nausea and vomiting caused by chemotherapy,Jamjoom Pharmaceuticals,0.05,emedius generic palonosetron hydrochloride form solution for injection class antiemetic indication prevention of nausea and vomiting caused by chemotherapy color  shape  headache; constipation; dizziness hypersensitivity to palonosetron إيميديوس بالونوسيترون هيدروكلوريد محلول للحقن مضاد للغثيان والقيء الوقاية من الغثيان والقيء الناتج عن العلاج الكيميائي صداع؛ إمساك؛ دوخة فرط الحساسية للبالونوسيترون,emedius generic palonosetron hydrochloride form solution for injection class antiemetic indication prevention of nausea and vomiting caused by chemotherapy color  shape  headache; constipation; dizziness hypersensitivity to palonosetron إيميديوس بالونوسيترون هيدروكلوريد محلول للحقن مضاد للغثيان والقيء الوقاية من الغثيان والقيء الناتج عن العلاج الكيميائي صداع؛ إمساك؛ دوخة فرط الحساسية للبالونوسيترون,إيميديوس,بالونوسيترون هيدروكلوريد,مضاد للغثيان والقيء,محلول للحقن,,,الوقاية من الغثيان والقيء الناتج عن العلاج الكيميائي,Prescription,Headache; Constipation; Dizziness,صداع؛ إمساك؛ دوخة,Hypersensitivity to palonosetron,فرط الحساسية للبالونوسيترون
Ozanex,Ozenoxacin,Antibiotic/Antifungal,Cream,white,,Impetigo; Bacterial skin infections,Ferrer International,1,ozanex generic ozenoxacin form cream class antibiotic/antifungal indication impetigo; bacterial skin infections color white shape  skin irritation; rash hypersensitivity to ozenoxacin أوزانيكس أوزينوكساسين كريم مضاد حيوي / مضاد فطري القوباء؛ الالتهابات الجلدية البكتيرية أبيض تهيج الجلد؛ طفح جلدي فرط الحساسية للأوزينوكساسين,ozanex generic ozenoxacin form cream class antibiotic/antifungal indication impetigo; bacterial skin infections color white shape  skin irritation; rash hypersensitivity to ozenoxacin أوزانيكس أوزينوكساسين كريم مضاد حيوي / مضاد فطري القوباء؛ الالتهابات الجلدية البكتيرية أبيض تهيج الجلد؛ طفح جلدي فرط الحساسية للأوزينوكساسين,أوزانيكس,أوزينوكساسين,مضاد حيوي / مضاد فطري,كريم,أبيض,,القوباء؛ الالتهابات الجلدية البكتيرية,Prescription,Skin irritation; Rash,تهيج الجلد؛ طفح جلدي,Hypersensitivity to ozenoxacin,فرط الحساسية للأوزينوكساسين
Vatowis,Vasopressin,Vasopressor,Injection,,,Vasodilatory shock; Cardiac arrest; Diabetes insipidus,Eugia Pharma,20,vatowis generic vasopressin form injection class vasopressor indication vasodilatory shock; cardiac arrest; diabetes insipidus color  shape  hypertension; bradycardia; hyponatremia hypersensitivity to vasopressin فاتويس فازوبريسين حقن مقبض الأوعية الدموية صدمة توسع الأوعية؛ توقف القلب؛ السكري الكاذب ارتفاع ضغط الدم؛ بطء القلب؛ نقص صوديوم الدم فرط الحساسية للفازوبريسين,vatowis generic vasopressin form injection class vasopressor indication vasodilatory shock; cardiac arrest; diabetes insipidus color  shape  hypertension; bradycardia; hyponatremia hypersensitivity to vasopressin فاتويس فازوبريسين حقن مقبض الأوعية الدموية صدمة توسع الأوعية؛ توقف القلب؛ السكري الكاذب ارتفاع ضغط الدم؛ بطء القلب؛ نقص صوديوم الدم فرط الحساسية للفازوبريسين,فاتويس,فازوبريسين,مقبض الأوعية الدموية,حقن,,,صدمة توسع الأوعية؛ توقف القلب؛ السكري الكاذب,Prescription,Hypertension; Bradycardia; Hyponatremia,ارتفاع ضغط الدم؛ بطء القلب؛ نقص صوديوم الدم,Hypersensitivity to vasopressin,فرط الحساسية للفازوبريسين
Prevymis,Letermovir,Antiviral,Film-Coated Tablet,orange,oval,Prevention of CMV infection in transplant patients,MSD International,480,prevymis generic letermovir form film-coated tablet class antiviral indication prevention of cmv infection in transplant patients color orange shape oval nausea; diarrhea; vomiting; peripheral edema co-administration with pimozide or ergot alkaloids بريفيميس ليترموفير قرص مغلف مضاد فيروسي الوقاية من عدوى الفيروس المضخم للخلايا في مرضى زراعة الأعضاء برتقالي بيضوي غثيان؛ إسهال؛ قيء؛ وذمة طرفية الاستخدام المتزامن مع بيموزايد أو قلويدات الإرغوت,prevymis generic letermovir form film-coated tablet class antiviral indication prevention of cmv infection in transplant patients color orange shape oval nausea; diarrhea; vomiting; peripheral edema co-administration with pimozide or ergot alkaloids بريفيميس ليترموفير قرص مغلف مضاد فيروسي الوقاية من عدوى الفيروس المضخم للخلايا في مرضى زراعة الأعضاء برتقالي بيضوي غثيان؛ إسهال؛ قيء؛ وذمة طرفية الاستخدام المتزامن مع بيموزايد أو قلويدات الإرغوت,بريفيميس,ليترموفير,مضاد فيروسي,قرص مغلف,برتقالي,بيضوي,الوقاية من عدوى الفيروس المضخم للخلايا في مرضى زراعة الأعضاء,Prescription,Nausea; Diarrhea; Vomiting; Peripheral edema,غثيان؛ إسهال؛ قيء؛ وذمة طرفية,Co-administration with pimozide or ergot alkaloids,الاستخدام المتزامن مع بيموزايد أو قلويدات الإرغوت
Olimel N12E,Glucose/Amino Acid/Lipid Emulsion,Parenteral Nutrition,Emulsion for Infusion,white,,Parenteral nutrition for adults when oral or enteral feeding is insufficient,Baxter,27.5/14.2/17.5,olimel n12e generic glucose/amino acid/lipid emulsion form emulsion for infusion class parenteral nutrition indication parenteral nutrition for adults when oral or enteral feeding is insufficient color white shape  hyperglycemia; nausea; elevated liver enzymes severe hyperlipidemia; severe hepatic insufficiency أوليمل ن12 إي غلوكوز / أحماض أمينية / مستحلب دهني مستحلب للتسريب تغذية وريدية التغذية الوريدية للبالغين عندما تكون التغذية الفموية أو المعوية غير كافية أبيض ارتفاع سكر الدم؛ غثيان؛ ارتفاع إنزيمات الكبد فرط شحميات الدم الشديد؛ قصور الكبد الشديد,olimel n12e generic glucose/amino acid/lipid emulsion form emulsion for infusion class parenteral nutrition indication parenteral nutrition for adults when oral or enteral feeding is insufficient color white shape  hyperglycemia; nausea; elevated liver enzymes severe hyperlipidemia; severe hepatic insufficiency أوليمل ن12 إي غلوكوز / أحماض أمينية / مستحلب دهني مستحلب للتسريب تغذية وريدية التغذية الوريدية للبالغين عندما تكون التغذية الفموية أو المعوية غير كافية أبيض ارتفاع سكر الدم؛ غثيان؛ ارتفاع إنزيمات الكبد فرط شحميات الدم الشديد؛ قصور الكبد الشديد,أوليمل ن12 إي,غلوكوز / أحماض أمينية / مستحلب دهني,تغذية وريدية,مستحلب للتسريب,أبيض,,التغذية الوريدية للبالغين عندما تكون التغذية الفموية أو المعوية غير كافية,Prescription,Hyperglycemia; Nausea; Elevated liver enzymes,ارتفاع سكر الدم؛ غثيان؛ ارتفاع إنزيمات الكبد,Severe hyperlipidemia; Severe hepatic insufficiency,فرط شحميات الدم الشديد؛ قصور الكبد الشديد
Alzil,Donepezil Hydrochloride,Neurological/Alzheimer,Orodispersible Tablet,white,round,Mild to moderate Alzheimer's disease; Dementia,Al-Taqaddom Pharmaceutical,10,alzil generic donepezil hydrochloride form orodispersible tablet class neurological/alzheimer indication mild to moderate alzheimer's disease; dementia color white shape round nausea; diarrhea; insomnia; muscle cramps hypersensitivity to donepezil or piperidine derivatives الزيل دونيبيزيل هيدروكلوريد قرص فموي سريع الذوبان أدوية عصبية / الزهايمر مرض الزهايمر الخفيف إلى المتوسط؛ الخرف أبيض دائري غثيان؛ إسهال؛ أرق؛ تشنجات عضلية فرط الحساسية للدونيبيزيل أو مشتقات البيبيريدين,alzil generic donepezil hydrochloride form orodispersible tablet class neurological/alzheimer indication mild to moderate alzheimer's disease; dementia color white shape round nausea; diarrhea; insomnia; muscle cramps hypersensitivity to donepezil or piperidine derivatives الزيل دونيبيزيل هيدروكلوريد قرص فموي سريع الذوبان أدوية عصبية / الزهايمر مرض الزهايمر الخفيف إلى المتوسط؛ الخرف أبيض دائري غثيان؛ إسهال؛ أرق؛ تشنجات عضلية فرط الحساسية للدونيبيزيل أو مشتقات البيبيريدين,الزيل,دونيبيزيل هيدروكلوريد,أدوية عصبية / الزهايمر,قرص فموي سريع الذوبان,أبيض,دائري,مرض الزهايمر الخفيف إلى المتوسط؛ الخرف,Prescription,Nausea; Diarrhea; Insomnia; Muscle cramps,غثيان؛ إسهال؛ أرق؛ تشنجات عضلية,Hypersensitivity to donepezil or piperidine derivatives,فرط الحساسية للدونيبيزيل أو مشتقات البيبيريدين
Disflax,Deflazacort,Anti-Inflammatory/Corticosteroid,Tablet,white,round,Inflammatory and autoimmune conditions; Duchenne muscular dystrophy,Faes Farma,6,disflax generic deflazacort form tablet class anti-inflammatory/corticosteroid indication inflammatory and autoimmune conditions; duchenne muscular dystrophy color white shape round weight gain; increased appetite; cushing syndrome; osteoporosis systemic fungal infections; live vaccines ديسفلاكس ديفلازاكورت قرص مضاد التهاب / كورتيكوستيرويد الحالات الالتهابية والمناعية الذاتية؛ ضمور دوشين العضلي أبيض دائري زيادة الوزن؛ زيادة الشهية؛ متلازمة كوشينغ؛ هشاشة العظام العدوى الفطرية الجهازية؛ اللقاحات الحية,disflax generic deflazacort form tablet class anti-inflammatory/corticosteroid indication inflammatory and autoimmune conditions; duchenne muscular dystrophy color white shape round weight gain; increased appetite; cushing syndrome; osteoporosis systemic fungal infections; live vaccines ديسفلاكس ديفلازاكورت قرص مضاد التهاب / كورتيكوستيرويد الحالات الالتهابية والمناعية الذاتية؛ ضمور دوشين العضلي أبيض دائري زيادة الوزن؛ زيادة الشهية؛ متلازمة كوشينغ؛ هشاشة العظام العدوى الفطرية الجهازية؛ اللقاحات الحية,ديسفلاكس,ديفلازاكورت,مضاد التهاب / كورتيكوستيرويد,قرص,أبيض,دائري,الحالات الالتهابية والمناعية الذاتية؛ ضمور دوشين العضلي,Prescription,Weight gain; Increased appetite; Cushing syndrome; Osteoporosis,زيادة الوزن؛ زيادة الشهية؛ متلازمة كوشينغ؛ هشاشة العظام,Systemic fungal infections; Live vaccines,العدوى الفطرية الجهازية؛ اللقاحات الحية
Lipiget,Atorvastatin,Cholesterol,Film-Coated Tablet,white,oval,Hypercholesterolemia; Cardiovascular risk reduction,Pfizer,20,lipiget generic atorvastatin form film-coated tablet class cholesterol indication hypercholesterolemia; cardiovascular risk reduction color white shape oval myalgia; elevated liver enzymes; headache; gastrointestinal disturbances active liver disease; pregnancy; breastfeeding ليبيجت أتورفاستاتين قرص مغلف أدوية الكوليسترول ارتفاع الكوليسترول؛ تقليل مخاطر أمراض القلب والأوعية الدموية أبيض بيضوي آلام عضلية؛ ارتفاع إنزيمات الكبد؛ صداع؛ اضطرابات هضمية أمراض الكبد النشطة؛ الحمل؛ الرضاعة الطبيعية,lipiget generic atorvastatin form film-coated tablet class cholesterol indication hypercholesterolemia; cardiovascular risk reduction color white shape oval myalgia; elevated liver enzymes; headache; gastrointestinal disturbances active liver disease; pregnancy; breastfeeding ليبيجت أتورفاستاتين قرص مغلف أدوية الكوليسترول ارتفاع الكوليسترول؛ تقليل مخاطر أمراض القلب والأوعية الدموية أبيض بيضوي آلام عضلية؛ ارتفاع إنزيمات الكبد؛ صداع؛ اضطرابات هضمية أمراض الكبد النشطة؛ الحمل؛ الرضاعة الطبيعية,ليبيجت,أتورفاستاتين,أدوية الكوليسترول,قرص مغلف,أبيض,بيضوي,ارتفاع الكوليسترول؛ تقليل مخاطر أمراض القلب والأوعية الدموية,Prescription,Myalgia; Elevated liver enzymes; Headache; Gastrointestinal disturbances,آلام عضلية؛ ارتفاع إنزيمات الكبد؛ صداع؛ اضطرابات هضمية,Active liver disease; Pregnancy; Breastfeeding,أمراض الكبد النشطة؛ الحمل؛ الرضاعة الطبيعية
Azithral,Azithromycin,Antibiotic,Film-Coated Tablet,pink,oval,Respiratory infections; Skin infections; Otitis media; Pharyngitis,Alkem,500,azithral generic azithromycin form film-coated tablet class antibiotic indication respiratory infections; skin infections; otitis media; pharyngitis color pink shape oval diarrhea; nausea; abdominal pain; headache hypersensitivity to azithromycin or macrolide antibiotics; hepatic impairment أزيثرال أزيثروميسين قرص مغلف مضاد حيوي التهابات الجهاز التنفسي؛ التهابات الجلد؛ التهاب الأذن الوسطى؛ التهاب البلعوم وردي بيضوي إسهال؛ غثيان؛ آلام في البطن؛ صداع فرط الحساسية للأزيثروميسين أو المضادات الحيوية الماكروليدية؛ قصور كبدي,azithral generic azithromycin form film-coated tablet class antibiotic indication respiratory infections; skin infections; otitis media; pharyngitis color pink shape oval diarrhea; nausea; abdominal pain; headache hypersensitivity to azithromycin or macrolide antibiotics; hepatic impairment أزيثرال أزيثروميسين قرص مغلف مضاد حيوي التهابات الجهاز التنفسي؛ التهابات الجلد؛ التهاب الأذن الوسطى؛ التهاب البلعوم وردي بيضوي إسهال؛ غثيان؛ آلام في البطن؛ صداع فرط الحساسية للأزيثروميسين أو المضادات الحيوية الماكروليدية؛ قصور كبدي,أزيثرال,أزيثروميسين,مضاد حيوي,قرص مغلف,وردي,بيضوي,التهابات الجهاز التنفسي؛ التهابات الجلد؛ التهاب الأذن الوسطى؛ التهاب البلعوم,Prescription,Diarrhea; Nausea; Abdominal pain; Headache,إسهال؛ غثيان؛ آلام في البطن؛ صداع,Hypersensitivity to azithromycin or macrolide antibiotics; Hepatic impairment,فرط الحساسية للأزيثروميسين أو المضادات الحيوية الماكروليدية؛ قصور كبدي
Losartan Actavis,Losartan Potassium,Hypertension,Film-Coated Tablet,white,oval,Hypertension; Diabetic nephropathy; Heart failure,Actavis,50,losartan actavis generic losartan potassium form film-coated tablet class hypertension indication hypertension; diabetic nephropathy; heart failure color white shape oval dizziness; hyperkalemia; hypotension; fatigue pregnancy; severe hepatic impairment; co-administration with aliskiren in diabetics لوسارتان أكتافيس لوسارتان بوتاسيوم قرص مغلف أدوية ارتفاع ضغط الدم ارتفاع ضغط الدم؛ اعتلال الكلية السكري؛ قصور القلب أبيض بيضوي دوخة؛ ارتفاع البوتاسيوم في الدم؛ انخفاض ضغط الدم؛ إرهاق الحمل؛ قصور كبدي شديد؛ الاستخدام المتزامن مع أليسكيرين في مرضى السكري,losartan actavis generic losartan potassium form film-coated tablet class hypertension indication hypertension; diabetic nephropathy; heart failure color white shape oval dizziness; hyperkalemia; hypotension; fatigue pregnancy; severe hepatic impairment; co-administration with aliskiren in diabetics لوسارتان أكتافيس لوسارتان بوتاسيوم قرص مغلف أدوية ارتفاع ضغط الدم ارتفاع ضغط الدم؛ اعتلال الكلية السكري؛ قصور القلب أبيض بيضوي دوخة؛ ارتفاع البوتاسيوم في الدم؛ انخفاض ضغط الدم؛ إرهاق الحمل؛ قصور كبدي شديد؛ الاستخدام المتزامن مع أليسكيرين في مرضى السكري,لوسارتان أكتافيس,لوسارتان بوتاسيوم,أدوية ارتفاع ضغط الدم,قرص مغلف,أبيض,بيضوي,ارتفاع ضغط الدم؛ اعتلال الكلية السكري؛ قصور القلب,Prescription,Dizziness; Hyperkalemia; Hypotension; Fatigue,دوخة؛ ارتفاع البوتاسيوم في الدم؛ انخفاض ضغط الدم؛ إرهاق,Pregnancy; Severe hepatic impairment; Co-administration with aliskiren in diabetics,الحمل؛ قصور كبدي شديد؛ الاستخدام المتزامن مع أليسكيرين في مرضى السكري
Zantac,Ranitidine,Gastrointestinal,Film-Coated Tablet,white,round,Gastric ulcer; Duodenal ulcer; Gastroesophageal reflux disease (GERD),GSK,150,zantac generic ranitidine form film-coated tablet class gastrointestinal indication gastric ulcer; duodenal ulcer; gastroesophageal reflux disease (gerd) color white shape round headache; dizziness; constipation; diarrhea hypersensitivity to ranitidine; acute porphyria زانتاك رانيتيدين قرص مغلف أدوية الجهاز الهضمي قرحة المعدة؛ قرحة الاثني عشر؛ مرض الارتجاع المعدي المريئي أبيض دائري صداع؛ دوخة؛ إمساك؛ إسهال فرط الحساسية للرانيتيدين؛ البرفيرية الحادة,zantac generic ranitidine form film-coated tablet class gastrointestinal indication gastric ulcer; duodenal ulcer; gastroesophageal reflux disease (gerd) color white shape round headache; dizziness; constipation; diarrhea hypersensitivity to ranitidine; acute porphyria زانتاك رانيتيدين قرص مغلف أدوية الجهاز الهضمي قرحة المعدة؛ قرحة الاثني عشر؛ مرض الارتجاع المعدي المريئي أبيض دائري صداع؛ دوخة؛ إمساك؛ إسهال فرط الحساسية للرانيتيدين؛ البرفيرية الحادة,زانتاك,رانيتيدين,أدوية الجهاز الهضمي,قرص مغلف,أبيض,دائري,قرحة المعدة؛ قرحة الاثني عشر؛ مرض الارتجاع المعدي المريئي,OTC,Headache; Dizziness; Constipation; Diarrhea,صداع؛ دوخة؛ إمساك؛ إسهال,Hypersensitivity to ranitidine; Acute porphyria,فرط الحساسية للرانيتيدين؛ البرفيرية الحادة
Omeprazole Capsule,Omeprazole,Gastrointestinal,Gastro-Resistant Capsule,purple,capsule,Gastric ulcer; Duodenal ulcer; GERD; Zollinger-Ellison syndrome,AstraZeneca,20,omeprazole capsule generic omeprazole form gastro-resistant capsule class gastrointestinal indication gastric ulcer; duodenal ulcer; gerd; zollinger-ellison syndrome color purple shape capsule headache; nausea; diarrhea; abdominal pain hypersensitivity to omeprazole or substituted benzimidazoles أوميبرازول كبسولة أوميبرازول كبسولة مقاومة للحمض أدوية الجهاز الهضمي قرحة المعدة؛ قرحة الاثني عشر؛ الارتجاع المعدي المريئي؛ متلازمة زولينجر إيليسون بنفسجي كبسولة صداع؛ غثيان؛ إسهال؛ آلام في البطن فرط الحساسية للأوميبرازول أو مشتقات البنزيميدازول,omeprazole capsule generic omeprazole form gastro-resistant capsule class gastrointestinal indication gastric ulcer; duodenal ulcer; gerd; zollinger-ellison syndrome color purple shape capsule headache; nausea; diarrhea; abdominal pain hypersensitivity to omeprazole or substituted benzimidazoles أوميبرازول كبسولة أوميبرازول كبسولة مقاومة للحمض أدوية الجهاز الهضمي قرحة المعدة؛ قرحة الاثني عشر؛ الارتجاع المعدي المريئي؛ متلازمة زولينجر إيليسون بنفسجي كبسولة صداع؛ غثيان؛ إسهال؛ آلام في البطن فرط الحساسية للأوميبرازول أو مشتقات البنزيميدازول,أوميبرازول كبسولة,أوميبرازول,أدوية الجهاز الهضمي,كبسولة مقاومة للحمض,بنفسجي,كبسولة,قرحة المعدة؛ قرحة الاثني عشر؛ الارتجاع المعدي المريئي؛ متلازمة زولينجر إيليسون,OTC,Headache; Nausea; Diarrhea; Abdominal pain,صداع؛ غثيان؛ إسهال؛ آلام في البطن,Hypersensitivity to omeprazole or substituted benzimidazoles,فرط الحساسية للأوميبرازول أو مشتقات البنزيميدازول
Fevadol,Paracetamol + Ibuprofen,Pain Relief / Antipyretic,Tablet,white,round,Pain relief; Headache; Fever; Toothache; Muscle pain; Menstrual pain,Riyadh Pharma,250/200,fevadol generic paracetamol + ibuprofen form tablet class pain relief / antipyretic indication pain relief; headache; fever; toothache; muscle pain; menstrual pain color white shape round nausea; stomach upset; dizziness; allergic reactions peptic ulcer; severe hepatic impairment; aspirin allergy; last trimester of pregnancy فيفادول باراسيتامول + إيبوبروفين قرص مسكن للألم / خافض للحرارة تسكين الألم؛ صداع؛ حمى؛ ألم الأسنان؛ آلام العضلات؛ آلام الدورة الشهرية أبيض دائري غثيان؛ اضطراب المعدة؛ دوخة؛ تفاعلات تحسسية قرحة هضمية؛ قصور كبدي شديد؛ حساسية الأسبرين؛ الثلث الأخير من الحمل,fevadol generic paracetamol + ibuprofen form tablet class pain relief / antipyretic indication pain relief; headache; fever; toothache; muscle pain; menstrual pain color white shape round nausea; stomach upset; dizziness; allergic reactions peptic ulcer; severe hepatic impairment; aspirin allergy; last trimester of pregnancy فيفادول باراسيتامول + إيبوبروفين قرص مسكن للألم / خافض للحرارة تسكين الألم؛ صداع؛ حمى؛ ألم الأسنان؛ آلام العضلات؛ آلام الدورة الشهرية أبيض دائري غثيان؛ اضطراب المعدة؛ دوخة؛ تفاعلات تحسسية قرحة هضمية؛ قصور كبدي شديد؛ حساسية الأسبرين؛ الثلث الأخير من الحمل,فيفادول,باراسيتامول + إيبوبروفين,مسكن للألم / خافض للحرارة,قرص,أبيض,دائري,تسكين الألم؛ صداع؛ حمى؛ ألم الأسنان؛ آلام العضلات؛ آلام الدورة الشهرية,OTC,Nausea; Stomach upset; Dizziness; Allergic reactions,غثيان؛ اضطراب المعدة؛ دوخة؛ تفاعلات تحسسية,Peptic ulcer; Severe hepatic impairment; Aspirin allergy; Last trimester of pregnancy,قرحة هضمية؛ قصور كبدي شديد؛ حساسية الأسبرين؛ الثلث الأخير من الحمل
Ritalin,Methylphenidate,ADHD,Tablet,white,round,ADHD (Attention Deficit Hyperactivity Disorder); Narcolepsy,Novartis,10,ritalin generic methylphenidate form tablet class adhd indication adhd (attention deficit hyperactivity disorder); narcolepsy color white shape round decreased appetite; insomnia; nervousness; headache; tachycardia anxiety disorders; glaucoma; tics; mao inhibitor use; cardiovascular disorders ريتالين ميثيلفينيديت قرص أدوية اضطراب نقص الانتباه اضطراب نقص الانتباه وفرط الحركة؛ النوم القهري أبيض دائري فقدان الشهية؛ أرق؛ عصبية؛ صداع؛ تسارع نبضات القلب اضطرابات القلق؛ الجلوكوما؛ التشنجات اللاإرادية؛ استخدام مثبطات أوكسيداز أحادي الأمين؛ اضطرابات القلب والأوعية الدموية,ritalin generic methylphenidate form tablet class adhd indication adhd (attention deficit hyperactivity disorder); narcolepsy color white shape round decreased appetite; insomnia; nervousness; headache; tachycardia anxiety disorders; glaucoma; tics; mao inhibitor use; cardiovascular disorders ريتالين ميثيلفينيديت قرص أدوية اضطراب نقص الانتباه اضطراب نقص الانتباه وفرط الحركة؛ النوم القهري أبيض دائري فقدان الشهية؛ أرق؛ عصبية؛ صداع؛ تسارع نبضات القلب اضطرابات القلق؛ الجلوكوما؛ التشنجات اللاإرادية؛ استخدام مثبطات أوكسيداز أحادي الأمين؛ اضطرابات القلب والأوعية الدموية,ريتالين,ميثيلفينيديت,أدوية اضطراب نقص الانتباه,قرص,أبيض,دائري,اضطراب نقص الانتباه وفرط الحركة؛ النوم القهري,Prescription,Decreased appetite; Insomnia; Nervousness; Headache; Tachycardia,فقدان الشهية؛ أرق؛ عصبية؛ صداع؛ تسارع نبضات القلب,Anxiety disorders; Glaucoma; Tics; MAO inhibitor use; Cardiovascular disorders,اضطرابات القلق؛ الجلوكوما؛ التشنجات اللاإرادية؛ استخدام مثبطات أوكسيداز أحادي الأمين؛ اضطرابات القلب والأوعية الدموية
Strattera,Atomoxetine,ADHD,Capsule,gold white,capsule,ADHD (Attention Deficit Hyperactivity Disorder),Lilly,25,strattera generic atomoxetine form capsule class adhd indication adhd (attention deficit hyperactivity disorder) color gold white shape capsule nausea; decreased appetite; dizziness; dry mouth; insomnia narrow-angle glaucoma; pheochromocytoma; mao inhibitor use; severe cardiovascular disorders ستراتيرا أتوموكسيتين كبسولة أدوية اضطراب نقص الانتباه اضطراب نقص الانتباه وفرط الحركة ذهبي وأبيض كبسولة غثيان؛ فقدان الشهية؛ دوخة؛ جفاف الفم؛ أرق الجلوكوما ضيقة الزاوية؛ ورم القواتم؛ استخدام مثبطات أوكسيداز أحادي الأمين؛ اضطرابات القلب والأوعية الدموية الشديدة,strattera generic atomoxetine form capsule class adhd indication adhd (attention deficit hyperactivity disorder) color gold white shape capsule nausea; decreased appetite; dizziness; dry mouth; insomnia narrow-angle glaucoma; pheochromocytoma; mao inhibitor use; severe cardiovascular disorders ستراتيرا أتوموكسيتين كبسولة أدوية اضطراب نقص الانتباه اضطراب نقص الانتباه وفرط الحركة ذهبي وأبيض كبسولة غثيان؛ فقدان الشهية؛ دوخة؛ جفاف الفم؛ أرق الجلوكوما ضيقة الزاوية؛ ورم القواتم؛ استخدام مثبطات أوكسيداز أحادي الأمين؛ اضطرابات القلب والأوعية الدموية الشديدة,ستراتيرا,أتوموكسيتين,أدوية اضطراب نقص الانتباه,كبسولة,ذهبي وأبيض,كبسولة,اضطراب نقص الانتباه وفرط الحركة,Prescription,Nausea; Decreased appetite; Dizziness; Dry mouth; Insomnia,غثيان؛ فقدان الشهية؛ دوخة؛ جفاف الفم؛ أرق,Narrow-angle glaucoma; Pheochromocytoma; MAO inhibitor use; Severe cardiovascular disorders,الجلوكوما ضيقة الزاوية؛ ورم القواتم؛ استخدام مثبطات أوكسيداز أحادي الأمين؛ اضطرابات القلب والأوعية الدموية الشديدة
Alaxan,Ibuprofen + Paracetamol,Pain Relief / NSAID,Tablet,red white,oval,Mild to moderate pain; Headache; Toothache; Muscle pain; Back pain; Arthritis; Fever,United American Pharmaceuticals,200/325,alaxan generic ibuprofen + paracetamol form tablet class pain relief / nsaid indication mild to moderate pain; headache; toothache; muscle pain; back pain; arthritis; fever color red white shape oval nausea; stomach upset; dizziness; drowsiness peptic ulcer; aspirin allergy; severe hepatic/renal impairment الاكسان إيبوبروفين + باراسيتامول قرص مسكن ألم / مضاد التهاب غير ستيرويدي ألم خفيف إلى متوسط؛ صداع؛ ألم الأسنان؛ آلام العضلات؛ آلام الظهر؛ التهاب المفاصل؛ حمى أحمر وأبيض بيضوي غثيان؛ اضطراب المعدة؛ دوخة؛ نعاس قرحة هضمية؛ حساسية الأسبرين؛ قصور كبدي أو كلوي شديد,alaxan generic ibuprofen + paracetamol form tablet class pain relief / nsaid indication mild to moderate pain; headache; toothache; muscle pain; back pain; arthritis; fever color red white shape oval nausea; stomach upset; dizziness; drowsiness peptic ulcer; aspirin allergy; severe hepatic/renal impairment الاكسان إيبوبروفين + باراسيتامول قرص مسكن ألم / مضاد التهاب غير ستيرويدي ألم خفيف إلى متوسط؛ صداع؛ ألم الأسنان؛ آلام العضلات؛ آلام الظهر؛ التهاب المفاصل؛ حمى أحمر وأبيض بيضوي غثيان؛ اضطراب المعدة؛ دوخة؛ نعاس قرحة هضمية؛ حساسية الأسبرين؛ قصور كبدي أو كلوي شديد,الاكسان,إيبوبروفين + باراسيتامول,مسكن ألم / مضاد التهاب غير ستيرويدي,قرص,أحمر وأبيض,بيضوي,ألم خفيف إلى متوسط؛ صداع؛ ألم الأسنان؛ آلام العضلات؛ آلام الظهر؛ التهاب المفاصل؛ حمى,OTC,Nausea; Stomach upset; Dizziness; Drowsiness,غثيان؛ اضطراب المعدة؛ دوخة؛ نعاس,Peptic ulcer; Aspirin allergy; Severe hepatic/renal impairment,قرحة هضمية؛ حساسية الأسبرين؛ قصور كبدي أو كلوي شديد
Bactidol,Hexetidine,Antiseptic / Oral Hygiene,Mouthwash Solution,clear blue,liquid,Sore throat; Mouth infections; Oral hygiene; Tonsillitis; Gingivitis,Johnson and Johnson,0.1,bactidol generic hexetidine form mouthwash solution class antiseptic / oral hygiene indication sore throat; mouth infections; oral hygiene; tonsillitis; gingivitis color clear blue shape liquid mild mouth irritation; taste alteration hypersensitivity to hexetidine; children under 6 years باكتيدول هيكسيتيدين غسول فموي مطهر / عناية بالفم التهاب الحلق؛ التهابات الفم؛ نظافة الفم؛ التهاب اللوزتين؛ التهاب اللثة أزرق شفاف سائل تهيج خفيف بالفم؛ تغير في الطعم فرط الحساسية للهيكسيتيدين؛ الأطفال تحت 6 سنوات,bactidol generic hexetidine form mouthwash solution class antiseptic / oral hygiene indication sore throat; mouth infections; oral hygiene; tonsillitis; gingivitis color clear blue shape liquid mild mouth irritation; taste alteration hypersensitivity to hexetidine; children under 6 years باكتيدول هيكسيتيدين غسول فموي مطهر / عناية بالفم التهاب الحلق؛ التهابات الفم؛ نظافة الفم؛ التهاب اللوزتين؛ التهاب اللثة أزرق شفاف سائل تهيج خفيف بالفم؛ تغير في الطعم فرط الحساسية للهيكسيتيدين؛ الأطفال تحت 6 سنوات,باكتيدول,هيكسيتيدين,مطهر / عناية بالفم,غسول فموي,أزرق شفاف,سائل,التهاب الحلق؛ التهابات الفم؛ نظافة الفم؛ التهاب اللوزتين؛ التهاب اللثة,OTC,Mild mouth irritation; Taste alteration,تهيج خفيف بالفم؛ تغير في الطعم,Hypersensitivity to hexetidine; Children under 6 years,فرط الحساسية للهيكسيتيدين؛ الأطفال تحت 6 سنوات
Bioflu,Phenylephrine + Chlorphenamine + Paracetamol,Cold and Flu Remedy,Tablet,yellow,oval,Common cold; Flu; Fever; Nasal congestion; Runny nose; Sneezing,Pascual Laboratories,10/2/500,bioflu generic phenylephrine + chlorphenamine + paracetamol form tablet class cold and flu remedy indication common cold; flu; fever; nasal congestion; runny nose; sneezing color yellow shape oval drowsiness; dry mouth; dizziness; nervousness severe hypertension; mao inhibitor use; severe liver disease بيوفلو فينيلإفرين + كلورفينامين + باراسيتامول قرص علاج البرد والإنفلونزا نزلة البرد؛ الإنفلونزا؛ حمى؛ احتقان الأنف؛ سيلان الأنف؛ العطس أصفر بيضوي نعاس؛ جفاف الفم؛ دوخة؛ عصبية ارتفاع ضغط الدم الشديد؛ استخدام مثبطات أوكسيداز أحادي الأمين؛ أمراض الكبد الشديدة,bioflu generic phenylephrine + chlorphenamine + paracetamol form tablet class cold and flu remedy indication common cold; flu; fever; nasal congestion; runny nose; sneezing color yellow shape oval drowsiness; dry mouth; dizziness; nervousness severe hypertension; mao inhibitor use; severe liver disease بيوفلو فينيلإفرين + كلورفينامين + باراسيتامول قرص علاج البرد والإنفلونزا نزلة البرد؛ الإنفلونزا؛ حمى؛ احتقان الأنف؛ سيلان الأنف؛ العطس أصفر بيضوي نعاس؛ جفاف الفم؛ دوخة؛ عصبية ارتفاع ضغط الدم الشديد؛ استخدام مثبطات أوكسيداز أحادي الأمين؛ أمراض الكبد الشديدة,بيوفلو,فينيلإفرين + كلورفينامين + باراسيتامول,علاج البرد والإنفلونزا,قرص,أصفر,بيضوي,نزلة البرد؛ الإنفلونزا؛ حمى؛ احتقان الأنف؛ سيلان الأنف؛ العطس,OTC,Drowsiness; Dry mouth; Dizziness; Nervousness,نعاس؛ جفاف الفم؛ دوخة؛ عصبية,Severe hypertension; MAO inhibitor use; Severe liver disease,ارتفاع ضغط الدم الشديد؛ استخدام مثبطات أوكسيداز أحادي الأمين؛ أمراض الكبد الشديدة
Biogesic,Paracetamol,Pain Relief / Antipyretic,Tablet,white,round,Pain relief; Headache; Fever; Body pain; Toothache,United American Pharmaceuticals,500,biogesic generic paracetamol form tablet class pain relief / antipyretic indication pain relief; headache; fever; body pain; toothache color white shape round nausea; allergic reactions (rare); liver damage with overdose severe hepatic impairment; hypersensitivity to paracetamol بيوجيسك باراسيتامول قرص مسكن للألم / خافض للحرارة تسكين الألم؛ صداع؛ حمى؛ آلام الجسم؛ ألم الأسنان أبيض دائري غثيان؛ تفاعلات تحسسية (نادرة)؛ تلف الكبد مع الجرعة الزائدة قصور كبدي شديد؛ فرط الحساسية للباراسيتامول,biogesic generic paracetamol form tablet class pain relief / antipyretic indication pain relief; headache; fever; body pain; toothache color white shape round nausea; allergic reactions (rare); liver damage with overdose severe hepatic impairment; hypersensitivity to paracetamol بيوجيسك باراسيتامول قرص مسكن للألم / خافض للحرارة تسكين الألم؛ صداع؛ حمى؛ آلام الجسم؛ ألم الأسنان أبيض دائري غثيان؛ تفاعلات تحسسية (نادرة)؛ تلف الكبد مع الجرعة الزائدة قصور كبدي شديد؛ فرط الحساسية للباراسيتامول,بيوجيسك,باراسيتامول,مسكن للألم / خافض للحرارة,قرص,أبيض,دائري,تسكين الألم؛ صداع؛ حمى؛ آلام الجسم؛ ألم الأسنان,OTC,Nausea; Allergic reactions (rare); Liver damage with overdose,غثيان؛ تفاعلات تحسسية (نادرة)؛ تلف الكبد مع الجرعة الزائدة,Severe hepatic impairment; Hypersensitivity to paracetamol,قصور كبدي شديد؛ فرط الحساسية للباراسيتامول
DayZinc,Zinc Sulfate,Vitamin / Mineral Supplement,Capsule,orange,capsule,Zinc deficiency; Immune support; Wound healing,Pascual Laboratories,20,dayzinc generic zinc sulfate form capsule class vitamin / mineral supplement indication zinc deficiency; immune support; wound healing color orange shape capsule nausea; metallic taste; stomach upset hypersensitivity to zinc sulfate داي زنك كبريتات الزنك كبسولة فيتامينات / مكملات معدنية نقص الزنك؛ دعم المناعة؛ التئام الجروح برتقالي كبسولة غثيان؛ طعم معدني؛ اضطراب المعدة فرط الحساسية لكبريتات الزنك,dayzinc generic zinc sulfate form capsule class vitamin / mineral supplement indication zinc deficiency; immune support; wound healing color orange shape capsule nausea; metallic taste; stomach upset hypersensitivity to zinc sulfate داي زنك كبريتات الزنك كبسولة فيتامينات / مكملات معدنية نقص الزنك؛ دعم المناعة؛ التئام الجروح برتقالي كبسولة غثيان؛ طعم معدني؛ اضطراب المعدة فرط الحساسية لكبريتات الزنك,داي زنك,كبريتات الزنك,فيتامينات / مكملات معدنية,كبسولة,برتقالي,كبسولة,نقص الزنك؛ دعم المناعة؛ التئام الجروح,OTC,Nausea; Metallic taste; Stomach upset,غثيان؛ طعم معدني؛ اضطراب المعدة,Hypersensitivity to zinc sulfate,فرط الحساسية لكبريتات الزنك
Decolgen,Phenylpropanolamine + Chlorphenamine,Cold / Decongestant / Antihistamine,Tablet,white,round,Nasal congestion; Common cold; Runny nose; Sneezing; Allergic rhinitis,United American Pharmaceuticals,25/2,decolgen generic phenylpropanolamine + chlorphenamine form tablet class cold / decongestant / antihistamine indication nasal congestion; common cold; runny nose; sneezing; allergic rhinitis color white shape round drowsiness; dry mouth; nervousness; insomnia severe hypertension; coronary artery disease; mao inhibitor use ديكولجن فينيل بروبانولامين + كلورفينامين قرص مزيل الاحتقان / مضاد هيستامين احتقان الأنف؛ نزلة البرد؛ سيلان الأنف؛ العطس؛ التهاب الأنف التحسسي أبيض دائري نعاس؛ جفاف الفم؛ عصبية؛ أرق ارتفاع ضغط الدم الشديد؛ مرض الشريان التاجي؛ استخدام مثبطات أوكسيداز أحادي الأمين,decolgen generic phenylpropanolamine + chlorphenamine form tablet class cold / decongestant / antihistamine indication nasal congestion; common cold; runny nose; sneezing; allergic rhinitis color white shape round drowsiness; dry mouth; nervousness; insomnia severe hypertension; coronary artery disease; mao inhibitor use ديكولجن فينيل بروبانولامين + كلورفينامين قرص مزيل الاحتقان / مضاد هيستامين احتقان الأنف؛ نزلة البرد؛ سيلان الأنف؛ العطس؛ التهاب الأنف التحسسي أبيض دائري نعاس؛ جفاف الفم؛ عصبية؛ أرق ارتفاع ضغط الدم الشديد؛ مرض الشريان التاجي؛ استخدام مثبطات أوكسيداز أحادي الأمين,ديكولجن,فينيل بروبانولامين + كلورفينامين,مزيل الاحتقان / مضاد هيستامين,قرص,أبيض,دائري,احتقان الأنف؛ نزلة البرد؛ سيلان الأنف؛ العطس؛ التهاب الأنف التحسسي,OTC,Drowsiness; Dry mouth; Nervousness; Insomnia,نعاس؛ جفاف الفم؛ عصبية؛ أرق,Severe hypertension; Coronary artery disease; MAO inhibitor use,ارتفاع ضغط الدم الشديد؛ مرض الشريان التاجي؛ استخدام مثبطات أوكسيداز أحادي الأمين
Fish Oil,Omega-3 Fatty Acids (EPA + DHA),Nutritional / Omega-3 Supplement,Softgel Capsule,yellow gold,oval,Cardiovascular health; Triglyceride reduction; Brain function; Joint health,Pascual Laboratories,1000,fish oil generic omega-3 fatty acids (epa + dha) form softgel capsule class nutritional / omega-3 supplement indication cardiovascular health; triglyceride reduction; brain function; joint health color yellow gold shape oval fishy aftertaste; nausea; diarrhea; belching allergy to fish; bleeding disorders (use with caution) زيت السمك أحماض أوميغا 3 الدهنية (إي بي إيه + دي إتش إيه) كبسولة جيلاتينية لينة مكملات غذائية / أوميغا 3 صحة القلب والأوعية الدموية؛ تقليل الدهون الثلاثية؛ وظائف الدماغ؛ صحة المفاصل أصفر ذهبي بيضوي طعم سمكي؛ غثيان؛ إسهال؛ تجشؤ حساسية الأسماك؛ اضطرابات النزيف (استخدم بحذر),fish oil generic omega-3 fatty acids (epa + dha) form softgel capsule class nutritional / omega-3 supplement indication cardiovascular health; triglyceride reduction; brain function; joint health color yellow gold shape oval fishy aftertaste; nausea; diarrhea; belching allergy to fish; bleeding disorders (use with caution) زيت السمك أحماض أوميغا 3 الدهنية (إي بي إيه + دي إتش إيه) كبسولة جيلاتينية لينة مكملات غذائية / أوميغا 3 صحة القلب والأوعية الدموية؛ تقليل الدهون الثلاثية؛ وظائف الدماغ؛ صحة المفاصل أصفر ذهبي بيضوي طعم سمكي؛ غثيان؛ إسهال؛ تجشؤ حساسية الأسماك؛ اضطرابات النزيف (استخدم بحذر),زيت السمك,أحماض أوميغا 3 الدهنية (إي بي إيه + دي إتش إيه),مكملات غذائية / أوميغا 3,كبسولة جيلاتينية لينة,أصفر ذهبي,بيضوي,صحة القلب والأوعية الدموية؛ تقليل الدهون الثلاثية؛ وظائف الدماغ؛ صحة المفاصل,OTC,Fishy aftertaste; Nausea; Diarrhea; Belching,طعم سمكي؛ غثيان؛ إسهال؛ تجشؤ,Allergy to fish; Bleeding disorders (use with caution),حساسية الأسماك؛ اضطرابات النزيف (استخدم بحذر)
Kremil S,Aluminum Hydroxide + Magnesium Hydroxide + Simethicone,Antacid / Gastrointestinal,Chewable Tablet,white green,round,Heartburn; Acid indigestion; Stomach ulcer; Gas; Bloating; Hyperacidity,Pascual Laboratories,225/200/25,kremil s generic aluminum hydroxide + magnesium hydroxide + simethicone form chewable tablet class antacid / gastrointestinal indication heartburn; acid indigestion; stomach ulcer; gas; bloating; hyperacidity color white green shape round constipation; diarrhea (rare); nausea severe renal impairment; hypophosphatemia كريمل إس هيدروكسيد الألومنيوم + هيدروكسيد المغنيسيوم + سايميثيكون قرص قابل للمضغ مضاد الحموضة / الجهاز الهضمي حرقة المعدة؛ عسر الهضم الحمضي؛ قرحة المعدة؛ غازات؛ انتفاخ؛ فرط الحموضة أبيض وأخضر دائري إمساك؛ إسهال (نادر)؛ غثيان قصور كلوي شديد؛ نقص فوسفات الدم,kremil s generic aluminum hydroxide + magnesium hydroxide + simethicone form chewable tablet class antacid / gastrointestinal indication heartburn; acid indigestion; stomach ulcer; gas; bloating; hyperacidity color white green shape round constipation; diarrhea (rare); nausea severe renal impairment; hypophosphatemia كريمل إس هيدروكسيد الألومنيوم + هيدروكسيد المغنيسيوم + سايميثيكون قرص قابل للمضغ مضاد الحموضة / الجهاز الهضمي حرقة المعدة؛ عسر الهضم الحمضي؛ قرحة المعدة؛ غازات؛ انتفاخ؛ فرط الحموضة أبيض وأخضر دائري إمساك؛ إسهال (نادر)؛ غثيان قصور كلوي شديد؛ نقص فوسفات الدم,كريمل إس,هيدروكسيد الألومنيوم + هيدروكسيد المغنيسيوم + سايميثيكون,مضاد الحموضة / الجهاز الهضمي,قرص قابل للمضغ,أبيض وأخضر,دائري,حرقة المعدة؛ عسر الهضم الحمضي؛ قرحة المعدة؛ غازات؛ انتفاخ؛ فرط الحموضة,OTC,Constipation; Diarrhea (rare); Nausea,إمساك؛ إسهال (نادر)؛ غثيان,Severe renal impairment; Hypophosphatemia,قصور كلوي شديد؛ نقص فوسفات الدم
Medicol,Ibuprofen,Pain Relief / NSAID / Antipyretic,Capsule,red white,capsule,Pain relief; Headache; Muscle pain; Menstrual pain; Toothache; Fever,Pascual Laboratories,200,medicol generic ibuprofen form capsule class pain relief / nsaid / antipyretic indication pain relief; headache; muscle pain; menstrual pain; toothache; fever color red white shape capsule stomach upset; nausea; dizziness; heartburn peptic ulcer; aspirin allergy; severe renal impairment; last trimester of pregnancy ميديكول إيبوبروفين كبسولة مسكن ألم / مضاد التهاب غير ستيرويدي / خافض للحرارة تسكين الألم؛ صداع؛ آلام العضلات؛ آلام الدورة الشهرية؛ ألم الأسنان؛ حمى أحمر وأبيض كبسولة اضطراب المعدة؛ غثيان؛ دوخة؛ حرقة قرحة هضمية؛ حساسية الأسبرين؛ قصور كلوي شديد؛ الثلث الأخير من الحمل,medicol generic ibuprofen form capsule class pain relief / nsaid / antipyretic indication pain relief; headache; muscle pain; menstrual pain; toothache; fever color red white shape capsule stomach upset; nausea; dizziness; heartburn peptic ulcer; aspirin allergy; severe renal impairment; last trimester of pregnancy ميديكول إيبوبروفين كبسولة مسكن ألم / مضاد التهاب غير ستيرويدي / خافض للحرارة تسكين الألم؛ صداع؛ آلام العضلات؛ آلام الدورة الشهرية؛ ألم الأسنان؛ حمى أحمر وأبيض كبسولة اضطراب المعدة؛ غثيان؛ دوخة؛ حرقة قرحة هضمية؛ حساسية الأسبرين؛ قصور كلوي شديد؛ الثلث الأخير من الحمل,ميديكول,إيبوبروفين,مسكن ألم / مضاد التهاب غير ستيرويدي / خافض للحرارة,كبسولة,أحمر وأبيض,كبسولة,تسكين الألم؛ صداع؛ آلام العضلات؛ آلام الدورة الشهرية؛ ألم الأسنان؛ حمى,OTC,Stomach upset; Nausea; Dizziness; Heartburn,اضطراب المعدة؛ غثيان؛ دوخة؛ حرقة,Peptic ulcer; Aspirin allergy; Severe renal impairment; Last trimester of pregnancy,قرحة هضمية؛ حساسية الأسبرين؛ قصور كلوي شديد؛ الثلث الأخير من الحمل
Neozep,Phenylephrine + Chlorphenamine + Paracetamol,Cold and Flu Remedy,Tablet,white,round,Common cold; Flu; Fever; Nasal congestion; Runny nose; Body pain,United American Pharmaceuticals,10/2/325,neozep generic phenylephrine + chlorphenamine + paracetamol form tablet class cold and flu remedy indication common cold; flu; fever; nasal congestion; runny nose; body pain color white shape round drowsiness; dry mouth; nervousness; dizziness severe hypertension; mao inhibitor use; severe liver disease نيوزيب فينيلإفرين + كلورفينامين + باراسيتامول قرص علاج البرد والإنفلونزا نزلة البرد؛ الإنفلونزا؛ حمى؛ احتقان الأنف؛ سيلان الأنف؛ آلام الجسم أبيض دائري نعاس؛ جفاف الفم؛ عصبية؛ دوخة ارتفاع ضغط الدم الشديد؛ استخدام مثبطات أوكسيداز أحادي الأمين؛ أمراض الكبد الشديدة,neozep generic phenylephrine + chlorphenamine + paracetamol form tablet class cold and flu remedy indication common cold; flu; fever; nasal congestion; runny nose; body pain color white shape round drowsiness; dry mouth; nervousness; dizziness severe hypertension; mao inhibitor use; severe liver disease نيوزيب فينيلإفرين + كلورفينامين + باراسيتامول قرص علاج البرد والإنفلونزا نزلة البرد؛ الإنفلونزا؛ حمى؛ احتقان الأنف؛ سيلان الأنف؛ آلام الجسم أبيض دائري نعاس؛ جفاف الفم؛ عصبية؛ دوخة ارتفاع ضغط الدم الشديد؛ استخدام مثبطات أوكسيداز أحادي الأمين؛ أمراض الكبد الشديدة,نيوزيب,فينيلإفرين + كلورفينامين + باراسيتامول,علاج البرد والإنفلونزا,قرص,أبيض,دائري,نزلة البرد؛ الإنفلونزا؛ حمى؛ احتقان الأنف؛ سيلان الأنف؛ آلام الجسم,OTC,Drowsiness; Dry mouth; Nervousness; Dizziness,نعاس؛ جفاف الفم؛ عصبية؛ دوخة,Severe hypertension; MAO inhibitor use; Severe liver disease,ارتفاع ضغط الدم الشديد؛ استخدام مثبطات أوكسيداز أحادي الأمين؛ أمراض الكبد الشديدة
