drug_id,drug_name_en,drug_name_ar,generic_name_en,generic_name_ar,salt_composition,dosage_form_en,dosage_form_ar,strength,indications_en,indications_ar,manufacturer_en,manufacturer_ar,side_effects_en,side_effects_ar,contraindications_en,contraindications_ar,drug_class_en,drug_class_ar,rx_otc_status_en,rx_otc_status_ar,image_url,color_en,color_ar,shape_en,shape_ar,imprint_code,source_dataset
KSA_001,Norvasc,نورفاسك,Amlodipine,أملوديبين,Amlodipine Besylate 5 mg,Tablet,قرص,5 mg,Hypertension; Angina pectoris,ارتفاع ضغط الدم؛ الذبحة الصدرية,Pfizer,فايزر,Peripheral edema; Dizziness; Flushing; Fatigue,وذمة طرفية؛ دوخة؛ احمرار الوجه؛ إرهاق,Severe aortic stenosis; Hypotension; Cardiogenic shock,تضيق الأبهر الشديد؛ انخفاض ضغط الدم؛ صدمة قلبية,Calcium Channel Blocker,حاصر قنوات الكالسيوم,Prescription,بوصفة طبية,medication_images/Norvasc.jpg,White,أبيض,Round,دائري,NORVASC 5,capsule_merged_dataset
KSA_002,Norvasc,نورفاسك,Amlodipine,أملوديبين,Amlodipine Besylate 10 mg,Tablet,قرص,10 mg,Hypertension; Angina pectoris,ارتفاع ضغط الدم؛ الذبحة الصدرية,Pfizer,فايزر,Peripheral edema; Dizziness; Flushing; Headache,وذمة طرفية؛ دوخة؛ احمرار الوجه؛ صداع,Severe aortic stenosis; Hypotension,تضيق الأبهر الشديد؛ انخفاض ضغط الدم,Calcium Channel Blocker,حاصر قنوات الكالسيوم,Prescription,بوصفة طبية,medication_images/Norvasc.jpg,White,أبيض,Round,دائري,NORVASC 10,capsule_merged_dataset
KSA_003,Concor,كونكور,Bisoprolol,بيسوبرولول,Bisoprolol Fumarate 5 mg,Tablet,قرص,5 mg,Hypertension; Heart failure; Angina,ارتفاع ضغط الدم؛ فشل القلب؛ الذبحة الصدرية,Merck,ميرك,Bradycardia; Fatigue; Dizziness; Cold extremities,بطء القلب؛ إرهاق؛ دوخة؛ برودة الأطراف,Severe bradycardia; Acute heart failure; Asthma,بطء القلب الشديد؛ فشل قلبي حاد؛ الربو,Beta Blocker,حاصر بيتا,Prescription,بوصفة طبية,medication_images/Concor.jpg,Yellow,أصفر,Heart-shaped,على شكل قلب,COR 5,capsule_merged_dataset
KSA_004,Concor,كونكور,Bisoprolol,بيسوبرولول,Bisoprolol Fumarate 10 mg,Tablet,قرص,10 mg,Hypertension; Heart failure,ارتفاع ضغط الدم؛ فشل القلب,Merck,ميرك,Bradycardia; Fatigue; Dizziness,بطء القلب؛ إرهاق؛ دوخة,Severe bradycardia; AV block; Asthma,بطء القلب الشديد؛ إحصار أذيني بطيني؛ الربو,Beta Blocker,حاصر بيتا,Prescription,بوصفة طبية,medication_images/Concor.jpg,Orange,برتقالي,Heart-shaped,على شكل قلب,COR 10,capsule_merged_dataset
KSA_005,Zestril,زيستريل,Lisinopril,ليسينوبريل,Lisinopril 10 mg,Tablet,قرص,10 mg,Hypertension; Heart failure; Post-MI,ارتفاع ضغط الدم؛ فشل القلب؛ ما بعد الجلطة القلبية,AstraZeneca,أسترازينيكا,Cough; Dizziness; Headache; Hyperkalemia,سعال؛ دوخة؛ صداع؛ فرط بوتاسيوم الدم,Angioedema history; Bilateral renal artery stenosis; Pregnancy,تاريخ وذمة وعائية؛ تضيق الشريان الكلوي الثنائي؛ الحمل,ACE Inhibitor,مثبط الإنزيم المحول للأنجيوتنسين,Prescription,بوصفة طبية,medication_images/Zestril.jpg,Pink,وردي,Round,دائري,ZES 10,capsule_merged_dataset
KSA_006,Zestril,زيستريل,Lisinopril,ليسينوبريل,Lisinopril 20 mg,Tablet,قرص,20 mg,Hypertension; Heart failure,ارتفاع ضغط الدم؛ فشل القلب,AstraZeneca,أسترازينيكا,Cough; Dizziness; Hypotension; Renal impairment,سعال؛ دوخة؛ انخفاض ضغط الدم؛ قصور كلوي,Angioedema history; Pregnancy; Hyperkalemia,تاريخ وذمة وعائية؛ الحمل؛ فرط بوتاسيوم الدم,ACE Inhibitor,مثبط الإنزيم المحول للأنجيوتنسين,Prescription,بوصفة طبية,medication_images/Zestril.jpg,Red,أحمر,Round,دائري,ZES 20,capsule_merged_dataset
KSA_007,Diovan,ديوفان,Valsartan,فالسارتان,Valsartan 80 mg,Capsule,كبسولة,80 mg,Hypertension; Heart failure; Post-MI,ارتفاع ضغط الدم؛ فشل القلب؛ ما بعد الجلطة القلبية,Novartis,نوفارتس,Dizziness; Headache; Hyperkalemia; Fatigue,دوخة؛ صداع؛ فرط بوتاسيوم الدم؛ إرهاق,Pregnancy; Severe hepatic impairment; Bilateral renal artery stenosis,الحمل؛ قصور كبدي شديد؛ تضيق الشريان الكلوي الثنائي,ARB (Angiotensin II Receptor Blocker),حاصر مستقبلات الأنجيوتنسين,Prescription,بوصفة طبية,medication_images/Diovan.jpg,Light Grey,رمادي فاتح,Capsule,كبسولة,DV 80,capsule_merged_dataset
KSA_008,Diovan,ديوفان,Valsartan,فالسارتان,Valsartan 160 mg,Tablet,قرص,160 mg,Hypertension; Heart failure,ارتفاع ضغط الدم؛ فشل القلب,Novartis,نوفارتس,Dizziness; Hypotension; Renal impairment,دوخة؛ انخفاض ضغط الدم؛ قصور كلوي,Pregnancy; Severe hepatic impairment,الحمل؛ قصور كبدي شديد,ARB (Angiotensin II Receptor Blocker),حاصر مستقبلات الأنجيوتنسين,Prescription,بوصفة طبية,medication_images/Diovan.jpg,Dark Grey,رمادي غامق,Oval,بيضاوي,DV 160,capsule_merged_dataset
KSA_009,Cozaar,كوزار,Losartan,لوسارتان,Losartan Potassium 50 mg,Tablet,قرص,50 mg,Hypertension; Diabetic nephropathy; Stroke prevention,ارتفاع ضغط الدم؛ اعتلال الكلى السكري؛ الوقاية من السكتة الدماغية,MSD,إم إس دي,Dizziness; Hyperkalemia; Fatigue; Back pain,دوخة؛ فرط بوتاسيوم الدم؛ إرهاق؛ ألم الظهر,Pregnancy; Severe hepatic impairment,الحمل؛ قصور كبدي شديد,ARB (Angiotensin II Receptor Blocker),حاصر مستقبلات الأنجيوتنسين,Prescription,بوصفة طبية,medication_images/Cozaar.jpg,Green,أخضر,Oval,بيضاوي,CZR 50,capsule_merged_dataset
KSA_010,Cozaar,كوزار,Losartan,لوسارتان,Losartan Potassium 100 mg,Tablet,قرص,100 mg,Hypertension; Diabetic nephropathy,ارتفاع ضغط الدم؛ اعتلال الكلى السكري,MSD,إم إس دي,Dizziness; Upper respiratory infection; Hyperkalemia,دوخة؛ عدوى الجهاز التنفسي العلوي؛ فرط بوتاسيوم الدم,Pregnancy; Bilateral renal artery stenosis,الحمل؛ تضيق الشريان الكلوي الثنائي,ARB (Angiotensin II Receptor Blocker),حاصر مستقبلات الأنجيوتنسين,Prescription,بوصفة طبية,medication_images/Cozaar.jpg,Dark Green,أخضر غامق,Oval,بيضاوي,CZR 100,capsule_merged_dataset
KSA_011,Micardis,ميكارديس,Telmisartan,تلميسارتان,Telmisartan 80 mg,Tablet,قرص,80 mg,Hypertension; Cardiovascular risk reduction,ارتفاع ضغط الدم؛ تقليل خطر الأمراض القلبية,Boehringer Ingelheim,بوهرنجر إنجلهايم,Dizziness; Back pain; Diarrhea; Sinusitis,دوخة؛ ألم الظهر؛ إسهال؛ التهاب الجيوب الأنفية,Pregnancy; Biliary obstruction; Severe hepatic impairment,الحمل؛ انسداد القنوات الصفراوية؛ قصور كبدي شديد,ARB (Angiotensin II Receptor Blocker),حاصر مستقبلات الأنجيوتنسين,Prescription,بوصفة طبية,medication_images/Micardis.jpg,White,أبيض,Oblong,مستطيل,M80,capsule_merged_dataset
KSA_012,Lasix,لازكس,Furosemide,فوروسيميد,Furosemide 40 mg,Tablet,قرص,40 mg,Edema; Heart failure; Hypertension; Renal failure,الوذمة؛ فشل القلب؛ ارتفاع ضغط الدم؛ فشل كلوي,Sanofi,سانوفي,Hypokalemia; Dehydration; Hypotension; Dizziness,نقص البوتاسيوم؛ جفاف؛ انخفاض ضغط الدم؛ دوخة,Anuria; Severe hyponatremia; Hepatic coma,انقطاع البول؛ نقص الصوديوم الشديد؛ غيبوبة كبدية,Loop Diuretic,مدر عروي,Prescription,بوصفة طبية,medication_images/Lasix.jpg,White,أبيض,Round,دائري,LAS 40,capsule_merged_dataset
KSA_013,Aldactone,ألداكتون,Spironolactone,سبيرونولاكتون,Spironolactone 25 mg,Tablet,قرص,25 mg,Heart failure; Hypertension; Edema; Hyperaldosteronism,فشل القلب؛ ارتفاع ضغط الدم؛ الوذمة؛ فرط الألدوستيرونية,Pfizer,فايزر,Hyperkalemia; Gynecomastia; Dizziness; GI upset,فرط بوتاسيوم الدم؛ تثدي الرجل؛ دوخة؛ اضطراب الجهاز الهضمي,Hyperkalemia; Addison disease; Anuria; Pregnancy,فرط بوتاسيوم الدم؛ مرض أديسون؛ انقطاع البول؛ الحمل,Potassium-Sparing Diuretic,مدر للبول حافظ للبوتاسيوم,Prescription,بوصفة طبية,medication_images/Aldactone.jpg,White,أبيض,Round,دائري,ALD 25,capsule_merged_dataset
KSA_014,Hydrochlorothiazide,هيدروكلوروثيازيد,Hydrochlorothiazide,هيدروكلوروثيازيد,Hydrochlorothiazide 25 mg,Tablet,قرص,25 mg,Hypertension; Edema,ارتفاع ضغط الدم؛ الوذمة,Various,شركات متعددة,Hypokalemia; Hyperuricemia; Dizziness; Photosensitivity,نقص البوتاسيوم؛ فرط حمض اليوريك؛ دوخة؛ حساسية للضوء,Anuria; Sulfonamide allergy; Severe renal impairment,انقطاع البول؛ حساسية السلفوناميد؛ قصور كلوي شديد,Thiazide Diuretic,مدر ثيازيدي,Prescription,بوصفة طبية,medication_images/Hydrochlorothiazide.jpg,White,أبيض,Round,دائري,HCTZ 25,capsule_merged_dataset
KSA_015,Lipitor,ليبيتور,Atorvastatin,أتورفاستاتين,Atorvastatin Calcium 20 mg,Tablet,قرص,20 mg,Hyperlipidemia; Cardiovascular risk reduction,فرط الدهون؛ تقليل خطر الأمراض القلبية,Pfizer,فايزر,Myalgia; Elevated liver enzymes; GI upset; Headache,ألم عضلي؛ ارتفاع إنزيمات الكبد؛ اضطراب هضمي؛ صداع,Active liver disease; Pregnancy; Breastfeeding,مرض كبدي نشط؛ الحمل؛ الرضاعة,Statin (HMG-CoA Reductase Inhibitor),ستاتين (مثبط إنزيم HMG-CoA),Prescription,بوصفة طبية,medication_images/Lipitor.jpg,White,أبيض,Oval,بيضاوي,PD 156 20,capsule_merged_dataset
KSA_016,Lipitor,ليبيتور,Atorvastatin,أتورفاستاتين,Atorvastatin Calcium 40 mg,Tablet,قرص,40 mg,Hyperlipidemia; Cardiovascular risk reduction,فرط الدهون؛ تقليل خطر الأمراض القلبية,Pfizer,فايزر,Myalgia; Rhabdomyolysis (rare); Liver dysfunction,ألم عضلي؛ انحلال الربيدات (نادر)؛ خلل كبدي,Active liver disease; Pregnancy,مرض كبدي نشط؛ الحمل,Statin (HMG-CoA Reductase Inhibitor),ستاتين (مثبط إنزيم HMG-CoA),Prescription,بوصفة طبية,medication_images/Lipitor.jpg,Green,أخضر,Oval,بيضاوي,PD 157 40,capsule_merged_dataset
KSA_017,Crestor,كريستور,Rosuvastatin,روسوفاستاتين,Rosuvastatin Calcium 10 mg,Tablet,قرص,10 mg,Hyperlipidemia; Atherosclerosis,فرط الدهون؛ تصلب الشرايين,AstraZeneca,أسترازينيكا,Myalgia; Headache; Abdominal pain; Nausea,ألم عضلي؛ صداع؛ ألم البطن؛ غثيان,Active liver disease; Pregnancy; Severe renal impairment,مرض كبدي نشط؛ الحمل؛ قصور كلوي شديد,Statin (HMG-CoA Reductase Inhibitor),ستاتين (مثبط إنزيم HMG-CoA),Prescription,بوصفة طبية,medication_images/Crestor.jpg,Pink,وردي,Round,دائري,CRE 10,capsule_merged_dataset
KSA_018,Crestor,كريستور,Rosuvastatin,روسوفاستاتين,Rosuvastatin Calcium 20 mg,Tablet,قرص,20 mg,Hyperlipidemia; Cardiovascular risk reduction,فرط الدهون؛ تقليل خطر الأمراض القلبية,AstraZeneca,أسترازينيكا,Myalgia; Proteinuria; Liver enzyme elevation,ألم عضلي؛ بيلة بروتينية؛ ارتفاع إنزيمات الكبد,Active liver disease; Pregnancy,مرض كبدي نشط؛ الحمل,Statin (HMG-CoA Reductase Inhibitor),ستاتين (مثبط إنزيم HMG-CoA),Prescription,بوصفة طبية,medication_images/Crestor.jpg,Pink,وردي,Round,دائري,CRE 20,capsule_merged_dataset
KSA_019,Zocor,زوكور,Simvastatin,سيمفاستاتين,Simvastatin 20 mg,Tablet,قرص,20 mg,Hyperlipidemia; Coronary heart disease,فرط الدهون؛ مرض القلب التاجي,MSD,إم إس دي,Myalgia; GI disturbance; Headache; Rash,ألم عضلي؛ اضطراب هضمي؛ صداع؛ طفح جلدي,Active liver disease; Pregnancy; Concurrent strong CYP3A4 inhibitors,مرض كبدي نشط؛ الحمل؛ الاستخدام المتزامن لمثبطات CYP3A4 القوية,Statin (HMG-CoA Reductase Inhibitor),ستاتين (مثبط إنزيم HMG-CoA),Prescription,بوصفة طبية,medication_images/Zocor.jpg,Tan,بني فاتح,Oval,بيضاوي,MSD 740,capsule_merged_dataset
KSA_020,Plavix,بلافيكس,Clopidogrel,كلوبيدوغريل,Clopidogrel Bisulfate 75 mg,Tablet,قرص,75 mg,Acute coronary syndrome; Stroke prevention; Peripheral artery disease,متلازمة الشريان التاجي الحادة؛ الوقاية من السكتة الدماغية؛ مرض الشرايين الطرفية,Sanofi,سانوفي,Bleeding; Bruising; Diarrhea; Rash,نزيف؛ كدمات؛ إسهال؛ طفح جلدي,Active bleeding; Severe hepatic impairment,نزيف نشط؛ قصور كبدي شديد,Antiplatelet Agent,مضاد للصفيحات,Prescription,بوصفة طبية,medication_images/Plavix.jpg,Pink,وردي,Round,دائري,75 1171,capsule_merged_dataset
KSA_021,Aspirin Protect,أسبرين بروتكت,Aspirin,أسبرين,Acetylsalicylic Acid 100 mg,Enteric-coated Tablet,قرص مغلف معوياً,100 mg,Secondary prevention of cardiovascular events; Antiplatelet therapy,الوقاية الثانوية من أحداث القلب والأوعية؛ العلاج المضاد للصفيحات,Bayer,باير,GI bleeding; Peptic ulcer; Bruising; Tinnitus,نزيف معدي معوي؛ قرحة هضمية؛ كدمات؛ طنين الأذن,Active GI bleeding; Aspirin allergy; Hemophilia; Last trimester of pregnancy,نزيف معدي نشط؛ حساسية الأسبرين؛ الهيموفيليا؛ الثلث الأخير من الحمل,Antiplatelet / NSAID,مضاد للصفيحات / مسكن غير ستيرويدي,OTC,بدون وصفة,medication_images/Aspirin_Protect.jpg,White,أبيض,Round,دائري,BAYER,capsule_merged_dataset
KSA_022,Coumadin,كومادين,Warfarin,وارفارين,Warfarin Sodium 5 mg,Tablet,قرص,5 mg,Deep vein thrombosis; Pulmonary embolism; Atrial fibrillation; Prosthetic heart valves,تخثر الأوردة العميقة؛ الانصمام الرئوي؛ الرجفان الأذيني؛ صمامات القلب الاصطناعية,Bristol-Myers Squibb,بريستول مايرز سكويب,Bleeding; Bruising; Hematuria; Skin necrosis (rare),نزيف؛ كدمات؛ بيلة دموية؛ نخر الجلد (نادر),Pregnancy; Active bleeding; Severe hepatic disease; Uncontrolled hypertension,الحمل؛ نزيف نشط؛ مرض كبدي شديد؛ ارتفاع ضغط الدم غير المسيطر عليه,Anticoagulant (Vitamin K Antagonist),مضاد تخثر (مضاد فيتامين ك),Prescription,بوصفة طبية,medication_images/Coumadin.jpg,Peach,خوخي,Round,دائري,COUMADIN 5,capsule_merged_dataset
KSA_023,Isordil,إيزورديل,Isosorbide Dinitrate,إيزوسوربيد ثنائي النترات,Isosorbide Dinitrate 10 mg,Tablet,قرص,10 mg,Angina pectoris; Heart failure,الذبحة الصدرية؛ فشل القلب,Various,شركات متعددة,Headache; Dizziness; Hypotension; Flushing,صداع؛ دوخة؛ انخفاض ضغط الدم؛ احمرار الوجه,Concurrent PDE-5 inhibitors; Severe anemia; Increased intracranial pressure,الاستخدام المتزامن لمثبطات PDE-5؛ فقر الدم الشديد؛ ارتفاع الضغط داخل الجمجمة,Nitrate,نترات,Prescription,بوصفة طبية,medication_images/Isordil.jpg,White,أبيض,Round,دائري,ISDN 10,capsule_merged_dataset
KSA_024,Digoxin,ديجوكسين,Digoxin,ديجوكسين,Digoxin 0.25 mg,Tablet,قرص,0.25 mg,Heart failure; Atrial fibrillation,فشل القلب؛ الرجفان الأذيني,Aspen,أسبن,Nausea; Arrhythmias; Visual disturbances; Fatigue,غثيان؛ اضطرابات نظم القلب؛ اضطرابات بصرية؛ إرهاق,Hypokalemia; Ventricular fibrillation; Hypertrophic cardiomyopathy,نقص البوتاسيوم؛ الرجفان البطيني؛ اعتلال عضلة القلب الضخامي,Cardiac Glycoside,غليكوسيد قلبي,Prescription,بوصفة طبية,medication_images/Digoxin.jpg,White,أبيض,Round,دائري,Y3B,capsule_merged_dataset
KSA_025,Adalat,أدالات,Nifedipine,نيفيديبين,Nifedipine 30 mg,Extended-release Tablet,قرص ممتد المفعول,30 mg,Hypertension; Angina pectoris,ارتفاع ضغط الدم؛ الذبحة الصدرية,Bayer,باير,Peripheral edema; Headache; Flushing; Dizziness,وذمة طرفية؛ صداع؛ احمرار الوجه؛ دوخة,Cardiogenic shock; Advanced aortic stenosis; Acute MI,صدمة قلبية؛ تضيق أبهري متقدم؛ جلطة قلبية حادة,Calcium Channel Blocker,حاصر قنوات الكالسيوم,Prescription,بوصفة طبية,medication_images/Adalat.jpg,Pink,وردي,Round,دائري,ADALAT 30,capsule_merged_dataset
KSA_026,Tritace,ترايتيس,Ramipril,راميبريل,Ramipril 5 mg,Capsule,كبسولة,5 mg,Hypertension; Heart failure; Post-MI; Diabetic nephropathy,ارتفاع ضغط الدم؛ فشل القلب؛ ما بعد الجلطة القلبية؛ اعتلال الكلى السكري,Sanofi,سانوفي,Cough; Dizziness; Hyperkalemia; Hypotension,سعال؛ دوخة؛ فرط بوتاسيوم الدم؛ انخفاض ضغط الدم,Angioedema history; Pregnancy; Bilateral renal artery stenosis,تاريخ وذمة وعائية؛ الحمل؛ تضيق الشريان الكلوي الثنائي,ACE Inhibitor,مثبط الإنزيم المحول للأنجيوتنسين,Prescription,بوصفة طبية,Not Available,Yellow,أصفر,Capsule,كبسولة,HMR 5,capsule_merged_dataset
KSA_027,Capoten,كابوتن,Captopril,كابتوبريل,Captopril 25 mg,Tablet,قرص,25 mg,Hypertension; Heart failure; Diabetic nephropathy,ارتفاع ضغط الدم؛ فشل القلب؛ اعتلال الكلى السكري,Bristol-Myers Squibb,بريستول مايرز سكويب,Cough; Rash; Taste disturbance; Hypotension,سعال؛ طفح جلدي؛ اضطراب التذوق؛ انخفاض ضغط الدم,Angioedema history; Pregnancy,تاريخ وذمة وعائية؛ الحمل,ACE Inhibitor,مثبط الإنزيم المحول للأنجيوتنسين,Prescription,بوصفة طبية,medication_images/Capoten.jpg,White,أبيض,Round biconvex,دائري محدب,SQUIBB 25,capsule_merged_dataset
KSA_028,Inderal,إنديرال,Propranolol,بروبرانولول,Propranolol HCl 40 mg,Tablet,قرص,40 mg,Hypertension; Angina; Arrhythmias; Migraine prevention; Tremor,ارتفاع ضغط الدم؛ الذبحة الصدرية؛ اضطرابات النظم؛ الوقاية من الصداع النصفي؛ الرعاش,AstraZeneca,أسترازينيكا,Bradycardia; Fatigue; Cold extremities; Bronchospasm; Insomnia,بطء القلب؛ إرهاق؛ برودة الأطراف؛ تشنج قصبي؛ أرق,Asthma; Severe bradycardia; Cardiogenic shock; Uncontrolled heart failure,الربو؛ بطء القلب الشديد؛ صدمة قلبية؛ فشل قلبي غير مسيطر عليه,Beta Blocker (Non-selective),حاصر بيتا (غير انتقائي),Prescription,بوصفة طبية,medication_images/Inderal_LA_20_Tablet_SR.jpg,Green,أخضر,Round,دائري,I 40,capsule_merged_dataset
KSA_029,Tenormin,تينورمين,Atenolol,أتينولول,Atenolol 50 mg,Tablet,قرص,50 mg,Hypertension; Angina; Arrhythmias,ارتفاع ضغط الدم؛ الذبحة الصدرية؛ اضطرابات النظم,AstraZeneca,أسترازينيكا,Bradycardia; Fatigue; Dizziness; Cold extremities,بطء القلب؛ إرهاق؛ دوخة؛ برودة الأطراف,Severe bradycardia; AV block; Cardiogenic shock; Asthma,بطء القلب الشديد؛ إحصار أذيني بطيني؛ صدمة قلبية؛ الربو,Beta Blocker (Cardioselective),حاصر بيتا (انتقائي للقلب),Prescription,بوصفة طبية,medication_images/Tenormin_25_Tablet.jpg,White,أبيض,Round,دائري,AZ 50,capsule_merged_dataset
KSA_030,Carvedilol,كارفيديلول,Carvedilol,كارفيديلول,Carvedilol 6.25 mg,Tablet,قرص,6.25 mg,Heart failure; Hypertension,فشل القلب؛ ارتفاع ضغط الدم,Various,شركات متعددة,Dizziness; Fatigue; Hypotension; Weight gain; Bradycardia,دوخة؛ إرهاق؛ انخفاض ضغط الدم؛ زيادة الوزن؛ بطء القلب,Asthma; Severe bradycardia; Decompensated heart failure; Severe hepatic impairment,الربو؛ بطء القلب الشديد؛ فشل قلبي لا معاوض؛ قصور كبدي شديد,Alpha/Beta Blocker,حاصر ألفا/بيتا,Prescription,بوصفة طبية,medication_images/Carvedilol.jpg,White,أبيض,Oval,بيضاوي,F 39,capsule_merged_dataset
KSA_031,Nitroglycerin Sublingual,نيتروغليسرين تحت اللسان,Nitroglycerin,نيتروغليسرين,Nitroglycerin 0.5 mg,Sublingual Tablet,قرص تحت اللسان,0.5 mg,Acute angina attack,نوبة الذبحة الصدرية الحادة,Various,شركات متعددة,Headache; Hypotension; Dizziness; Flushing,صداع؛ انخفاض ضغط الدم؛ دوخة؛ احمرار الوجه,Concurrent PDE-5 inhibitors; Severe anemia; Increased intracranial pressure; Constrictive pericarditis,الاستخدام المتزامن لمثبطات PDE-5؛ فقر الدم الشديد؛ ارتفاع الضغط داخل الجمجمة؛ التهاب التأمور التضيقي,Nitrate,نترات,Prescription,بوصفة طبية,Not Available,White,أبيض,Round,دائري,NTG,capsule_merged_dataset
KSA_032,Co-Diovan,كو ديوفان,Valsartan/Hydrochlorothiazide,فالسارتان/هيدروكلوروثيازيد,Valsartan 160 mg / HCTZ 12.5 mg,Tablet,قرص,160/12.5 mg,Hypertension (combination therapy),ارتفاع ضغط الدم (علاج مشترك),Novartis,نوفارتس,Dizziness; Hypokalemia; Hyperuricemia; Fatigue,دوخة؛ نقص البوتاسيوم؛ فرط حمض اليوريك؛ إرهاق,Pregnancy; Anuria; Severe hepatic/renal impairment; Sulfonamide allergy,الحمل؛ انقطاع البول؛ قصور كبدي/كلوي شديد؛ حساسية السلفوناميد,ARB + Thiazide Diuretic,حاصر مستقبلات أنجيوتنسين + مدر ثيازيدي,Prescription,بوصفة طبية,medication_images/Co-Diovan.jpg,Dark Red,أحمر غامق,Oval,بيضاوي,NVR HXH,capsule_merged_dataset
KSA_033,Exforge,إكسفورج,Amlodipine/Valsartan,أملوديبين/فالسارتان,Amlodipine 5 mg / Valsartan 160 mg,Tablet,قرص,5/160 mg,Hypertension (combination therapy),ارتفاع ضغط الدم (علاج مشترك),Novartis,نوفارتس,Peripheral edema; Dizziness; Headache; Nasopharyngitis,وذمة طرفية؛ دوخة؛ صداع؛ التهاب البلعوم الأنفي,Pregnancy; Severe aortic stenosis; Severe hepatic impairment,الحمل؛ تضيق الأبهر الشديد؛ قصور كبدي شديد,CCB + ARB,حاصر قنوات الكالسيوم + حاصر مستقبلات أنجيوتنسين,Prescription,بوصفة طبية,medication_images/Exforge.jpg,Yellow,أصفر,Oval,بيضاوي,NVR EK,capsule_merged_dataset
KSA_034,Ezetimibe,إزيتيميب,Ezetimibe,إزيتيميب,Ezetimibe 10 mg,Tablet,قرص,10 mg,Hyperlipidemia; Used with statins,فرط الدهون؛ يستخدم مع الستاتينات,MSD,إم إس دي,Diarrhea; Fatigue; Upper respiratory infection,إسهال؛ إرهاق؛ عدوى الجهاز التنفسي العلوي,Severe hepatic impairment (when combined with statin),قصور كبدي شديد (عند الاستخدام مع الستاتين),Cholesterol Absorption Inhibitor,مثبط امتصاص الكوليسترول,Prescription,بوصفة طبية,medication_images/Ezetimibe.jpg,White,أبيض,Capsule-shaped,على شكل كبسولة,414,capsule_merged_dataset
KSA_035,Methyldopa,ميثيل دوبا,Methyldopa,ميثيل دوبا,Methyldopa 250 mg,Tablet,قرص,250 mg,Hypertension (especially in pregnancy),ارتفاع ضغط الدم (خصوصاً أثناء الحمل),Various,شركات متعددة,Drowsiness; Dry mouth; Headache; Edema; Hepatitis (rare),نعاس؛ جفاف الفم؛ صداع؛ وذمة؛ التهاب الكبد (نادر),Active liver disease; Pheochromocytoma; Depression,مرض كبدي نشط؛ ورم القواتم؛ اكتئاب,Centrally Acting Antihypertensive,خافض ضغط مركزي المفعول,Prescription,بوصفة طبية,Not Available,Yellow,أصفر,Round,دائري,MD 250,capsule_merged_dataset
KSA_036,Glucophage,غلوكوفاج,Metformin,ميتفورمين,Metformin HCl 500 mg,Tablet,قرص,500 mg,Type 2 diabetes mellitus,السكري من النوع الثاني,Merck,ميرك,Nausea; Diarrhea; Abdominal pain; Lactic acidosis (rare),غثيان؛ إسهال؛ ألم البطن؛ حماض لاكتيكي (نادر),Severe renal impairment (eGFR <30); Metabolic acidosis; Diabetic ketoacidosis,قصور كلوي شديد؛ حماض استقلابي؛ حماض كيتوني سكري,Biguanide,بيغوانيد,Prescription,بوصفة طبية,medication_images/Glucophage.jpg,White,أبيض,Round,دائري,G 500,capsule_merged_dataset
KSA_037,Glucophage,غلوكوفاج,Metformin,ميتفورمين,Metformin HCl 850 mg,Tablet,قرص,850 mg,Type 2 diabetes mellitus,السكري من النوع الثاني,Merck,ميرك,Nausea; Diarrhea; Metallic taste; Vitamin B12 deficiency,غثيان؛ إسهال؛ طعم معدني؛ نقص فيتامين ب12,Severe renal impairment; Metabolic acidosis; Acute MI,قصور كلوي شديد؛ حماض استقلابي؛ جلطة قلبية حادة,Biguanide,بيغوانيد,Prescription,بوصفة طبية,medication_images/Glucophage.jpg,White,أبيض,Oblong,مستطيل,G 850,capsule_merged_dataset
KSA_038,Glucophage XR,غلوكوفاج إكس آر,Metformin,ميتفورمين,Metformin HCl 1000 mg,Extended-release Tablet,قرص ممتد المفعول,1000 mg,Type 2 diabetes mellitus,السكري من النوع الثاني,Merck,ميرك,Nausea; Diarrhea; Flatulence; Abdominal discomfort,غثيان؛ إسهال؛ انتفاخ؛ انزعاج بطني,Severe renal impairment; Metabolic acidosis,قصور كلوي شديد؛ حماض استقلابي,Biguanide,بيغوانيد,Prescription,بوصفة طبية,medication_images/Glucophage.jpg,White,أبيض,Oval,بيضاوي,G XR 1000,capsule_merged_dataset
KSA_039,Amaryl,أماريل,Glimepiride,غليميبيريد,Glimepiride 2 mg,Tablet,قرص,2 mg,Type 2 diabetes mellitus,السكري من النوع الثاني,Sanofi,سانوفي,Hypoglycemia; Weight gain; Dizziness; Nausea,هبوط السكر؛ زيادة الوزن؛ دوخة؛ غثيان,Type 1 diabetes; Diabetic ketoacidosis; Severe hepatic/renal impairment,السكري من النوع الأول؛ حماض كيتوني سكري؛ قصور كبدي/كلوي شديد,Sulfonylurea,سلفونيل يوريا,Prescription,بوصفة طبية,medication_images/Semi-Amaryl_Tablet.jpg,Green,أخضر,Oblong,مستطيل,NMK 2,capsule_merged_dataset
KSA_040,Amaryl,أماريل,Glimepiride,غليميبيريد,Glimepiride 4 mg,Tablet,قرص,4 mg,Type 2 diabetes mellitus,السكري من النوع الثاني,Sanofi,سانوفي,Hypoglycemia; Weight gain; GI disturbances,هبوط السكر؛ زيادة الوزن؛ اضطرابات هضمية,Type 1 diabetes; Diabetic ketoacidosis,السكري من النوع الأول؛ حماض كيتوني سكري,Sulfonylurea,سلفونيل يوريا,Prescription,بوصفة طبية,medication_images/Semi-Amaryl_Tablet.jpg,Blue,أزرق,Oblong,مستطيل,NMK 4,capsule_merged_dataset
KSA_041,Daonil,داونيل,Glibenclamide,غليبنكلاميد,Glibenclamide 5 mg,Tablet,قرص,5 mg,Type 2 diabetes mellitus,السكري من النوع الثاني,Sanofi,سانوفي,Hypoglycemia; Weight gain; Nausea; Skin rash,هبوط السكر؛ زيادة الوزن؛ غثيان؛ طفح جلدي,Type 1 diabetes; Diabetic ketoacidosis; Severe renal impairment; Pregnancy,السكري من النوع الأول؛ حماض كيتوني سكري؛ قصور كلوي شديد؛ الحمل,Sulfonylurea,سلفونيل يوريا,Prescription,بوصفة طبية,medication_images/Daonil.jpg,White,أبيض,Round,دائري,DAO 5,capsule_merged_dataset
KSA_042,Januvia,جانوفيا,Sitagliptin,سيتاغليبتين,Sitagliptin Phosphate 100 mg,Tablet,قرص,100 mg,Type 2 diabetes mellitus,السكري من النوع الثاني,MSD,إم إس دي,Headache; Upper respiratory infection; Nasopharyngitis; Pancreatitis (rare),صداع؛ عدوى الجهاز التنفسي العلوي؛ التهاب البلعوم الأنفي؛ التهاب البنكرياس (نادر),Type 1 diabetes; Diabetic ketoacidosis; History of pancreatitis,السكري من النوع الأول؛ حماض كيتوني سكري؛ تاريخ التهاب البنكرياس,DPP-4 Inhibitor,مثبط DPP-4,Prescription,بوصفة طبية,medication_images/Januvia_25mg_Tablet.jpg,Beige,بيج,Round,دائري,277,capsule_merged_dataset
KSA_043,Galvus,غالفوس,Vildagliptin,فيلداغليبتين,Vildagliptin 50 mg,Tablet,قرص,50 mg,Type 2 diabetes mellitus,السكري من النوع الثاني,Novartis,نوفارتس,Headache; Dizziness; Tremor; Peripheral edema,صداع؛ دوخة؛ رعاش؛ وذمة طرفية,Type 1 diabetes; Hepatic impairment; Heart failure,السكري من النوع الأول؛ قصور كبدي؛ فشل القلب,DPP-4 Inhibitor,مثبط DPP-4,Prescription,بوصفة طبية,medication_images/Galvus_Met_50mg_850mg_Tablet.jpg,White,أبيض,Round,دائري,NVR FB,capsule_merged_dataset
KSA_044,Jardiance,جارديانس,Empagliflozin,إمباغليفلوزين,Empagliflozin 10 mg,Tablet,قرص,10 mg,Type 2 diabetes; Heart failure risk reduction,السكري من النوع الثاني؛ تقليل خطر فشل القلب,Boehringer Ingelheim,بوهرنجر إنجلهايم,Urinary tract infection; Genital mycotic infection; Dehydration; Hypotension,عدوى المسالك البولية؛ عدوى فطرية تناسلية؛ جفاف؛ انخفاض ضغط الدم,Type 1 diabetes; Diabetic ketoacidosis; Severe renal impairment (eGFR <20),السكري من النوع الأول؛ حماض كيتوني سكري؛ قصور كلوي شديد,SGLT-2 Inhibitor,مثبط SGLT-2,Prescription,بوصفة طبية,medication_images/Jardiance_25mg_Tablet.jpg,Light Yellow,أصفر فاتح,Round,دائري,S 10,capsule_merged_dataset
KSA_045,Jardiance,جارديانس,Empagliflozin,إمباغليفلوزين,Empagliflozin 25 mg,Tablet,قرص,25 mg,Type 2 diabetes; Heart failure risk reduction,السكري من النوع الثاني؛ تقليل خطر فشل القلب,Boehringer Ingelheim,بوهرنجر إنجلهايم,Urinary tract infection; Genital mycotic infection; Polyuria; Ketoacidosis (rare),عدوى المسالك البولية؛ عدوى فطرية تناسلية؛ كثرة التبول؛ حماض كيتوني (نادر),Type 1 diabetes; Severe renal impairment,السكري من النوع الأول؛ قصور كلوي شديد,SGLT-2 Inhibitor,مثبط SGLT-2,Prescription,بوصفة طبية,medication_images/Jardiance_25mg_Tablet.jpg,Light Yellow,أصفر فاتح,Oval,بيضاوي,S 25,capsule_merged_dataset
KSA_046,Forxiga,فوركسيغا,Dapagliflozin,داباغليفلوزين,Dapagliflozin 10 mg,Tablet,قرص,10 mg,Type 2 diabetes; Heart failure; Chronic kidney disease,السكري من النوع الثاني؛ فشل القلب؛ مرض الكلى المزمن,AstraZeneca,أسترازينيكا,Genital mycotic infection; Urinary tract infection; Hypoglycemia (with insulin),عدوى فطرية تناسلية؛ عدوى المسالك البولية؛ هبوط السكر (مع الأنسولين),Type 1 diabetes; Diabetic ketoacidosis,السكري من النوع الأول؛ حماض كيتوني سكري,SGLT-2 Inhibitor,مثبط SGLT-2,Prescription,بوصفة طبية,Not Available,Yellow,أصفر,Diamond,معيّن,1428,capsule_merged_dataset
KSA_047,Victoza,فيكتوزا,Liraglutide,ليراغلوتيد,Liraglutide 6 mg/mL,Injection Pen,قلم حقن,6 mg/mL,Type 2 diabetes; Obesity (higher dose),السكري من النوع الثاني؛ السمنة (بجرعة أعلى),Novo Nordisk,نوفو نورديسك,Nausea; Vomiting; Diarrhea; Injection site reactions; Pancreatitis (rare),غثيان؛ قيء؛ إسهال؛ تفاعلات موضع الحقن؛ التهاب البنكرياس (نادر),Personal/family history of medullary thyroid carcinoma; MEN2 syndrome; Type 1 diabetes,تاريخ شخصي/عائلي لسرطان الغدة الدرقية النخاعي؛ متلازمة MEN2؛ السكري من النوع الأول,GLP-1 Receptor Agonist,ناهض مستقبلات GLP-1,Prescription,بوصفة طبية,medication_images/Victoza_Solution_for_Injection.jpg,Clear liquid,سائل شفاف,Pen,قلم,VIC,capsule_merged_dataset
KSA_048,Ozempic,أوزمبيك,Semaglutide,سيماغلوتيد,Semaglutide 1.34 mg/mL,Injection Pen,قلم حقن,0.25/0.5/1 mg weekly,Type 2 diabetes; Cardiovascular risk reduction,السكري من النوع الثاني؛ تقليل خطر الأمراض القلبية,Novo Nordisk,نوفو نورديسك,Nausea; Vomiting; Diarrhea; Constipation; Abdominal pain,غثيان؛ قيء؛ إسهال؛ إمساك؛ ألم البطن,Personal/family history of medullary thyroid carcinoma; MEN2; Type 1 diabetes,تاريخ شخصي/عائلي لسرطان الغدة الدرقية النخاعي؛ MEN2؛ السكري من النوع الأول,GLP-1 Receptor Agonist,ناهض مستقبلات GLP-1,Prescription,بوصفة طبية,Not Available,Clear liquid,سائل شفاف,Pen,قلم,OZM,capsule_merged_dataset
KSA_049,Lantus,لانتوس,Insulin Glargine,أنسولين غلارجين,Insulin Glargine 100 IU/mL,Injection Pen,قلم حقن,100 IU/mL,Type 1 and Type 2 diabetes (basal insulin),السكري من النوع الأول والثاني (أنسولين قاعدي),Sanofi,سانوفي,Hypoglycemia; Weight gain; Injection site reactions; Lipodystrophy,هبوط السكر؛ زيادة الوزن؛ تفاعلات موضع الحقن؛ حثل شحمي,Hypoglycemia,هبوط السكر,Basal Insulin (Long-acting),أنسولين قاعدي (طويل المفعول),Prescription,بوصفة طبية,medication_images/Lantus_Solostar_100IU_ml_Solution_for_Injection.jpg,Clear liquid,سائل شفاف,Pen,قلم,LAN,capsule_merged_dataset
KSA_050,NovoRapid,نوفورابيد,Insulin Aspart,أنسولين أسبارت,Insulin Aspart 100 IU/mL,Injection Pen,قلم حقن,100 IU/mL,Type 1 and Type 2 diabetes (mealtime insulin),السكري من النوع الأول والثاني (أنسولين الوجبات),Novo Nordisk,نوفو نورديسك,Hypoglycemia; Injection site reactions; Weight gain; Allergic reactions (rare),هبوط السكر؛ تفاعلات موضع الحقن؛ زيادة الوزن؛ تفاعلات تحسسية (نادرة),Hypoglycemia,هبوط السكر,Rapid-acting Insulin,أنسولين سريع المفعول,Prescription,بوصفة طبية,medication_images/Novorapid_100IU_Injection.jpg,Clear liquid,سائل شفاف,Pen,قلم,NR,capsule_merged_dataset
KSA_051,Humulin 70/30,هيومولين 70/30,Human Insulin 70/30,أنسولين بشري 70/30,Insulin Isophane 70% / Regular 30%,Injection Pen,قلم حقن,100 IU/mL,Type 1 and Type 2 diabetes,السكري من النوع الأول والثاني,Eli Lilly,إيلي ليلي,Hypoglycemia; Weight gain; Injection site reactions,هبوط السكر؛ زيادة الوزن؛ تفاعلات موضع الحقن,Hypoglycemia,هبوط السكر,Premixed Insulin,أنسولين مخلوط مسبقاً,Prescription,بوصفة طبية,Not Available,Cloudy white,أبيض عكر,Pen,قلم,HUM,capsule_merged_dataset
KSA_052,Glucovance,غلوكوفانس,Metformin/Glibenclamide,ميتفورمين/غليبنكلاميد,Metformin 500 mg / Glibenclamide 2.5 mg,Tablet,قرص,500/2.5 mg,Type 2 diabetes mellitus,السكري من النوع الثاني,Merck,ميرك,Hypoglycemia; Nausea; Diarrhea; Abdominal pain,هبوط السكر؛ غثيان؛ إسهال؛ ألم البطن,Severe renal impairment; Diabetic ketoacidosis; Type 1 diabetes,قصور كلوي شديد؛ حماض كيتوني سكري؛ السكري من النوع الأول,Biguanide + Sulfonylurea,بيغوانيد + سلفونيل يوريا,Prescription,بوصفة طبية,Not Available,Light Orange,برتقالي فاتح,Capsule-shaped,على شكل كبسولة,GV,capsule_merged_dataset
KSA_053,Janumet,جانوميت,Sitagliptin/Metformin,سيتاغليبتين/ميتفورمين,Sitagliptin 50 mg / Metformin 1000 mg,Tablet,قرص,50/1000 mg,Type 2 diabetes mellitus,السكري من النوع الثاني,MSD,إم إس دي,Nausea; Diarrhea; Headache; Hypoglycemia; Pancreatitis (rare),غثيان؛ إسهال؛ صداع؛ هبوط السكر؛ التهاب البنكرياس (نادر),Severe renal impairment; History of pancreatitis; Type 1 diabetes,قصور كلوي شديد؛ تاريخ التهاب البنكرياس؛ السكري من النوع الأول,DPP-4 Inhibitor + Biguanide,مثبط DPP-4 + بيغوانيد,Prescription,بوصفة طبية,medication_images/Janumet.jpg,Green,أخضر,Capsule-shaped,على شكل كبسولة,575,capsule_merged_dataset
KSA_054,Pioglitazone,بيوغليتازون,Pioglitazone,بيوغليتازون,Pioglitazone HCl 30 mg,Tablet,قرص,30 mg,Type 2 diabetes mellitus,السكري من النوع الثاني,Takeda,تاكيدا,Weight gain; Edema; Fracture risk; Heart failure exacerbation,زيادة الوزن؛ وذمة؛ خطر الكسور؛ تفاقم فشل القلب,Heart failure (NYHA III-IV); Bladder cancer; Hepatic impairment,فشل القلب (درجة III-IV)؛ سرطان المثانة؛ قصور كبدي,Thiazolidinedione,ثيازوليدينديون,Prescription,بوصفة طبية,Not Available,White,أبيض,Round,دائري,ACTOS 30,capsule_merged_dataset
KSA_055,Trajenta,تراجنتا,Linagliptin,ليناغليبتين,Linagliptin 5 mg,Tablet,قرص,5 mg,Type 2 diabetes mellitus,السكري من النوع الثاني,Boehringer Ingelheim,بوهرنجر إنجلهايم,Nasopharyngitis; Cough; Hypoglycemia (with insulin/SU); Pancreatitis (rare),التهاب البلعوم الأنفي؛ سعال؛ هبوط السكر (مع الأنسولين/السلفونيل يوريا)؛ التهاب البنكرياس (نادر),Type 1 diabetes; History of pancreatitis,السكري من النوع الأول؛ تاريخ التهاب البنكرياس,DPP-4 Inhibitor,مثبط DPP-4,Prescription,بوصفة طبية,medication_images/Trajenta_5mg_Tablet.jpg,Light Red,أحمر فاتح,Round,دائري,D5,capsule_merged_dataset
KSA_056,Panadol,بنادول,Paracetamol,باراسيتامول,Paracetamol 500 mg,Tablet,قرص,500 mg,Mild to moderate pain; Fever,ألم خفيف إلى متوسط؛ حمى,GSK,جي إس كي,Rarely hepatotoxicity at overdose; Skin rash (rare),سمية كبدية نادرة عند الجرعة الزائدة؛ طفح جلدي (نادر),Severe hepatic impairment; Paracetamol allergy,قصور كبدي شديد؛ حساسية الباراسيتامول,Analgesic / Antipyretic,مسكن / خافض للحرارة,OTC,بدون وصفة,medication_images/Adol.jpg,White,أبيض,Capsule-shaped,على شكل كبسولة,P 500,capsule_merged_dataset
KSA_057,Panadol Extra,بنادول إكسترا,Paracetamol/Caffeine,باراسيتامول/كافيين,Paracetamol 500 mg / Caffeine 65 mg,Tablet,قرص,500/65 mg,Moderate pain; Headache; Migraine,ألم متوسط؛ صداع؛ صداع نصفي,GSK,جي إس كي,Insomnia; Palpitations; GI upset; Hepatotoxicity (overdose),أرق؛ خفقان؛ اضطراب هضمي؛ سمية كبدية (جرعة زائدة),Severe hepatic impairment; Severe cardiac arrhythmias,قصور كبدي شديد؛ اضطرابات نظم قلبية شديدة,Analgesic / Antipyretic + Stimulant,مسكن / خافض للحرارة + منبه,OTC,بدون وصفة,medication_images/Adol.jpg,White with red band,أبيض مع شريط أحمر,Capsule-shaped,على شكل كبسولة,PE,capsule_merged_dataset
KSA_058,Brufen,بروفين,Ibuprofen,إيبوبروفين,Ibuprofen 400 mg,Tablet,قرص,400 mg,Pain; Inflammation; Fever; Dysmenorrhea,ألم؛ التهاب؛ حمى؛ عسر الطمث,Abbott,أبوت,GI bleeding; Nausea; Headache; Dizziness; Renal impairment,نزيف معدي معوي؛ غثيان؛ صداع؛ دوخة؛ قصور كلوي,Active GI bleeding; Severe renal impairment; Third trimester pregnancy; Aspirin allergy,نزيف معدي نشط؛ قصور كلوي شديد؛ الثلث الأخير من الحمل؛ حساسية الأسبرين,NSAID,مضاد التهاب غير ستيرويدي,OTC,بدون وصفة,medication_images/Brufen.jpg,Pink,وردي,Round,دائري,BRF 400,capsule_merged_dataset
KSA_059,Brufen,بروفين,Ibuprofen,إيبوبروفين,Ibuprofen 600 mg,Tablet,قرص,600 mg,Pain; Inflammation; Arthritis,ألم؛ التهاب؛ التهاب المفاصل,Abbott,أبوت,GI bleeding; Nausea; Renal impairment; Edema,نزيف معدي معوي؛ غثيان؛ قصور كلوي؛ وذمة,Active GI bleeding; Severe renal/hepatic impairment; Third trimester pregnancy,نزيف معدي نشط؛ قصور كلوي/كبدي شديد؛ الثلث الأخير من الحمل,NSAID,مضاد التهاب غير ستيرويدي,Prescription,بوصفة طبية,medication_images/Brufen.jpg,White,أبيض,Oval,بيضاوي,BRF 600,capsule_merged_dataset
KSA_060,Voltaren,فولتارين,Diclofenac,ديكلوفيناك,Diclofenac Sodium 50 mg,Enteric-coated Tablet,قرص مغلف معوياً,50 mg,Pain; Inflammation; Rheumatoid arthritis; Osteoarthritis,ألم؛ التهاب؛ التهاب المفاصل الروماتويدي؛ هشاشة المفاصل,Novartis,نوفارتس,GI bleeding; Nausea; Headache; Elevated liver enzymes; Edema,نزيف معدي معوي؛ غثيان؛ صداع؛ ارتفاع إنزيمات الكبد؛ وذمة,Active GI bleeding; Severe heart failure; Third trimester pregnancy; CABG surgery,نزيف معدي نشط؛ فشل قلبي شديد؛ الثلث الأخير من الحمل؛ جراحة الشريان التاجي,NSAID,مضاد التهاب غير ستيرويدي,Prescription,بوصفة طبية,Not Available,Light Brown,بني فاتح,Round,دائري,VLT 50,capsule_merged_dataset
KSA_061,Voltaren Gel,فولتارين جل,Diclofenac,ديكلوفيناك,Diclofenac Diethylamine 1.16%,Gel,جل,1.16%,Localized musculoskeletal pain; Sports injuries; Joint pain,ألم عضلي هيكلي موضعي؛ إصابات رياضية؛ ألم المفاصل,Novartis,نوفارتس,Skin irritation; Redness; Dermatitis; Pruritus,تهيج الجلد؛ احمرار؛ التهاب الجلد؛ حكة,Open wounds; Damaged skin; Aspirin-sensitive asthma,جروح مفتوحة؛ جلد تالف؛ ربو حساس للأسبرين,Topical NSAID,مضاد التهاب غير ستيرويدي موضعي,OTC,بدون وصفة,Not Available,Clear gel,جل شفاف,Tube,أنبوب,,capsule_merged_dataset
KSA_062,Adol,أدول,Paracetamol,باراسيتامول,Paracetamol 500 mg,Tablet,قرص,500 mg,Mild to moderate pain; Fever,ألم خفيف إلى متوسط؛ حمى,Julphar,جلفار,Rarely hepatotoxicity at overdose,سمية كبدية نادرة عند الجرعة الزائدة,Severe hepatic impairment,قصور كبدي شديد,Analgesic / Antipyretic,مسكن / خافض للحرارة,OTC,بدون وصفة,medication_images/Adol.jpg,White,أبيض,Capsule-shaped,على شكل كبسولة,ADL 500,capsule_merged_dataset
KSA_063,Celebrex,سيليبركس,Celecoxib,سيليكوكسيب,Celecoxib 200 mg,Capsule,كبسولة,200 mg,Osteoarthritis; Rheumatoid arthritis; Acute pain; Dysmenorrhea,هشاشة المفاصل؛ التهاب المفاصل الروماتويدي؛ ألم حاد؛ عسر الطمث,Pfizer,فايزر,Abdominal pain; Diarrhea; Dyspepsia; Edema; Cardiovascular risk,ألم البطن؛ إسهال؛ عسر الهضم؛ وذمة؛ خطر قلبي وعائي,Sulfonamide allergy; Active GI bleeding; Severe heart failure; Third trimester pregnancy,حساسية السلفوناميد؛ نزيف معدي نشط؛ فشل قلبي شديد؛ الثلث الأخير من الحمل,COX-2 Selective NSAID,مضاد التهاب انتقائي COX-2,Prescription,بوصفة طبية,medication_images/Celebrex.jpg,White/Gold,أبيض/ذهبي,Capsule,كبسولة,7767 200,capsule_merged_dataset
KSA_064,Arcoxia,أركوكسيا,Etoricoxib,إتوريكوكسيب,Etoricoxib 90 mg,Tablet,قرص,90 mg,Osteoarthritis; Rheumatoid arthritis; Acute gouty arthritis,هشاشة المفاصل؛ التهاب المفاصل الروماتويدي؛ التهاب المفاصل النقرسي الحاد,MSD,إم إس دي,Headache; Dizziness; Hypertension; GI disturbance; Edema,صداع؛ دوخة؛ ارتفاع ضغط الدم؛ اضطراب هضمي؛ وذمة,Severe hepatic/renal impairment; Inflammatory bowel disease; Uncontrolled hypertension,قصور كبدي/كلوي شديد؛ مرض التهاب الأمعاء؛ ارتفاع ضغط الدم غير المسيطر عليه,COX-2 Selective NSAID,مضاد التهاب انتقائي COX-2,Prescription,بوصفة طبية,medication_images/Arcoxia.jpg,Green,أخضر,Biconvex,محدب,ACX 90,capsule_merged_dataset
KSA_065,Tramadol,ترامادول,Tramadol,ترامادول,Tramadol HCl 50 mg,Capsule,كبسولة,50 mg,Moderate to severe pain,ألم متوسط إلى شديد,Various,شركات متعددة,Nausea; Dizziness; Constipation; Headache; Seizures (rare),غثيان؛ دوخة؛ إمساك؛ صداع؛ نوبات صرع (نادرة),Epilepsy; Concurrent MAOIs; Severe hepatic/renal impairment; Acute intoxication,الصرع؛ الاستخدام المتزامن لمثبطات MAO؛ قصور كبدي/كلوي شديد؛ تسمم حاد,Opioid Analgesic (Weak),مسكن أفيوني (ضعيف),Prescription (Controlled),بوصفة طبية (مراقب),medication_images/Adol.jpg,Green/Yellow,أخضر/أصفر,Capsule,كبسولة,TRM 50,capsule_merged_dataset
KSA_066,Naproxen,نابروكسين,Naproxen,نابروكسين,Naproxen Sodium 500 mg,Tablet,قرص,500 mg,Pain; Inflammation; Arthritis; Dysmenorrhea; Gout,ألم؛ التهاب؛ التهاب المفاصل؛ عسر الطمث؛ النقرس,Various,شركات متعددة,GI bleeding; Nausea; Headache; Dizziness; Edema,نزيف معدي معوي؛ غثيان؛ صداع؛ دوخة؛ وذمة,Active GI bleeding; Severe renal impairment; Third trimester pregnancy,نزيف معدي نشط؛ قصور كلوي شديد؛ الثلث الأخير من الحمل,NSAID,مضاد التهاب غير ستيرويدي,Prescription,بوصفة طبية,Not Available,Blue,أزرق,Oval,بيضاوي,NAP 500,capsule_merged_dataset
KSA_067,Lyrica,ليريكا,Pregabalin,بريغابالين,Pregabalin 75 mg,Capsule,كبسولة,75 mg,Neuropathic pain; Fibromyalgia; Generalized anxiety disorder; Epilepsy (adjunct),ألم الأعصاب؛ الألم العضلي الليفي؛ اضطراب القلق العام؛ الصرع (مساعد),Pfizer,فايزر,Dizziness; Somnolence; Weight gain; Peripheral edema; Blurred vision,دوخة؛ نعاس؛ زيادة الوزن؛ وذمة طرفية؛ عدم وضوح الرؤية,Hypersensitivity to pregabalin,فرط الحساسية للبريغابالين,Anticonvulsant / Neuropathic Pain Agent,مضاد صرع / عامل ألم الأعصاب,Prescription (Controlled),بوصفة طبية (مراقب),medication_images/Lyrica_150mg_Capsule.jpg,White/Orange,أبيض/برتقالي,Capsule,كبسولة,PGN 75,capsule_merged_dataset
KSA_068,Lyrica,ليريكا,Pregabalin,بريغابالين,Pregabalin 150 mg,Capsule,كبسولة,150 mg,Neuropathic pain; Fibromyalgia; Generalized anxiety disorder,ألم الأعصاب؛ الألم العضلي الليفي؛ اضطراب القلق العام,Pfizer,فايزر,Dizziness; Somnolence; Weight gain; Dry mouth; Constipation,دوخة؛ نعاس؛ زيادة الوزن؛ جفاف الفم؛ إمساك,Hypersensitivity to pregabalin,فرط الحساسية للبريغابالين,Anticonvulsant / Neuropathic Pain Agent,مضاد صرع / عامل ألم الأعصاب,Prescription (Controlled),بوصفة طبية (مراقب),medication_images/Lyrica_150mg_Capsule.jpg,White,أبيض,Capsule,كبسولة,PGN 150,capsule_merged_dataset
KSA_069,Neurontin,نيورونتين,Gabapentin,غابابنتين,Gabapentin 300 mg,Capsule,كبسولة,300 mg,Neuropathic pain; Epilepsy (adjunct),ألم الأعصاب؛ الصرع (مساعد),Pfizer,فايزر,Dizziness; Somnolence; Fatigue; Ataxia; Peripheral edema,دوخة؛ نعاس؛ إرهاق؛ ترنح؛ وذمة طرفية,Hypersensitivity to gabapentin,فرط الحساسية للغابابنتين,Anticonvulsant / Neuropathic Pain Agent,مضاد صرع / عامل ألم الأعصاب,Prescription,بوصفة طبية,Not Available,Yellow,أصفر,Capsule,كبسولة,NTN 300,capsule_merged_dataset
KSA_070,Morphine,مورفين,Morphine,مورفين,Morphine Sulfate 10 mg,Tablet,قرص,10 mg,Severe pain; Palliative care,ألم شديد؛ الرعاية التلطيفية,Various,شركات متعددة,Constipation; Nausea; Sedation; Respiratory depression; Dependence,إمساك؛ غثيان؛ تخدير؛ تثبيط تنفسي؛ إدمان,Respiratory depression; Acute asthma; Paralytic ileus; Concurrent MAOIs,تثبيط تنفسي؛ ربو حاد؛ انسداد معوي شللي؛ الاستخدام المتزامن لمثبطات MAO,Opioid Analgesic (Strong),مسكن أفيوني (قوي),Prescription (Controlled),بوصفة طبية (مراقب),Not Available,White,أبيض,Round,دائري,MS 10,capsule_merged_dataset
KSA_071,Panadol Children,بنادول أطفال,Paracetamol,باراسيتامول,Paracetamol 120 mg/5 mL,Suspension,معلق,120 mg/5 mL,Fever; Pain in children,حمى؛ ألم عند الأطفال,GSK,جي إس كي,Rarely hepatotoxicity at overdose; Skin rash (rare),سمية كبدية نادرة عند الجرعة الزائدة؛ طفح جلدي (نادر),Severe hepatic impairment,قصور كبدي شديد,Analgesic / Antipyretic,مسكن / خافض للحرارة,OTC,بدون وصفة,medication_images/Adol.jpg,Orange liquid,سائل برتقالي,Bottle,زجاجة,,capsule_merged_dataset
KSA_072,Cataflam,كاتافلام,Diclofenac Potassium,ديكلوفيناك بوتاسيوم,Diclofenac Potassium 50 mg,Tablet,قرص,50 mg,Acute pain; Inflammation; Dysmenorrhea; Migraine,ألم حاد؛ التهاب؛ عسر الطمث؛ صداع نصفي,Novartis,نوفارتس,GI bleeding; Nausea; Headache; Dizziness,نزيف معدي معوي؛ غثيان؛ صداع؛ دوخة,Active GI bleeding; Severe heart failure; Third trimester pregnancy,نزيف معدي نشط؛ فشل قلبي شديد؛ الثلث الأخير من الحمل,NSAID,مضاد التهاب غير ستيرويدي,Prescription,بوصفة طبية,medication_images/Cataflam.jpg,Light Brown,بني فاتح,Round,دائري,CG,capsule_merged_dataset
KSA_073,Augmentin,أوغمنتين,Amoxicillin/Clavulanic Acid,أموكسيسيللين/حمض الكلافولانيك,Amoxicillin 875 mg / Clavulanic Acid 125 mg,Tablet,قرص,875/125 mg,Bacterial infections: respiratory; urinary; skin; dental,العدوى البكتيرية: التنفسية؛ البولية؛ الجلدية؛ الأسنان,GSK,جي إس كي,Diarrhea; Nausea; Vomiting; Rash; Hepatic dysfunction (rare),إسهال؛ غثيان؛ قيء؛ طفح جلدي؛ خلل كبدي (نادر),Penicillin allergy; History of cholestatic jaundice with amoxicillin/clavulanate,حساسية البنسلين؛ تاريخ يرقان ركودي مع أموكسيسيللين/كلافولانيت,Penicillin + Beta-lactamase Inhibitor,بنسلين + مثبط بيتا لاكتاماز,Prescription,بوصفة طبية,medication_images/Augmentin.jpg,White,أبيض,Oval,بيضاوي,AUG 1G,capsule_merged_dataset
KSA_074,Amoxil,أموكسيل,Amoxicillin,أموكسيسيللين,Amoxicillin 500 mg,Capsule,كبسولة,500 mg,Bacterial infections: respiratory; urinary; ENT; dental,العدوى البكتيرية: التنفسية؛ البولية؛ الأنف والأذن والحنجرة؛ الأسنان,GSK,جي إس كي,Diarrhea; Nausea; Rash; Allergic reactions,إسهال؛ غثيان؛ طفح جلدي؛ تفاعلات تحسسية,Penicillin allergy; Infectious mononucleosis,حساسية البنسلين؛ داء كثرة الوحيدات العدوائية,Penicillin,بنسلين,Prescription,بوصفة طبية,medication_images/Amoxil.jpg,Red/Yellow,أحمر/أصفر,Capsule,كبسولة,AMX 500,capsule_merged_dataset
KSA_075,Klacid,كلاسيد,Clarithromycin,كلاريثروميسين,Clarithromycin 500 mg,Tablet,قرص,500 mg,Respiratory tract infections; H. pylori eradication; Skin infections,عدوى الجهاز التنفسي؛ القضاء على الملوية البوابية؛ عدوى الجلد,Abbott,أبوت,Nausea; Diarrhea; Abnormal taste; Abdominal pain; QT prolongation (rare),غثيان؛ إسهال؛ تغير الطعم؛ ألم البطن؛ إطالة QT (نادر),Concurrent cisapride/pimozide/ergotamine; Severe hepatic impairment with renal impairment,الاستخدام المتزامن مع سيسابريد/بيموزيد/إرغوتامين؛ قصور كبدي شديد مع قصور كلوي,Macrolide Antibiotic,مضاد حيوي ماكروليد,Prescription,بوصفة طبية,Not Available,Yellow,أصفر,Oval,بيضاوي,KL 500,capsule_merged_dataset
KSA_076,Zithromax,زيثروماكس,Azithromycin,أزيثروميسين,Azithromycin 500 mg,Tablet,قرص,500 mg,Respiratory infections; Skin infections; Sexually transmitted infections; Otitis media,عدوى تنفسية؛ عدوى الجلد؛ أمراض منقولة جنسياً؛ التهاب الأذن الوسطى,Pfizer,فايزر,Nausea; Diarrhea; Abdominal pain; QT prolongation (rare),غثيان؛ إسهال؛ ألم البطن؛ إطالة QT (نادر),Macrolide allergy; Severe hepatic impairment; History of QT prolongation,حساسية الماكروليد؛ قصور كبدي شديد؛ تاريخ إطالة QT,Macrolide Antibiotic,مضاد حيوي ماكروليد,Prescription,بوصفة طبية,Not Available,Pink,وردي,Oval,بيضاوي,ZTM 500,capsule_merged_dataset
KSA_077,Ciprobay,سيبروباي,Ciprofloxacin,سيبروفلوكساسين,Ciprofloxacin HCl 500 mg,Tablet,قرص,500 mg,Urinary tract infections; Respiratory infections; GI infections; Bone/joint infections,عدوى المسالك البولية؛ عدوى تنفسية؛ عدوى الجهاز الهضمي؛ عدوى العظام/المفاصل,Bayer,باير,Nausea; Diarrhea; Tendon rupture; Dizziness; Photosensitivity,غثيان؛ إسهال؛ تمزق الأوتار؛ دوخة؛ حساسية للضوء,Concurrent tizanidine; Children (growth plate); Tendon disorders with fluoroquinolones,الاستخدام المتزامن مع تيزانيدين؛ الأطفال (صفائح النمو)؛ اضطرابات الأوتار مع الفلوروكينولونات,Fluoroquinolone Antibiotic,مضاد حيوي فلوروكينولون,Prescription,بوصفة طبية,medication_images/Ciprobay.jpg,White,أبيض,Oval,بيضاوي,CIP 500,capsule_merged_dataset
KSA_078,Tavanic,تافانيك,Levofloxacin,ليفوفلوكساسين,Levofloxacin 500 mg,Tablet,قرص,500 mg,Pneumonia; Urinary tract infections; Sinusitis; Skin infections,الالتهاب الرئوي؛ عدوى المسالك البولية؛ التهاب الجيوب الأنفية؛ عدوى الجلد,Sanofi,سانوفي,Nausea; Diarrhea; Tendon rupture; Insomnia; Headache,غثيان؛ إسهال؛ تمزق الأوتار؛ أرق؛ صداع,Epilepsy; Tendon disorders with fluoroquinolones; Children; Pregnancy,الصرع؛ اضطرابات الأوتار مع الفلوروكينولونات؛ الأطفال؛ الحمل,Fluoroquinolone Antibiotic,مضاد حيوي فلوروكينولون,Prescription,بوصفة طبية,Not Available,Pink,وردي,Capsule-shaped,على شكل كبسولة,TAV 500,capsule_merged_dataset
KSA_079,Suprax,سوبراكس,Cefixime,سيفيكسيم,Cefixime 400 mg,Capsule,كبسولة,400 mg,Respiratory infections; Urinary tract infections; Otitis media; Gonorrhea,عدوى تنفسية؛ عدوى المسالك البولية؛ التهاب الأذن الوسطى؛ السيلان,Sanofi,سانوفي,Diarrhea; Nausea; Abdominal pain; Headache,إسهال؛ غثيان؛ ألم البطن؛ صداع,Cephalosporin allergy; Severe penicillin allergy (cross-reactivity),حساسية السيفالوسبورين؛ حساسية شديدة للبنسلين (تفاعل تبادلي),Cephalosporin (3rd Generation),سيفالوسبورين (الجيل الثالث),Prescription,بوصفة طبية,Not Available,White/Purple,أبيض/بنفسجي,Capsule,كبسولة,SUP 400,capsule_merged_dataset
KSA_080,Zinnat,زينات,Cefuroxime,سيفوروكسيم,Cefuroxime Axetil 500 mg,Tablet,قرص,500 mg,Respiratory infections; Urinary tract infections; Skin infections; Lyme disease,عدوى تنفسية؛ عدوى المسالك البولية؛ عدوى الجلد؛ مرض لايم,GSK,جي إس كي,Diarrhea; Nausea; Headache; Dizziness,إسهال؛ غثيان؛ صداع؛ دوخة,Cephalosporin allergy,حساسية السيفالوسبورين,Cephalosporin (2nd Generation),سيفالوسبورين (الجيل الثاني),Prescription,بوصفة طبية,Not Available,White,أبيض,Oval,بيضاوي,GX ES7,capsule_merged_dataset
KSA_081,Flagyl,فلاجيل,Metronidazole,ميترونيدازول,Metronidazole 500 mg,Tablet,قرص,500 mg,Anaerobic infections; Amoebiasis; Giardiasis; H. pylori (combination); Dental infections,عدوى لاهوائية؛ داء الأميبات؛ الجيارديا؛ الملوية البوابية (مشترك)؛ عدوى الأسنان,Sanofi,سانوفي,Nausea; Metallic taste; Headache; Peripheral neuropathy (prolonged use),غثيان؛ طعم معدني؛ صداع؛ اعتلال الأعصاب المحيطية (استخدام مطول),First trimester pregnancy; Alcohol consumption during treatment; Severe hepatic impairment,الثلث الأول من الحمل؛ تناول الكحول أثناء العلاج؛ قصور كبدي شديد,Nitroimidazole Antibiotic,مضاد حيوي نيتروإيميدازول,Prescription,بوصفة طبية,medication_images/Flagyl.jpg,White,أبيض,Round,دائري,FLG 500,capsule_merged_dataset
KSA_082,Vibramycin,فايبراميسين,Doxycycline,دوكسيسايكلين,Doxycycline Hyclate 100 mg,Capsule,كبسولة,100 mg,Acne; Respiratory infections; Malaria prophylaxis; Chlamydia; Lyme disease,حب الشباب؛ عدوى تنفسية؛ الوقاية من الملاريا؛ الكلاميديا؛ مرض لايم,Pfizer,فايزر,Photosensitivity; Nausea; Esophageal irritation; Diarrhea,حساسية للضوء؛ غثيان؛ تهيج المريء؛ إسهال,Children <8 years; Pregnancy; Breastfeeding; Severe hepatic impairment,الأطفال أقل من 8 سنوات؛ الحمل؛ الرضاعة؛ قصور كبدي شديد,Tetracycline Antibiotic,مضاد حيوي تتراسايكلين,Prescription,بوصفة طبية,Not Available,Blue/White,أزرق/أبيض,Capsule,كبسولة,VBR 100,capsule_merged_dataset
KSA_083,Bactrim,باكتريم,Trimethoprim/Sulfamethoxazole,تريميثوبريم/سلفاميثوكسازول,TMP 160 mg / SMX 800 mg,Tablet,قرص,160/800 mg,Urinary tract infections; Respiratory infections; PCP prophylaxis,عدوى المسالك البولية؛ عدوى تنفسية؛ الوقاية من الالتهاب الرئوي,Roche,روش,Nausea; Rash; Photosensitivity; Blood dyscrasias (rare); Hyperkalemia,غثيان؛ طفح جلدي؛ حساسية للضوء؛ اضطرابات الدم (نادرة)؛ فرط بوتاسيوم الدم,Sulfonamide allergy; Severe hepatic/renal impairment; Pregnancy (third trimester); G6PD deficiency,حساسية السلفوناميد؛ قصور كبدي/كلوي شديد؛ الحمل (الثلث الأخير)؛ نقص G6PD,Sulfonamide + Trimethoprim,سلفوناميد + تريميثوبريم,Prescription,بوصفة طبية,medication_images/Bactrim_Syrup.jpg,White,أبيض,Oval,بيضاوي,ROCHE,capsule_merged_dataset
KSA_084,Rocephin,روسيفين,Ceftriaxone,سيفترياكسون,Ceftriaxone Sodium 1 g,Injection,حقن,1 g (IV/IM),Severe bacterial infections; Meningitis; Gonorrhea; Surgical prophylaxis,عدوى بكتيرية شديدة؛ التهاب السحايا؛ السيلان؛ الوقاية الجراحية,Roche,روش,Diarrhea; Rash; Injection site pain; Biliary sludge,إسهال؛ طفح جلدي؛ ألم موضع الحقن؛ حمأة صفراوية,Cephalosporin allergy; Neonates with hyperbilirubinemia; Concurrent IV calcium in neonates,حساسية السيفالوسبورين؛ حديثو الولادة مع فرط البيليروبين؛ الكالسيوم الوريدي المتزامن عند الرضع,Cephalosporin (3rd Generation),سيفالوسبورين (الجيل الثالث),Prescription,بوصفة طبية,Not Available,White powder,مسحوق أبيض,Vial,قارورة,ROC 1G,capsule_merged_dataset
KSA_085,Dalacin C,دالاسين سي,Clindamycin,كلينداميسين,Clindamycin HCl 300 mg,Capsule,كبسولة,300 mg,Bone infections; Skin infections; Dental infections; Pelvic infections,عدوى العظام؛ عدوى الجلد؛ عدوى الأسنان؛ عدوى الحوض,Pfizer,فايزر,Diarrhea; C. difficile colitis; Nausea; Rash; Abdominal pain,إسهال؛ التهاب القولون بالمطثية العسيرة؛ غثيان؛ طفح جلدي؛ ألم البطن,Clindamycin/lincomycin allergy; History of C. difficile colitis,حساسية الكلينداميسين/لينكومايسين؛ تاريخ التهاب القولون بالمطثية العسيرة,Lincosamide Antibiotic,مضاد حيوي لينكوسامايد,Prescription,بوصفة طبية,medication_images/Dalacin_C.jpg,Purple/White,بنفسجي/أبيض,Capsule,كبسولة,DAL 300,capsule_merged_dataset
KSA_086,Amoxicillin Suspension,أموكسيسيللين معلق,Amoxicillin,أموكسيسيللين,Amoxicillin 250 mg/5 mL,Suspension,معلق,250 mg/5 mL,Bacterial infections in children: respiratory; ear; urinary,عدوى بكتيرية عند الأطفال: تنفسية؛ الأذن؛ بولية,Various,شركات متعددة,Diarrhea; Nausea; Rash; Allergic reactions,إسهال؛ غثيان؛ طفح جلدي؛ تفاعلات تحسسية,Penicillin allergy; Infectious mononucleosis,حساسية البنسلين؛ داء كثرة الوحيدات العدوائية,Penicillin,بنسلين,Prescription,بوصفة طبية,medication_images/Amoxicillin_Suspension.jpg,Pink liquid,سائل وردي,Bottle,زجاجة,,capsule_merged_dataset
KSA_087,Ceclor,سيكلور,Cefaclor,سيفاكلور,Cefaclor 500 mg,Capsule,كبسولة,500 mg,Respiratory infections; Urinary tract infections; Skin infections; Otitis media,عدوى تنفسية؛ عدوى المسالك البولية؛ عدوى الجلد؛ التهاب الأذن الوسطى,Eli Lilly,إيلي ليلي,Diarrhea; Nausea; Serum sickness-like reaction (rare); Rash,إسهال؛ غثيان؛ تفاعل شبيه بداء المصل (نادر)؛ طفح جلدي,Cephalosporin allergy,حساسية السيفالوسبورين,Cephalosporin (2nd Generation),سيفالوسبورين (الجيل الثاني),Prescription,بوصفة طبية,medication_images/Ceclor.jpg,Purple,بنفسجي,Capsule,كبسولة,LILLY 500,capsule_merged_dataset
KSA_088,Diflucan,ديفلوكان,Fluconazole,فلوكونازول,Fluconazole 150 mg,Capsule,كبسولة,150 mg,"Candidiasis (vaginal, oral, systemic); Cryptococcal meningitis",داء المبيضات (المهبلي، الفموي، الجهازي)؛ التهاب السحايا بالمكورات الخفية,Pfizer,فايزر,Nausea; Headache; Abdominal pain; Diarrhea; Hepatotoxicity (rare),غثيان؛ صداع؛ ألم البطن؛ إسهال؛ سمية كبدية (نادرة),Concurrent terfenadine (high dose fluconazole); Severe hepatic impairment,الاستخدام المتزامن مع تيرفينادين (جرعة فلوكونازول العالية)؛ قصور كبدي شديد,Azole Antifungal,مضاد فطري أزولي,Prescription,بوصفة طبية,medication_images/Diflucan.jpg,Blue/White,أزرق/أبيض,Capsule,كبسولة,FLU 150,capsule_merged_dataset
KSA_089,Cefazolin,سيفازولين,Cefazolin,سيفازولين,Cefazolin Sodium 1 g,Injection,حقن,1 g (IV/IM),Surgical prophylaxis; Skin infections; Bone infections; Endocarditis,الوقاية الجراحية؛ عدوى الجلد؛ عدوى العظام؛ التهاب الشغاف,Various,شركات متعددة,Injection site pain; Rash; Diarrhea; Nausea,ألم موضع الحقن؛ طفح جلدي؛ إسهال؛ غثيان,Cephalosporin allergy,حساسية السيفالوسبورين,Cephalosporin (1st Generation),سيفالوسبورين (الجيل الأول),Prescription,بوصفة طبية,medication_images/Cefazolin.jpg,White powder,مسحوق أبيض,Vial,قارورة,CEF 1G,capsule_merged_dataset
KSA_090,Tienam,تينام,Imipenem/Cilastatin,إيميبينيم/سيلاستاتين,Imipenem 500 mg / Cilastatin 500 mg,Injection,حقن,500/500 mg (IV),Severe hospital-acquired infections; Polymicrobial infections; Intra-abdominal infections,عدوى شديدة مكتسبة بالمستشفى؛ عدوى متعددة الميكروبات؛ عدوى داخل البطن,MSD,إم إس دي,Nausea; Diarrhea; Seizures (rare); Injection site reactions; Rash,غثيان؛ إسهال؛ نوبات صرع (نادرة)؛ تفاعلات موضع الحقن؛ طفح جلدي,Carbapenem allergy; CNS disorders (increased seizure risk),حساسية الكاربابينيم؛ اضطرابات الجهاز العصبي المركزي (زيادة خطر النوبات),Carbapenem Antibiotic,مضاد حيوي كاربابينيم,Prescription,بوصفة طبية,Not Available,White powder,مسحوق أبيض,Vial,قارورة,MSD,capsule_merged_dataset
KSA_091,Vancomycin,فانكومايسين,Vancomycin,فانكومايسين,Vancomycin HCl 1 g,Injection,حقن,1 g (IV),MRSA infections; C. difficile (oral); Endocarditis; Meningitis,عدوى MRSA؛ المطثية العسيرة (فموي)؛ التهاب الشغاف؛ التهاب السحايا,Various,شركات متعددة,Red man syndrome; Nephrotoxicity; Ototoxicity; Phlebitis; Neutropenia,متلازمة الرجل الأحمر؛ سمية كلوية؛ سمية أذنية؛ التهاب الوريد؛ قلة العدلات,Vancomycin allergy; Hearing loss (relative),حساسية الفانكومايسين؛ فقدان السمع (نسبي),Glycopeptide Antibiotic,مضاد حيوي غليكوببتيد,Prescription,بوصفة طبية,Not Available,White powder,مسحوق أبيض,Vial,قارورة,VAN 1G,capsule_merged_dataset
KSA_092,Nitrofurantoin,نيتروفورانتوين,Nitrofurantoin,نيتروفورانتوين,Nitrofurantoin 100 mg,Capsule,كبسولة,100 mg,Urinary tract infections (uncomplicated); UTI prophylaxis,عدوى المسالك البولية (غير معقدة)؛ الوقاية من عدوى المسالك البولية,Various,شركات متعددة,Nausea; Headache; Flatulence; Pulmonary toxicity (chronic use),غثيان؛ صداع؛ انتفاخ؛ سمية رئوية (استخدام مزمن),Severe renal impairment (CrCl <30); G6PD deficiency; Pregnancy (term); Neonates,قصور كلوي شديد؛ نقص G6PD؛ الحمل (نهاية)؛ حديثو الولادة,Nitrofuran Antibiotic,مضاد حيوي نيتروفوران,Prescription,بوصفة طبية,Not Available,Yellow/Black,أصفر/أسود,Capsule,كبسولة,NF 100,capsule_merged_dataset
KSA_093,Meropenem,ميروبينيم,Meropenem,ميروبينيم,Meropenem Trihydrate 1 g,Injection,حقن,1 g (IV),Severe hospital-acquired infections; Meningitis; Febrile neutropenia,عدوى شديدة مكتسبة بالمستشفى؛ التهاب السحايا؛ الحمى مع قلة العدلات,AstraZeneca,أسترازينيكا,Nausea; Diarrhea; Headache; Rash; Injection site reactions,غثيان؛ إسهال؛ صداع؛ طفح جلدي؛ تفاعلات موضع الحقن,Carbapenem allergy,حساسية الكاربابينيم,Carbapenem Antibiotic,مضاد حيوي كاربابينيم,Prescription,بوصفة طبية,Not Available,White powder,مسحوق أبيض,Vial,قارورة,MER 1G,capsule_merged_dataset
KSA_094,Amikacin,أميكاسين,Amikacin,أميكاسين,Amikacin Sulfate 500 mg/2 mL,Injection,حقن,500 mg/2 mL,Severe Gram-negative infections; Tuberculosis (second-line),عدوى سلبية الغرام الشديدة؛ السل (خط ثاني),Various,شركات متعددة,Nephrotoxicity; Ototoxicity; Neuromuscular blockade (rare),سمية كلوية؛ سمية أذنية؛ إحصار عصبي عضلي (نادر),Aminoglycoside allergy; Myasthenia gravis,حساسية الأمينوغليكوسيد؛ الوهن العضلي الوبيل,Aminoglycoside Antibiotic,مضاد حيوي أمينوغليكوسيد,Prescription,بوصفة طبية,medication_images/Amikacin.jpg,Clear liquid,سائل شفاف,Ampoule,أمبولة,AMK,capsule_merged_dataset
KSA_095,Linezolid,لينيزوليد,Linezolid,لينيزوليد,Linezolid 600 mg,Tablet,قرص,600 mg,MRSA infections; VRE infections; Nosocomial pneumonia,عدوى MRSA؛ عدوى VRE؛ الالتهاب الرئوي المكتسب بالمستشفى,Pfizer,فايزر,Thrombocytopenia; Nausea; Diarrhea; Headache; Optic neuropathy (prolonged use),قلة الصفيحات؛ غثيان؛ إسهال؛ صداع؛ اعتلال العصب البصري (استخدام مطول),Concurrent MAOIs; Uncontrolled hypertension; Pheochromocytoma; Carcinoid syndrome,الاستخدام المتزامن لمثبطات MAO؛ ارتفاع ضغط الدم غير المسيطر عليه؛ ورم القواتم؛ متلازمة الكارسينويد,Oxazolidinone Antibiotic,مضاد حيوي أوكسازوليدينون,Prescription,بوصفة طبية,Not Available,White,أبيض,Oval,بيضاوي,LNZ 600,capsule_merged_dataset
KSA_096,Ventolin,فنتولين,Salbutamol,سالبوتامول,Salbutamol Sulfate 100 mcg/puff,Inhaler (MDI),بخاخ (جرعة محددة),100 mcg/puff,Asthma; Bronchospasm; COPD,الربو؛ التشنج القصبي؛ مرض الانسداد الرئوي المزمن,GSK,جي إس كي,Tremor; Tachycardia; Headache; Palpitations; Hypokalemia,رعاش؛ تسرع القلب؛ صداع؛ خفقان؛ نقص البوتاسيوم,Hypersensitivity to salbutamol,فرط الحساسية للسالبوتامول,Short-acting Beta-2 Agonist (SABA),ناهض بيتا-2 قصير المفعول,Prescription,بوصفة طبية,Not Available,Blue inhaler,بخاخ أزرق,Inhaler,بخاخ,V100,capsule_merged_dataset
KSA_097,Seretide,سيريتايد,Fluticasone/Salmeterol,فلوتيكازون/سالميتيرول,Fluticasone 250 mcg / Salmeterol 50 mcg,Inhaler (DPI),بخاخ (مسحوق جاف),250/50 mcg,Asthma; COPD (maintenance),الربو؛ مرض الانسداد الرئوي المزمن (صيانة),GSK,جي إس كي,Oral candidiasis; Hoarseness; Headache; Tremor; Palpitations,داء المبيضات الفموي؛ بحة الصوت؛ صداع؛ رعاش؛ خفقان,Acute asthma attack (not for rescue); Severe milk allergy (DPI),نوبة ربو حادة (ليس للإنقاذ)؛ حساسية شديدة للحليب (مسحوق جاف),ICS + LABA (Inhaled Corticosteroid + Long-acting Beta Agonist),كورتيكوستيرويد استنشاقي + ناهض بيتا طويل المفعول,Prescription,بوصفة طبية,medication_images/Seretide_250_Evohaler.jpg,Purple inhaler,بخاخ بنفسجي,Inhaler,بخاخ,SRT,capsule_merged_dataset
KSA_098,Symbicort,سيمبيكورت,Budesonide/Formoterol,بوديزونايد/فورموتيرول,Budesonide 160 mcg / Formoterol 4.5 mcg,Inhaler (DPI),بخاخ (مسحوق جاف),160/4.5 mcg,Asthma; COPD (maintenance and reliever),الربو؛ مرض الانسداد الرئوي المزمن (صيانة ومنقذ),AstraZeneca,أسترازينيكا,Oral candidiasis; Hoarseness; Tremor; Headache; Palpitations,داء المبيضات الفموي؛ بحة الصوت؛ رعاش؛ صداع؛ خفقان,Hypersensitivity to budesonide/formoterol,فرط الحساسية للبوديزونايد/فورموتيرول,ICS + LABA,كورتيكوستيرويد استنشاقي + ناهض بيتا طويل المفعول,Prescription,بوصفة طبية,medication_images/Symbicort_160mcg_4.5mcg_Turbuhaler.jpg,Red/White inhaler,بخاخ أحمر/أبيض,Inhaler,بخاخ,SYM,capsule_merged_dataset
KSA_099,Pulmicort,بولميكورت,Budesonide,بوديزونايد,Budesonide 0.5 mg/mL,Nebulizer Suspension,معلق للتبخير,0.5 mg/mL,Asthma (children and adults); Croup,الربو (أطفال وبالغين)؛ الخانوق,AstraZeneca,أسترازينيكا,Oral candidiasis; Hoarseness; Cough; Throat irritation,داء المبيضات الفموي؛ بحة الصوت؛ سعال؛ تهيج الحلق,Acute asthma attack (not for rescue),نوبة ربو حادة (ليس للإنقاذ),Inhaled Corticosteroid (ICS),كورتيكوستيرويد استنشاقي,Prescription,بوصفة طبية,Not Available,White suspension,معلق أبيض,Ampoule,أمبولة,PUL,capsule_merged_dataset
KSA_100,Atrovent,أتروفنت,Ipratropium,إبراتروبيوم,Ipratropium Bromide 20 mcg/puff,Inhaler (MDI),بخاخ (جرعة محددة),20 mcg/puff,COPD; Bronchospasm,مرض الانسداد الرئوي المزمن؛ التشنج القصبي,Boehringer Ingelheim,بوهرنجر إنجلهايم,Dry mouth; Headache; Cough; Nausea; Blurred vision (if in eyes),جفاف الفم؛ صداع؛ سعال؛ غثيان؛ عدم وضوح الرؤية (إذا وصل للعين),Atropine allergy; Soya/peanut allergy (MDI),حساسية الأتروبين؛ حساسية الصويا/الفول السوداني (بخاخ),Short-acting Anticholinergic,مضاد كوليني قصير المفعول,Prescription,بوصفة طبية,medication_images/Atrovent.jpg,White inhaler,بخاخ أبيض,Inhaler,بخاخ,ATR,capsule_merged_dataset
KSA_101,Spiriva,سبيريفا,Tiotropium,تيوتروبيوم,Tiotropium Bromide 18 mcg,Inhaler (DPI),بخاخ (مسحوق جاف),18 mcg,COPD (maintenance); Asthma (add-on),مرض الانسداد الرئوي المزمن (صيانة)؛ الربو (إضافي),Boehringer Ingelheim,بوهرنجر إنجلهايم,Dry mouth; Constipation; Urinary retention; Sinusitis,جفاف الفم؛ إمساك؛ احتباس البول؛ التهاب الجيوب الأنفية,Atropine allergy; Severe milk allergy (DPI),حساسية الأتروبين؛ حساسية شديدة للحليب (مسحوق جاف),Long-acting Anticholinergic (LAMA),مضاد كوليني طويل المفعول,Prescription,بوصفة طبية,Not Available,Green capsule in device,كبسولة خضراء في الجهاز,Capsule + Device,كبسولة + جهاز,SPR 18,capsule_merged_dataset
KSA_102,Singulair,سينغيولير,Montelukast,مونتيلوكاست,Montelukast Sodium 10 mg,Tablet,قرص,10 mg,Asthma prevention; Allergic rhinitis,الوقاية من الربو؛ التهاب الأنف التحسسي,MSD,إم إس دي,Headache; Abdominal pain; Diarrhea; Behavioral changes (rare),صداع؛ ألم البطن؛ إسهال؛ تغيرات سلوكية (نادرة),Hypersensitivity to montelukast; Phenylketonuria (chewable),فرط الحساسية للمونتيلوكاست؛ بيلة الفينيل كيتون (القابل للمضغ),Leukotriene Receptor Antagonist,مضاد مستقبلات الليكوترين,Prescription,بوصفة طبية,medication_images/Singulair_4mg_Chewable_Tablet.jpg,Beige,بيج,Square-round,مربع دائري,MSD 117,capsule_merged_dataset
KSA_103,Telfast,تلفاست,Fexofenadine,فيكسوفينادين,Fexofenadine HCl 180 mg,Tablet,قرص,180 mg,Allergic rhinitis; Chronic urticaria,التهاب الأنف التحسسي؛ الأرتيكاريا المزمنة,Sanofi,سانوفي,Headache; Drowsiness (minimal); Nausea; Dizziness,صداع؛ نعاس (بسيط)؛ غثيان؛ دوخة,Hypersensitivity to fexofenadine,فرط الحساسية للفيكسوفينادين,"Antihistamine (Non-sedating, 2nd Generation)",مضاد هيستامين (غير مسبب للنعاس، الجيل الثاني),OTC,بدون وصفة,Not Available,Peach,خوخي,Capsule-shaped,على شكل كبسولة,018,capsule_merged_dataset
KSA_104,Claritin,كلاريتين,Loratadine,لوراتادين,Loratadine 10 mg,Tablet,قرص,10 mg,Allergic rhinitis; Chronic urticaria,التهاب الأنف التحسسي؛ الأرتيكاريا المزمنة,Bayer,باير,Headache; Drowsiness (rare); Dry mouth; Fatigue,صداع؛ نعاس (نادر)؛ جفاف الفم؛ إرهاق,Hypersensitivity to loratadine,فرط الحساسية للوراتادين,"Antihistamine (Non-sedating, 2nd Generation)",مضاد هيستامين (غير مسبب للنعاس، الجيل الثاني),OTC,بدون وصفة,medication_images/Claritin.jpg,White,أبيض,Oval,بيضاوي,CLR 10,capsule_merged_dataset
KSA_105,Zyrtec,زيرتك,Cetirizine,سيتيريزين,Cetirizine HCl 10 mg,Tablet,قرص,10 mg,Allergic rhinitis; Chronic urticaria,التهاب الأنف التحسسي؛ الأرتيكاريا المزمنة,UCB,يو سي بي,Drowsiness; Dry mouth; Fatigue; Headache,نعاس؛ جفاف الفم؛ إرهاق؛ صداع,Severe renal impairment (dose adjust); Hypersensitivity to cetirizine,قصور كلوي شديد (تعديل الجرعة)؛ فرط الحساسية للسيتيريزين,Antihistamine (2nd Generation),مضاد هيستامين (الجيل الثاني),OTC,بدون وصفة,medication_images/Zyrtec.jpg,White,أبيض,Oval,بيضاوي,Y,capsule_merged_dataset
KSA_106,Aerius,إيريوس,Desloratadine,ديسلوراتادين,Desloratadine 5 mg,Tablet,قرص,5 mg,Allergic rhinitis; Chronic urticaria,التهاب الأنف التحسسي؛ الأرتيكاريا المزمنة,MSD,إم إس دي,Headache; Dry mouth; Fatigue; Drowsiness (rare),صداع؛ جفاف الفم؛ إرهاق؛ نعاس (نادر),Hypersensitivity to desloratadine or loratadine,فرط الحساسية للديسلوراتادين أو اللوراتادين,"Antihistamine (Non-sedating, 3rd Generation)",مضاد هيستامين (غير مسبب للنعاس، الجيل الثالث),OTC,بدون وصفة,medication_images/Aerius.jpg,Blue,أزرق,Round,دائري,AE 5,capsule_merged_dataset
KSA_107,Avamys,أفاميس,Fluticasone Furoate,فلوتيكازون فيوروات,Fluticasone Furoate 27.5 mcg/spray,Nasal Spray,بخاخ أنفي,27.5 mcg/spray,Allergic rhinitis (seasonal and perennial),التهاب الأنف التحسسي (موسمي ودائم),GSK,جي إس كي,Epistaxis; Headache; Nasal ulceration; Pharyngitis,رعاف؛ صداع؛ تقرح أنفي؛ التهاب البلعوم,Hypersensitivity to fluticasone,فرط الحساسية للفلوتيكازون,Intranasal Corticosteroid,كورتيكوستيرويد أنفي,Prescription,بوصفة طبية,medication_images/Avamys.jpg,White nasal spray,بخاخ أنفي أبيض,Nasal Spray,بخاخ أنفي,AVM,capsule_merged_dataset
KSA_108,Theophylline,ثيوفيللين,Theophylline,ثيوفيللين,Theophylline 200 mg,Extended-release Tablet,قرص ممتد المفعول,200 mg,Asthma; COPD; Bronchospasm,الربو؛ مرض الانسداد الرئوي المزمن؛ التشنج القصبي,Various,شركات متعددة,Nausea; Headache; Insomnia; Tachycardia; Seizures (toxicity),غثيان؛ صداع؛ أرق؛ تسرع القلب؛ نوبات صرع (سمية),Active peptic ulcer; Uncontrolled seizure disorders; Acute arrhythmias,قرحة هضمية نشطة؛ اضطرابات صرع غير مسيطر عليها؛ اضطرابات نظم حادة,Methylxanthine Bronchodilator,موسع قصبي ميثيل زانثين,Prescription,بوصفة طبية,Not Available,White,أبيض,Round,دائري,THEO 200,capsule_merged_dataset
KSA_109,Xyzal,زيزال,Levocetirizine,ليفوسيتيريزين,Levocetirizine Dihydrochloride 5 mg,Tablet,قرص,5 mg,Allergic rhinitis; Chronic urticaria,التهاب الأنف التحسسي؛ الأرتيكاريا المزمنة,Sanofi,سانوفي,Drowsiness; Dry mouth; Headache; Fatigue,نعاس؛ جفاف الفم؛ صداع؛ إرهاق,Severe renal impairment; Children <2 years (oral solution),قصور كلوي شديد؛ الأطفال أقل من سنتين (محلول فموي),Antihistamine (2nd Generation),مضاد هيستامين (الجيل الثاني),OTC,بدون وصفة,Not Available,White,أبيض,Oval,بيضاوي,XZL 5,capsule_merged_dataset
KSA_110,Flixotide,فليكسوتايد,Fluticasone Propionate,فلوتيكازون بروبيونات,Fluticasone Propionate 250 mcg/puff,Inhaler (MDI),بخاخ (جرعة محددة),250 mcg/puff,Asthma (maintenance/preventive),الربو (صيانة/وقائي),GSK,جي إس كي,Oral candidiasis; Hoarseness; Headache; Sore throat,داء المبيضات الفموي؛ بحة الصوت؛ صداع؛ ألم الحلق,Acute asthma attack; Hypersensitivity to fluticasone,نوبة ربو حادة؛ فرط الحساسية للفلوتيكازون,Inhaled Corticosteroid (ICS),كورتيكوستيرويد استنشاقي,Prescription,بوصفة طبية,Not Available,Orange inhaler,بخاخ برتقالي,Inhaler,بخاخ,FLX 250,capsule_merged_dataset
KSA_111,Mucinex,ميوسينيكس,Guaifenesin,غوايفينيسين,Guaifenesin 600 mg,Extended-release Tablet,قرص ممتد المفعول,600 mg,Productive cough; Chest congestion,السعال المنتج للبلغم؛ احتقان الصدر,Reckitt Benckiser,ريكيت بنكيزر,Nausea; Vomiting; Dizziness; Headache,غثيان؛ قيء؛ دوخة؛ صداع,Hypersensitivity to guaifenesin,فرط الحساسية للغوايفينيسين,Expectorant,طارد للبلغم,OTC,بدون وصفة,Not Available,Blue/White,أزرق/أبيض,Oval,بيضاوي,600,capsule_merged_dataset
KSA_112,Chlorpheniramine,كلورفينيرامين,Chlorpheniramine,كلورفينيرامين,Chlorpheniramine Maleate 4 mg,Tablet,قرص,4 mg,Allergic rhinitis; Urticaria; Common cold symptoms,التهاب الأنف التحسسي؛ الأرتيكاريا؛ أعراض البرد,Various,شركات متعددة,Drowsiness; Dry mouth; Urinary retention; Blurred vision; Constipation,نعاس؛ جفاف الفم؛ احتباس البول؛ عدم وضوح الرؤية؛ إمساك,Glaucoma; Urinary retention; Concurrent MAOIs; Neonates,الزرق؛ احتباس البول؛ الاستخدام المتزامن لمثبطات MAO؛ حديثو الولادة,"Antihistamine (Sedating, 1st Generation)",مضاد هيستامين (مسبب للنعاس، الجيل الأول),OTC,بدون وصفة,medication_images/Chlorpheniramine.jpg,Yellow,أصفر,Round,دائري,CPM 4,capsule_merged_dataset
KSA_113,Nexium,نيكسيوم,Esomeprazole,إيسوميبرازول,Esomeprazole Magnesium 40 mg,Capsule,كبسولة,40 mg,GERD; Peptic ulcer; H. pylori (combination); Zollinger-Ellison syndrome,ارتجاع المريء؛ القرحة الهضمية؛ الملوية البوابية (مشترك)؛ متلازمة زولنجر إليسون,AstraZeneca,أسترازينيكا,Headache; Nausea; Diarrhea; Abdominal pain; Vitamin B12/Mg deficiency (long-term),صداع؛ غثيان؛ إسهال؛ ألم البطن؛ نقص فيتامين ب12/مغنيسيوم (طويل الأمد),Concurrent nelfinavir; Hypersensitivity to PPIs,الاستخدام المتزامن مع نلفينافير؛ فرط الحساسية لمثبطات مضخة البروتون,Proton Pump Inhibitor (PPI),مثبط مضخة البروتون,Prescription,بوصفة طبية,Not Available,Purple,بنفسجي,Capsule,كبسولة,N 40,capsule_merged_dataset
KSA_114,Nexium,نيكسيوم,Esomeprazole,إيسوميبرازول,Esomeprazole Magnesium 20 mg,Capsule,كبسولة,20 mg,GERD; Peptic ulcer prevention,ارتجاع المريء؛ الوقاية من القرحة الهضمية,AstraZeneca,أسترازينيكا,Headache; Nausea; Flatulence; Abdominal pain,صداع؛ غثيان؛ انتفاخ؛ ألم البطن,Concurrent nelfinavir; PPI allergy,الاستخدام المتزامن مع نلفينافير؛ حساسية مثبطات مضخة البروتون,Proton Pump Inhibitor (PPI),مثبط مضخة البروتون,OTC,بدون وصفة,Not Available,Light Purple,بنفسجي فاتح,Capsule,كبسولة,N 20,capsule_merged_dataset
KSA_115,Losec,لوسيك,Omeprazole,أوميبرازول,Omeprazole 20 mg,Capsule,كبسولة,20 mg,GERD; Peptic ulcer; H. pylori (combination); NSAID-induced ulcer,ارتجاع المريء؛ القرحة الهضمية؛ الملوية البوابية (مشترك)؛ قرحة مسببة بالمسكنات,AstraZeneca,أسترازينيكا,Headache; Nausea; Diarrhea; Abdominal pain; Vitamin B12 deficiency (long-term),صداع؛ غثيان؛ إسهال؛ ألم البطن؛ نقص فيتامين ب12 (طويل الأمد),Concurrent nelfinavir; PPI allergy,الاستخدام المتزامن مع نلفينافير؛ حساسية مثبطات مضخة البروتون,Proton Pump Inhibitor (PPI),مثبط مضخة البروتون,OTC,بدون وصفة,Not Available,Pink/Brown,وردي/بني,Capsule,كبسولة,20mg,capsule_merged_dataset
KSA_116,Controloc,كونترولوك,Pantoprazole,بانتوبرازول,Pantoprazole Sodium 40 mg,Tablet,قرص,40 mg,GERD; Peptic ulcer; Zollinger-Ellison syndrome,ارتجاع المريء؛ القرحة الهضمية؛ متلازمة زولنجر إليسون,Takeda,تاكيدا,Headache; Diarrhea; Nausea; Abdominal pain; Flatulence,صداع؛ إسهال؛ غثيان؛ ألم البطن؛ انتفاخ,PPI allergy,حساسية مثبطات مضخة البروتون,Proton Pump Inhibitor (PPI),مثبط مضخة البروتون,Prescription,بوصفة طبية,medication_images/Controloc.jpg,Yellow,أصفر,Oval,بيضاوي,P 40,capsule_merged_dataset
KSA_117,Famotidine,فاموتيدين,Famotidine,فاموتيدين,Famotidine 40 mg,Tablet,قرص,40 mg,GERD; Peptic ulcer; Zollinger-Ellison syndrome,ارتجاع المريء؛ القرحة الهضمية؛ متلازمة زولنجر إليسون,Various,شركات متعددة,Headache; Dizziness; Constipation; Diarrhea,صداع؛ دوخة؛ إمساك؛ إسهال,Hypersensitivity to famotidine,فرط الحساسية للفاموتيدين,H2 Receptor Antagonist,حاصر مستقبلات H2,OTC,بدون وصفة,medication_images/Famotidine.jpg,Light Brown,بني فاتح,Round,دائري,FAM 40,capsule_merged_dataset
KSA_118,Motilium,موتيليوم,Domperidone,دومبيريدون,Domperidone 10 mg,Tablet,قرص,10 mg,Nausea; Vomiting; Gastroparesis; Functional dyspepsia,غثيان؛ قيء؛ خزل المعدة؛ عسر الهضم الوظيفي,Janssen,جانسن,Dry mouth; Headache; Diarrhea; QT prolongation (rare),جفاف الفم؛ صداع؛ إسهال؛ إطالة QT (نادر),Prolactinoma; GI obstruction/perforation/hemorrhage; Severe hepatic impairment; Concurrent QT-prolonging drugs,ورم البرولاكتين؛ انسداد/ثقب/نزيف الجهاز الهضمي؛ قصور كبدي شديد؛ الأدوية المطيلة لـ QT,Antiemetic / Prokinetic,مضاد للقيء / محرك للمعدة,Prescription,بوصفة طبية,Not Available,White,أبيض,Round,دائري,M/10,capsule_merged_dataset
KSA_119,Zofran,زوفران,Ondansetron,أوندانسيترون,Ondansetron HCl 4 mg,Tablet,قرص,4 mg,Nausea and vomiting (chemotherapy-induced; post-operative; pregnancy),الغثيان والقيء (المرتبط بالعلاج الكيميائي؛ بعد الجراحة؛ الحمل),GSK,جي إس كي,Headache; Constipation; Dizziness; QT prolongation,صداع؛ إمساك؛ دوخة؛ إطالة QT,Congenital long QT syndrome; Concurrent apomorphine; Hypersensitivity,متلازمة QT الطويلة الخلقية؛ الاستخدام المتزامن مع أبومورفين؛ فرط الحساسية,5-HT3 Receptor Antagonist (Antiemetic),مضاد مستقبلات 5-HT3 (مضاد للقيء),Prescription,بوصفة طبية,Not Available,Yellow,أصفر,Oval,بيضاوي,Z4,capsule_merged_dataset
KSA_120,Gaviscon,غافيسكون,Sodium Alginate/Sodium Bicarbonate,ألجينات الصوديوم/بيكربونات الصوديوم,Sodium Alginate 500 mg / Sodium Bicarbonate 267 mg,Chewable Tablet,قرص قابل للمضغ,500/267 mg,Heartburn; Acid reflux; GERD symptom relief,حرقة المعدة؛ ارتجاع الحمض؛ تخفيف أعراض ارتجاع المريء,Reckitt Benckiser,ريكيت بنكيزر,Bloating; Flatulence; Nausea (rare),انتفاخ؛ غازات؛ غثيان (نادر),Hypersensitivity to ingredients; Severe renal impairment (sodium content),فرط الحساسية للمكونات؛ قصور كلوي شديد (محتوى الصوديوم),Antacid / Alginate,مضاد حموضة / ألجينات,OTC,بدون وصفة,Not Available,White,أبيض,Round,دائري,GAV,capsule_merged_dataset
KSA_121,Duphalac,دوفالاك,Lactulose,لاكتولوز,Lactulose 3.35 g/5 mL,Syrup,شراب,3.35 g/5 mL,Constipation; Hepatic encephalopathy,الإمساك؛ الاعتلال الدماغي الكبدي,Abbott,أبوت,Flatulence; Abdominal cramps; Diarrhea; Nausea,انتفاخ؛ تقلصات بطنية؛ إسهال؛ غثيان,Galactosemia; Intestinal obstruction,الغالاكتوزيميا؛ انسداد معوي,Osmotic Laxative,ملين تناضحي,OTC,بدون وصفة,medication_images/Duphalac.jpg,Yellow liquid,سائل أصفر,Bottle,زجاجة,,capsule_merged_dataset
KSA_122,Imodium,إيموديوم,Loperamide,لوبيراميد,Loperamide HCl 2 mg,Capsule,كبسولة,2 mg,Acute diarrhea; Chronic diarrhea,الإسهال الحاد؛ الإسهال المزمن,Janssen,جانسن,Constipation; Abdominal cramps; Dizziness; Nausea,إمساك؛ تقلصات بطنية؛ دوخة؛ غثيان,Children <2 years; Dysentery; Acute ulcerative colitis; C. difficile colitis,الأطفال أقل من سنتين؛ الزحار؛ التهاب القولون التقرحي الحاد؛ التهاب القولون بالمطثية العسيرة,Antidiarrheal (Opioid Receptor Agonist),مضاد للإسهال (ناهض مستقبلات أفيونية),OTC,بدون وصفة,Not Available,Green/Grey,أخضر/رمادي,Capsule,كبسولة,IMO 2,capsule_merged_dataset
KSA_123,ORS (Oral Rehydration Salts),أملاح الإماهة الفموية,Electrolyte Mixture,مزيج الشوارد,NaCl + KCl + Sodium Citrate + Glucose,Powder for Solution,مسحوق للحل,WHO formula,Dehydration from diarrhea; Vomiting; Heat exhaustion,الجفاف الناتج عن الإسهال؛ القيء؛ الإنهاك الحراري,Various,شركات متعددة,Nausea; Vomiting (if taken too fast); Hypernatremia (incorrect preparation),غثيان؛ قيء (إذا أخذ بسرعة)؛ فرط الصوديوم (تحضير غير صحيح),Ileus; Intestinal obstruction; Severe vomiting,العلوص؛ انسداد معوي؛ قيء شديد,Electrolyte Replacement,بديل شوارد,OTC,بدون وصفة,Not Available,White powder,مسحوق أبيض,Sachet,كيس,ORS,capsule_merged_dataset
KSA_124,Maalox,مالوكس,Aluminium Hydroxide/Magnesium Hydroxide,هيدروكسيد الألمنيوم/هيدروكسيد المغنيسيوم,Al(OH)3 200 mg / Mg(OH)2 200 mg,Chewable Tablet,قرص قابل للمضغ,200/200 mg,Heartburn; Acid indigestion; Gastric hyperacidity,حرقة المعدة؛ عسر الهضم الحمضي؛ فرط حموضة المعدة,Sanofi,سانوفي,Constipation (Al); Diarrhea (Mg); Nausea,إمساك (ألمنيوم)؛ إسهال (مغنيسيوم)؛ غثيان,Severe renal impairment; Hypophosphatemia,قصور كلوي شديد؛ نقص الفوسفات,Antacid,مضاد حموضة,OTC,بدون وصفة,Not Available,White,أبيض,Round,دائري,MLX,capsule_merged_dataset
KSA_125,Buscopan,بسكوبان,Hyoscine Butylbromide,هيوسين بوتيل بروميد,Hyoscine Butylbromide 10 mg,Tablet,قرص,10 mg,Abdominal cramps; IBS; Renal colic; Biliary colic,تقلصات بطنية؛ متلازمة القولون العصبي؛ مغص كلوي؛ مغص صفراوي,Boehringer Ingelheim,بوهرنجر إنجلهايم,Dry mouth; Tachycardia; Blurred vision; Urinary retention,جفاف الفم؛ تسرع القلب؛ عدم وضوح الرؤية؛ احتباس البول,Glaucoma; Myasthenia gravis; Megacolon; Prostatic hypertrophy with urinary retention,الزرق؛ الوهن العضلي الوبيل؛ تضخم القولون؛ تضخم البروستاتا مع احتباس البول,Anticholinergic / Antispasmodic,مضاد كوليني / مضاد تشنج,OTC,بدون وصفة,medication_images/Buscopan.jpg,White,أبيض,Round,دائري,BUS,capsule_merged_dataset
KSA_126,Duspatalin,دوسباتالين,Mebeverine,ميبيفيرين,Mebeverine HCl 200 mg,Capsule,كبسولة,200 mg,Irritable bowel syndrome; Abdominal cramps; Colonic spasm,متلازمة القولون العصبي؛ تقلصات بطنية؛ تشنج القولون,Abbott,أبوت,Dizziness; Headache; Nausea; Rash (rare),دوخة؛ صداع؛ غثيان؛ طفح جلدي (نادر),Hypersensitivity to mebeverine; Paralytic ileus,فرط الحساسية للميبيفيرين؛ العلوص الشللي,Antispasmodic (Direct Smooth Muscle Relaxant),مضاد تشنج (مرخي مباشر للعضلات الملساء),OTC,بدون وصفة,medication_images/Duspatalin.jpg,White/Blue,أبيض/أزرق,Capsule,كبسولة,DUS 200,capsule_merged_dataset
KSA_127,Metoclopramide,ميتوكلوبراميد,Metoclopramide,ميتوكلوبراميد,Metoclopramide HCl 10 mg,Tablet,قرص,10 mg,Nausea; Vomiting; Gastroparesis; GERD,غثيان؛ قيء؛ خزل المعدة؛ ارتجاع المريء,Various,شركات متعددة,Drowsiness; Restlessness; Extrapyramidal symptoms; Tardive dyskinesia (chronic),نعاس؛ قلق؛ أعراض خارج هرمية؛ خلل الحركة المتأخر (مزمن),GI obstruction/perforation; Pheochromocytoma; Epilepsy; Parkinson's disease,انسداد/ثقب الجهاز الهضمي؛ ورم القواتم؛ الصرع؛ مرض باركنسون,Antiemetic / Prokinetic (Dopamine Antagonist),مضاد للقيء / محرك للمعدة (مضاد الدوبامين),Prescription,بوصفة طبية,Not Available,White,أبيض,Round,دائري,MCP 10,capsule_merged_dataset
KSA_128,Xanax,زاناكس,Alprazolam,ألبرازولام,Alprazolam 0.5 mg,Tablet,قرص,0.5 mg,Anxiety disorders; Panic disorder,اضطرابات القلق؛ اضطراب الهلع,Pfizer,فايزر,Drowsiness; Dizziness; Dependence; Memory impairment; Confusion,نعاس؛ دوخة؛ اعتماد؛ ضعف الذاكرة؛ ارتباك,Myasthenia gravis; Severe respiratory insufficiency; Sleep apnea; Severe hepatic impairment; Pregnancy,الوهن العضلي الوبيل؛ قصور تنفسي شديد؛ انقطاع التنفس أثناء النوم؛ قصور كبدي شديد؛ الحمل,Benzodiazepine,بنزوديازيبين,Controlled,دواء مراقب (بوصفة خاصة),Not Available,White,أبيض,Oval,بيضاوي,XANAX 0.5,capsule_merged_dataset
KSA_129,Valium,فاليوم,Diazepam,ديازيبام,Diazepam 5 mg,Tablet,قرص,5 mg,Anxiety; Muscle spasm; Alcohol withdrawal; Seizures (adjunct),القلق؛ تشنج عضلي؛ انسحاب الكحول؛ النوبات (مساعد),Roche,روش,Drowsiness; Dependence; Respiratory depression; Confusion; Ataxia,نعاس؛ اعتماد؛ اكتئاب تنفسي؛ ارتباك؛ رنح,Myasthenia gravis; Severe respiratory insufficiency; Sleep apnea; Severe hepatic impairment,الوهن العضلي الوبيل؛ قصور تنفسي شديد؛ انقطاع التنفس أثناء النوم؛ قصور كبدي شديد,Benzodiazepine,بنزوديازيبين,Controlled,دواء مراقب (بوصفة خاصة),Not Available,Yellow,أصفر,Round,دائري,ROCHE 5,capsule_merged_dataset
KSA_130,Ativan,أتيفان,Lorazepam,لورازيبام,Lorazepam 1 mg,Tablet,قرص,1 mg,Anxiety; Insomnia; Preoperative sedation; Status epilepticus (IV),القلق؛ الأرق؛ التخدير قبل الجراحة؛ الصرع المستمر (وريدي),Pfizer,فايزر,Drowsiness; Dizziness; Dependence; Respiratory depression; Weakness,نعاس؛ دوخة؛ اعتماد؛ اكتئاب تنفسي؛ ضعف,Myasthenia gravis; Severe respiratory insufficiency; Narrow-angle glaucoma; Severe hepatic impairment,الوهن العضلي الوبيل؛ قصور تنفسي شديد؛ الجلوكوما ضيقة الزاوية؛ قصور كبدي شديد,Benzodiazepine,بنزوديازيبين,Controlled,دواء مراقب (بوصفة خاصة),medication_images/Ativan.jpg,White,أبيض,Round,دائري,ATIVAN 1,capsule_merged_dataset
KSA_131,Zoloft,زولوفت,Sertraline,سيرترالين,Sertraline HCl 50 mg,Tablet,قرص,50 mg,Depression; OCD; Panic disorder; PTSD; Social anxiety; Premenstrual dysphoric disorder,اكتئاب؛ وسواس قهري؛ اضطراب الهلع؛ اضطراب ما بعد الصدمة؛ قلق اجتماعي؛ اضطراب ما قبل الحيض,Pfizer,فايزر,Nausea; Diarrhea; Insomnia; Headache; Sexual dysfunction; Dry mouth,غثيان؛ إسهال؛ أرق؛ صداع؛ ضعف جنسي؛ جفاف الفم,Concurrent MAOIs; Pimozide; Disulfiram (oral concentrate),الاستخدام المتزامن مع مثبطات MAO؛ بيموزيد؛ ديسولفيرام (المحلول الفموي),SSRI (Selective Serotonin Reuptake Inhibitor),مثبط انتقائي لاسترداد السيروتونين,Prescription,بوصفة طبية,Not Available,Light Blue,أزرق فاتح,Capsule-shaped,على شكل كبسولة,ZLT 50,capsule_merged_dataset
KSA_132,Zoloft,زولوفت,Sertraline,سيرترالين,Sertraline HCl 100 mg,Tablet,قرص,100 mg,Depression; OCD; Panic disorder; PTSD; Social anxiety,اكتئاب؛ وسواس قهري؛ اضطراب الهلع؛ اضطراب ما بعد الصدمة؛ قلق اجتماعي,Pfizer,فايزر,Nausea; Diarrhea; Insomnia; Headache; Sexual dysfunction; Tremor,غثيان؛ إسهال؛ أرق؛ صداع؛ ضعف جنسي؛ رعاش,Concurrent MAOIs; Pimozide,الاستخدام المتزامن مع مثبطات MAO؛ بيموزيد,SSRI (Selective Serotonin Reuptake Inhibitor),مثبط انتقائي لاسترداد السيروتونين,Prescription,بوصفة طبية,Not Available,Yellow,أصفر,Capsule-shaped,على شكل كبسولة,ZLT 100,capsule_merged_dataset
KSA_133,Prozac,بروزاك,Fluoxetine,فلوكسيتين,Fluoxetine HCl 20 mg,Capsule,كبسولة,20 mg,Depression; OCD; Bulimia nervosa; Panic disorder,اكتئاب؛ وسواس قهري؛ شره عصبي؛ اضطراب الهلع,Eli Lilly,إيلي ليلي,Nausea; Insomnia; Headache; Anxiety; Sexual dysfunction; Weight loss,غثيان؛ أرق؛ صداع؛ قلق؛ ضعف جنسي؛ فقدان الوزن,Concurrent MAOIs; Pimozide; Thioridazine,الاستخدام المتزامن مع مثبطات MAO؛ بيموزيد؛ ثيوريدازين,SSRI (Selective Serotonin Reuptake Inhibitor),مثبط انتقائي لاسترداد السيروتونين,Prescription,بوصفة طبية,Not Available,Green/White,أخضر/أبيض,Capsule,كبسولة,DISTA 3105,capsule_merged_dataset
KSA_134,Cipralex,سيبرالكس,Escitalopram,إسيتالوبرام,Escitalopram Oxalate 10 mg,Tablet,قرص,10 mg,Depression; Generalized anxiety disorder; Panic disorder; Social anxiety,اكتئاب؛ اضطراب القلق العام؛ اضطراب الهلع؛ قلق اجتماعي,Lundbeck,لوندبك,Nausea; Insomnia; Headache; Dry mouth; Sweating; Sexual dysfunction,غثيان؛ أرق؛ صداع؛ جفاف الفم؛ تعرق؛ ضعف جنسي,Concurrent MAOIs; QT prolongation risk; Pimozide,الاستخدام المتزامن مع مثبطات MAO؛ خطر إطالة QT؛ بيموزيد,SSRI (Selective Serotonin Reuptake Inhibitor),مثبط انتقائي لاسترداد السيروتونين,Prescription,بوصفة طبية,medication_images/Cipralex.jpg,White,أبيض,Oval,بيضاوي,E 10,capsule_merged_dataset
KSA_135,Cipralex,سيبرالكس,Escitalopram,إسيتالوبرام,Escitalopram Oxalate 20 mg,Tablet,قرص,20 mg,Depression; Generalized anxiety disorder,اكتئاب؛ اضطراب القلق العام,Lundbeck,لوندبك,Nausea; Insomnia; Headache; QT prolongation; Hyponatremia,غثيان؛ أرق؛ صداع؛ إطالة QT؛ نقص الصوديوم,Concurrent MAOIs; QT prolongation; Pimozide,الاستخدام المتزامن مع مثبطات MAO؛ إطالة QT؛ بيموزيد,SSRI (Selective Serotonin Reuptake Inhibitor),مثبط انتقائي لاسترداد السيروتونين,Prescription,بوصفة طبية,medication_images/Cipralex.jpg,White,أبيض,Oval,بيضاوي,E 20,capsule_merged_dataset
KSA_136,Effexor XR,إيفيكسور إكس آر,Venlafaxine,فنلافاكسين,Venlafaxine HCl 75 mg,Extended-release Capsule,كبسولة ممتدة المفعول,75 mg,Depression; Generalized anxiety disorder; Social anxiety; Panic disorder,اكتئاب؛ اضطراب القلق العام؛ القلق الاجتماعي؛ اضطراب الهلع,Pfizer,فايزر,Nausea; Insomnia; Dizziness; Sweating; Hypertension; Sexual dysfunction; Dry mouth,غثيان؛ أرق؛ دوخة؛ تعرق؛ ارتفاع ضغط الدم؛ ضعف جنسي؛ جفاف الفم,Concurrent MAOIs; Uncontrolled hypertension,الاستخدام المتزامن مع مثبطات MAO؛ ارتفاع ضغط الدم غير المسيطر عليه,SNRI (Serotonin-Norepinephrine Reuptake Inhibitor),مثبط انتقائي لاسترداد السيروتونين والنورأدرينالين,Prescription,بوصفة طبية,medication_images/Effexor_XR.jpg,Peach,خوخي,Capsule,كبسولة,W 75,capsule_merged_dataset
KSA_137,Effexor XR,إيفيكسور إكس آر,Venlafaxine,فنلافاكسين,Venlafaxine HCl 150 mg,Extended-release Capsule,كبسولة ممتدة المفعول,150 mg,Depression; Generalized anxiety disorder; Social anxiety,اكتئاب؛ اضطراب القلق العام؛ القلق الاجتماعي,Pfizer,فايزر,Hypertension; Nausea; Insomnia; Sweating; Serotonin syndrome (rare),ارتفاع ضغط الدم؛ غثيان؛ أرق؛ تعرق؛ متلازمة السيروتونين (نادرة),Concurrent MAOIs; Uncontrolled hypertension,الاستخدام المتزامن مع مثبطات MAO؛ ارتفاع ضغط الدم غير المسيطر عليه,SNRI (Serotonin-Norepinephrine Reuptake Inhibitor),مثبط انتقائي لاسترداد السيروتونين والنورأدرينالين,Prescription,بوصفة طبية,medication_images/Effexor_XR.jpg,Dark Orange,برتقالي غامق,Capsule,كبسولة,W 150,capsule_merged_dataset
KSA_138,Zyprexa,زيبريكسا,Olanzapine,أولانزابين,Olanzapine 5 mg,Tablet,قرص,5 mg,Schizophrenia; Bipolar disorder (manic episodes),الفصام؛ اضطراب ثنائي القطب (نوبات هوس),Eli Lilly,إيلي ليلي,Weight gain; Sedation; Dizziness; Hyperglycemia; Hyperlipidemia; Extrapyramidal symptoms,زيادة الوزن؛ تهدئة؛ دوخة؛ ارتفاع السكر؛ فرط الدهون؛ أعراض خارج هرمية,Narrow-angle glaucoma; Severe hepatic impairment,الجلوكوما ضيقة الزاوية؛ قصور كبدي شديد,Atypical Antipsychotic,مضاد ذهان غير نمطي,Prescription,بوصفة طبية,Not Available,White,أبيض,Round,دائري,LILLY 4115,capsule_merged_dataset
KSA_139,Zyprexa,زيبريكسا,Olanzapine,أولانزابين,Olanzapine 10 mg,Tablet,قرص,10 mg,Schizophrenia; Bipolar disorder; Treatment-resistant depression (adjunct),الفصام؛ اضطراب ثنائي القطب؛ الاكتئاب المقاوم للعلاج (مساعد),Eli Lilly,إيلي ليلي,Weight gain; Metabolic syndrome; Sedation; QT prolongation,زيادة الوزن؛ متلازمة الأيض؛ تهدئة؛ إطالة QT,Narrow-angle glaucoma; Severe hepatic impairment,الجلوكوما ضيقة الزاوية؛ قصور كبدي شديد,Atypical Antipsychotic,مضاد ذهان غير نمطي,Prescription,بوصفة طبية,Not Available,White,أبيض,Round,دائري,LILLY 4117,capsule_merged_dataset
KSA_140,Seroquel,سيروكويل,Quetiapine,كيتيابين,Quetiapine Fumarate 25 mg,Tablet,قرص,25 mg,Schizophrenia; Bipolar disorder; Adjunct in depression,الفصام؛ اضطراب ثنائي القطب؛ إضافي في الاكتئاب,AstraZeneca,أسترازينيكا,Sedation; Dizziness; Dry mouth; Weight gain; Orthostatic hypotension; Hyperglycemia,تهدئة؛ دوخة؛ جفاف الفم؛ زيادة الوزن؛ انخفاض ضغط انتصابي؛ ارتفاع السكر,Concurrent strong CYP3A4 inhibitors; Severe hepatic impairment,الاستخدام المتزامن مع مثبطات CYP3A4 القوية؛ قصور كبدي شديد,Atypical Antipsychotic,مضاد ذهان غير نمطي,Prescription,بوصفة طبية,Not Available,Peach,خوخي,Round,دائري,SEROQUEL 25,capsule_merged_dataset
KSA_141,Seroquel,سيروكويل,Quetiapine,كيتيابين,Quetiapine Fumarate 200 mg,Tablet,قرص,200 mg,Schizophrenia; Bipolar mania; Bipolar depression,الفصام؛ هوس ثنائي القطب؛ اكتئاب ثنائي القطب,AstraZeneca,أسترازينيكا,Sedation; Weight gain; Dry mouth; Metabolic syndrome; QT prolongation,تهدئة؛ زيادة الوزن؛ جفاف الفم؛ متلازمة الأيض؛ إطالة QT,Concurrent strong CYP3A4 inhibitors; History of QT prolongation,الاستخدام المتزامن مع مثبطات CYP3A4 القوية؛ تاريخ إطالة QT,Atypical Antipsychotic,مضاد ذهان غير نمطي,Prescription,بوصفة طبية,Not Available,White,أبيض,Round,دائري,SEROQUEL 200,capsule_merged_dataset
KSA_142,Risperdal,ريسبيردال,Risperidone,ريسبيريدون,Risperidone 2 mg,Tablet,قرص,2 mg,Schizophrenia; Bipolar mania; Irritability in autism,الفصام؛ هوس ثنائي القطب؛ سلوك عدواني في التوحد,Janssen,جانسن,Extrapyramidal symptoms; Weight gain; Hyperprolactinemia; Sedation; Orthostatic hypotension,أعراض خارج هرمية؛ زيادة الوزن؛ فرط البرولاكتين؛ تهدئة؛ انخفاض ضغط انتصابي,QT prolongation; Dementia-related psychosis (elderly),إطالة QT؛ ذهان مرتبط بالخرف (كبار السن),Atypical Antipsychotic,مضاد ذهان غير نمطي,Prescription,بوصفة طبية,medication_images/Risperdal_Consta_25mg_Injection.jpg,Orange,برتقالي,Round,دائري,JANSSEN 2,capsule_merged_dataset
KSA_143,Tegretol,تيغريتول,Carbamazepine,كاربامازيبين,Carbamazepine 200 mg,Tablet,قرص,200 mg,Epilepsy (partial/generalized seizures); Trigeminal neuralgia; Bipolar disorder,الصرع (نوبات جزئية/معممة)؛ ألم العصب ثلاثي التوائم؛ اضطراب ثنائي القطب,Novartis,نوفارتس,Dizziness; Diplopia; Ataxia; Hyponatremia; Stevens-Johnson syndrome (rare); Blood dyscrasias,دوخة؛ ازدواج الرؤية؛ رنح؛ نقص الصوديوم؛ متلازمة ستيفنز-جونسون (نادرة)؛ اضطرابات دموية,AV block; Bone marrow depression; MAOIs; Porphyria; HLA-B*1502 (Asian – SJS risk),إحصار أذيني بطيني؛ اكتئاب نقي العظم؛ مثبطات MAO؛ البورفيريا؛ HLA-B*1502 (آسيويون - خطر SJS),Antiepileptic – Sodium Channel Blocker,مضاد للصرع – حاصر قنوات الصوديوم,Prescription,بوصفة طبية,Not Available,White,أبيض,Round,دائري,TG200,capsule_merged_dataset
KSA_144,Epilim,إيبيليم,Sodium Valproate,فالبروات الصوديوم,Sodium Valproate 500 mg,Enteric-coated Tablet,قرص مغلف معوياً,500 mg,Epilepsy (all types); Bipolar disorder; Migraine prophylaxis,الصرع (جميع الأنواع)؛ اضطراب ثنائي القطب؛ الوقاية من الصداع النصفي,Sanofi,سانوفي,Tremor; Weight gain; Alopecia; Hepatotoxicity; Pancreatitis; Teratogenicity (neural tube defects),رعاش؛ زيادة الوزن؛ ثعلبة؛ سمية كبدية؛ التهاب البنكرياس؛ تشوهات خلقية (عيوب الأنبوب العصبي),Pregnancy; Hepatic disease; Urea cycle disorders; Mitochondrial disorders,الحمل؛ مرض كبدي؛ اضطرابات دورة اليوريا؛ اضطرابات الميتوكوندريا,Antiepileptic – GABA Enhancer,مضاد للصرع – محسّن GABA,Prescription,بوصفة طبية,medication_images/Epilim.jpg,Pink,وردي,Oval,بيضاوي,EP 500,capsule_merged_dataset
KSA_145,Keppra,كيبرا,Levetiracetam,ليفيتيراسيتام,Levetiracetam 500 mg,Tablet,قرص,500 mg,Epilepsy (partial; myoclonic; generalized tonic-clonic seizures),الصرع (نوبات جزئية؛ رمعية عضلية؛ معممة توترية ارتجاجية),UCB,يو سي بي,Somnolence; Asthenia; Dizziness; Behavioral changes; Headache; Nasopharyngitis,نعاس؛ وهن؛ دوخة؛ تغيرات سلوكية؛ صداع؛ التهاب البلعوم الأنفي,Hypersensitivity to levetiracetam,فرط الحساسية للفيتيراسيتام,Antiepileptic (SV2A Ligand),مضاد للصرع (رابط SV2A),Prescription,بوصفة طبية,Not Available,Blue,أزرق,Oblong,مستطيل,UCB 500,capsule_merged_dataset
KSA_146,Dilantin,ديلانتين,Phenytoin,فينيتوين,Phenytoin Sodium 100 mg,Capsule,كبسولة,100 mg,Epilepsy (tonic-clonic; partial seizures); Status epilepticus (IV),الصرع (توتري ارتجاجي؛ جزئي)؛ الصرع المستمر (وريدي),Pfizer,فايزر,Gingival hyperplasia; Ataxia; Diplopia; Nystagmus; Rash; Hirsutism; Osteoporosis,تضخم اللثة؛ رنح؛ ازدواج الرؤية؛ رأرأة؛ طفح جلدي؛ شعرانية؛ هشاشة العظام,Sinus bradycardia; SA/AV block; Concurrent delavirdine,بطء الجيب الأنفي؛ إحصار SA/AV؛ الاستخدام المتزامن مع ديلافيردين,Antiepileptic – Sodium Channel Blocker,مضاد للصرع – حاصر قنوات الصوديوم,Prescription,بوصفة طبية,medication_images/Dilantin.jpg,Orange/White,برتقالي/أبيض,Capsule,كبسولة,DILANTIN 100,capsule_merged_dataset
KSA_147,Haldol,هالدول,Haloperidol,هالوبيريدول,Haloperidol 5 mg,Tablet,قرص,5 mg,Schizophrenia; Acute psychosis; Tourette syndrome; Delirium; Nausea/Vomiting (refractory),الفصام؛ ذهان حاد؛ متلازمة توريت؛ هذيان؛ غثيان/قيء (مقاوم),Janssen,جانسن,Extrapyramidal symptoms; Tardive dyskinesia; QT prolongation; Hyperprolactinemia; Sedation,أعراض خارج هرمية؛ خلل الحركة المتأخر؛ إطالة QT؛ فرط البرولاكتين؛ تهدئة,QT prolongation; Parkinson disease; CNS depression; Comatose states,إطالة QT؛ مرض باركنسون؛ اكتئاب الجهاز العصبي المركزي؛ حالات الغيبوبة,Typical Antipsychotic (Butyrophenone),مضاد ذهان نمطي (بيوتيروفينون),Prescription,بوصفة طبية,Not Available,Yellow,أصفر,Round,دائري,HALDOL 5,capsule_merged_dataset
KSA_148,Eltroxin,إيلتروكسين,Levothyroxine,ليفوثيروكسين,Levothyroxine Sodium 50 mcg,Tablet,قرص,50 mcg,Hypothyroidism; Thyroid-stimulating hormone suppression (thyroid cancer),قصور الغدة الدرقية؛ قمع هرمون TSH (سرطان الغدة الدرقية),GSK,جي إس كي,Palpitations; Tachycardia; Weight loss; Insomnia; Heat intolerance; Tremor (if overdose),خفقان؛ تسرع القلب؛ فقدان الوزن؛ أرق؛ عدم تحمل الحرارة؛ رعاش (عند الجرعة الزائدة),Untreated adrenal insufficiency; Hyperthyroidism; Acute MI,قصور الكظر غير المعالج؛ فرط نشاط الغدة الدرقية؛ جلطة قلبية حادة,Thyroid Hormone Replacement,بديل هرمون الغدة الدرقية,Prescription,بوصفة طبية,medication_images/Eltroxin.jpg,White,أبيض,Round,دائري,E 50,capsule_merged_dataset
KSA_149,Eltroxin,إيلتروكسين,Levothyroxine,ليفوثيروكسين,Levothyroxine Sodium 100 mcg,Tablet,قرص,100 mcg,Hypothyroidism; TSH suppression therapy,قصور الغدة الدرقية؛ علاج قمع TSH,GSK,جي إس كي,Palpitations; Angina; Arrhythmias; Osteoporosis (long-term); Insomnia; Tremor,خفقان؛ ذبحة صدرية؛ اضطرابات نظم؛ هشاشة العظام (طويل الأمد)؛ أرق؛ رعاش,Untreated adrenal insufficiency; Hyperthyroidism; Acute MI; Severe arrhythmias,قصور الكظر غير المعالج؛ فرط نشاط الغدة الدرقية؛ جلطة قلبية حادة؛ اضطرابات نظم شديدة,Thyroid Hormone Replacement,بديل هرمون الغدة الدرقية,Prescription,بوصفة طبية,medication_images/Eltroxin.jpg,Yellow,أصفر,Round,دائري,E 100,capsule_merged_dataset
KSA_150,Prednisolone,بريدنيزولون,Prednisolone,بريدنيزولون,Prednisolone 5 mg,Tablet,قرص,5 mg,Inflammatory conditions; Autoimmune diseases; Asthma; Allergic reactions; Rheumatoid arthritis,الحالات الالتهابية؛ الأمراض المناعية الذاتية؛ الربو؛ التفاعلات التحسسية؛ التهاب المفاصل الروماتويدي,Various,شركات متعددة,Hyperglycemia; Weight gain; Osteoporosis; Hypertension; Adrenal suppression; Immunosuppression,ارتفاع السكر؛ زيادة الوزن؛ هشاشة العظام؛ ارتفاع ضغط الدم؛ قمع الغدة الكظرية؛ كبت المناعة,Systemic fungal infections; Live vaccines during immunosuppression,عدوى فطرية جهازية؛ اللقاحات الحية أثناء كبت المناعة,Systemic Corticosteroid,كورتيكوستيرويد جهازي,Prescription,بوصفة طبية,Not Available,White,أبيض,Round,دائري,P5,capsule_merged_dataset
KSA_151,Decadron,ديكادرون,Dexamethasone,ديكساميثازون,Dexamethasone 0.5 mg,Tablet,قرص,0.5 mg,Inflammatory conditions; Cerebral edema; COVID-19 (severe); Adrenal insufficiency; Nausea (chemo),الحالات الالتهابية؛ الوذمة الدماغية؛ كوفيد-19 (شديد)؛ قصور الكظر؛ غثيان العلاج الكيميائي,Various,شركات متعددة,Hyperglycemia; Hypertension; Osteoporosis; Adrenal suppression; Insomnia; Weight gain,ارتفاع السكر؛ ارتفاع ضغط الدم؛ هشاشة العظام؛ قمع الغدة الكظرية؛ أرق؛ زيادة الوزن,Systemic fungal infections; Live vaccines,عدوى فطرية جهازية؛ اللقاحات الحية,Systemic Corticosteroid,كورتيكوستيرويد جهازي,Prescription,بوصفة طبية,medication_images/Decadron.jpg,White,أبيض,Round,دائري,DX 0.5,capsule_merged_dataset
KSA_152,Medrol,ميدرول,Methylprednisolone,ميثيل بريدنيزولون,Methylprednisolone 4 mg,Tablet,قرص,4 mg,Inflammatory disorders; Autoimmune conditions; Allergic reactions; Spinal cord injury,الاضطرابات الالتهابية؛ الحالات المناعية الذاتية؛ التفاعلات التحسسية؛ إصابة الحبل الشوكي,Pfizer,فايزر,Hyperglycemia; Hypertension; Adrenal suppression; Peptic ulcer; Osteoporosis,ارتفاع السكر؛ ارتفاع ضغط الدم؛ قمع الغدة الكظرية؛ قرحة هضمية؛ هشاشة العظام,Systemic fungal infections; Live vaccines during high-dose therapy,عدوى فطرية جهازية؛ اللقاحات الحية أثناء العلاج بجرعات عالية,Systemic Corticosteroid,كورتيكوستيرويد جهازي,Prescription,بوصفة طبية,Not Available,White,أبيض,Oval,بيضاوي,MEDROL 4,capsule_merged_dataset
KSA_153,Hydrocortisone,هيدروكورتيزون,Hydrocortisone,هيدروكورتيزون,Hydrocortisone 20 mg,Tablet,قرص,20 mg,Adrenal insufficiency (Addison disease); Congenital adrenal hyperplasia,قصور الكظر (مرض أديسون)؛ تضخم الغدة الكظرية الخلقي,Various,شركات متعددة,Hyperglycemia; Hypertension; Osteoporosis; Weight gain; Adrenal suppression,ارتفاع السكر؛ ارتفاع ضغط الدم؛ هشاشة العظام؛ زيادة الوزن؛ قمع الغدة الكظرية,Systemic fungal infections (high dose); Live vaccines,عدوى فطرية جهازية (جرعة عالية)؛ اللقاحات الحية,Systemic Corticosteroid,كورتيكوستيرويد جهازي,Prescription,بوصفة طبية,Not Available,White,أبيض,Round,دائري,HC 20,capsule_merged_dataset
KSA_154,Neo-Mercazole,نيو-ميركازول,Carbimazole,كاربيمازول,Carbimazole 5 mg,Tablet,قرص,5 mg,Hyperthyroidism; Graves disease; Toxic nodular goitre,فرط نشاط الغدة الدرقية؛ مرض غريفز؛ تضخم الغدة الدرقية السام العقدي,Roche,روش,Agranulocytosis; Rash; Nausea; Arthralgia; Jaundice (rare),ندرة المحببات؛ طفح جلدي؛ غثيان؛ ألم مفاصل؛ يرقان (نادر),Agranulocytosis; Breastfeeding,ندرة المحببات؛ الرضاعة,Antithyroid Agent,مضاد للغدة الدرقية,Prescription,بوصفة طبية,Not Available,White,أبيض,Round,دائري,NM 5,capsule_merged_dataset
KSA_155,Propylthiouracil,بروبيلثيوراسيل,Propylthiouracil,بروبيلثيوراسيل,Propylthiouracil 50 mg,Tablet,قرص,50 mg,Hyperthyroidism; First trimester of pregnancy (preferred over carbimazole),فرط نشاط الغدة الدرقية؛ الثلث الأول من الحمل (مفضل على كاربيمازول),Various,شركات متعددة,Agranulocytosis; Hepatotoxicity; Rash; Nausea; Vasculitis (rare),ندرة المحببات؛ سمية كبدية؛ طفح جلدي؛ غثيان؛ التهاب الأوعية (نادر),Agranulocytosis; Severe hepatic impairment,ندرة المحببات؛ قصور كبدي شديد,Antithyroid Agent,مضاد للغدة الدرقية,Prescription,بوصفة طبية,Not Available,White,أبيض,Round,دائري,PTU 50,capsule_merged_dataset
KSA_156,Florinef,فلورينيف,Fludrocortisone,فلودروكورتيزون,Fludrocortisone Acetate 0.1 mg,Tablet,قرص,0.1 mg,Primary adrenal insufficiency (Addison disease); Salt-losing adrenogenital syndrome,قصور الكظر الأولي (مرض أديسون)؛ متلازمة الكظر التناسلية بفقد الملح,Pfizer,فايزر,Hypertension; Edema; Hypokalemia; Headache; Cardiac enlargement,ارتفاع ضغط الدم؛ وذمة؛ نقص البوتاسيوم؛ صداع؛ تضخم القلب,Systemic fungal infections; Congestive heart failure; Severe hypertension,عدوى فطرية جهازية؛ فشل القلب الاحتقاني؛ ارتفاع ضغط الدم الشديد,Mineralocorticoid,مادة قشرانية معدنية,Prescription,بوصفة طبية,Not Available,White,أبيض,Round,دائري,FLORINEF,capsule_merged_dataset
KSA_157,Metformin + Sitagliptin,ميتفورمين + سيتاغليبتين,Metformin/Sitagliptin,ميتفورمين/سيتاغليبتين,Metformin 500 mg / Sitagliptin 50 mg,Tablet,قرص,500/50 mg,Type 2 diabetes mellitus (combination),السكري من النوع الثاني (مشترك),MSD,إم إس دي,Nausea; Diarrhea; Headache; Hypoglycemia (rare as monotherapy); Lactic acidosis (rare),غثيان؛ إسهال؛ صداع؛ هبوط السكر (نادر كعلاج منفرد)؛ حماض لاكتيكي (نادر),Severe renal impairment; Type 1 diabetes; History of pancreatitis,قصور كلوي شديد؛ السكري من النوع الأول؛ تاريخ التهاب البنكرياس,DPP-4 Inhibitor + Biguanide,مثبط DPP-4 + بيغوانيد,Prescription,بوصفة طبية,Not Available,Light Green,أخضر فاتح,Capsule-shaped,على شكل كبسولة,515,capsule_merged_dataset
KSA_158,Vitamin D 1000,فيتامين د 1000,Cholecalciferol,كولكالسيفيرول,Cholecalciferol 1000 IU,Capsule,كبسولة,1000 IU,Vitamin D deficiency prevention; Bone health; Immune support,الوقاية من نقص فيتامين د؛ صحة العظام؛ دعم المناعة,Various,شركات متعددة,Hypercalcemia (overdose); Nausea; Constipation; Weakness (overdose),فرط كالسيوم الدم (جرعة زائدة)؛ غثيان؛ إمساك؛ ضعف (جرعة زائدة),Hypercalcemia; Vitamin D toxicity; Sarcoidosis,فرط كالسيوم الدم؛ سمية فيتامين د؛ الساركويدوز,Vitamin D Supplement,مكمل فيتامين د,OTC,بدون وصفة,medication_images/Augmentin_1000_Duo_Tablet.jpg,Yellow,أصفر,Capsule,كبسولة,VD1000,capsule_merged_dataset
KSA_159,Vitamin D 5000,فيتامين د 5000,Cholecalciferol,كولكالسيفيرول,Cholecalciferol 5000 IU,Capsule,كبسولة,5000 IU,Vitamin D deficiency treatment; Osteoporosis; Hypoparathyroidism,علاج نقص فيتامين د؛ هشاشة العظام؛ قصور الغدة الجار درقية,Various,شركات متعددة,Hypercalcemia; Hypercalciuria; Nausea; Weakness (at high doses),فرط كالسيوم الدم؛ فرط كالسيوم البول؛ غثيان؛ ضعف (بجرعات عالية),Hypercalcemia; Renal calculi; Vitamin D toxicity,فرط كالسيوم الدم؛ حصى الكلى؛ سمية فيتامين د,Vitamin D Supplement,مكمل فيتامين د,OTC,بدون وصفة,medication_images/Calcium_and_Vitamin_D.jpg,Yellow,أصفر,Capsule,كبسولة,VD5000,capsule_merged_dataset
KSA_160,Vitamin D 50000,فيتامين د 50000,Cholecalciferol,كولكالسيفيرول,Cholecalciferol 50000 IU,Capsule,كبسولة,50000 IU,Severe Vitamin D deficiency; Loading dose therapy,نقص فيتامين د الشديد؛ جرعة تحميل,Various,شركات متعددة,Hypercalcemia; Hypercalciuria; Renal calculi; Polyuria,فرط كالسيوم الدم؛ فرط كالسيوم البول؛ حصى الكلى؛ كثرة التبول,Hypercalcemia; Vitamin D toxicity; Sarcoidosis; Renal calculi,فرط كالسيوم الدم؛ سمية فيتامين د؛ الساركويدوز؛ حصى الكلى,Vitamin D Supplement (High Dose),مكمل فيتامين د (جرعة عالية),Prescription,بوصفة طبية,Not Available,White,أبيض,Capsule,كبسولة,VD50K,capsule_merged_dataset
KSA_161,Ferrous Sulfate,كبريتات الحديدوز,Ferrous Sulfate,كبريتات الحديدوز,Ferrous Sulfate 200 mg,Tablet,قرص,200 mg (65 mg elemental iron),Iron deficiency anemia; Iron supplementation in pregnancy,فقر الدم بنقص الحديد؛ مكمل الحديد أثناء الحمل,Various,شركات متعددة,Constipation; Nausea; Dark stools; Abdominal pain; Metallic taste,إمساك؛ غثيان؛ براز داكن؛ ألم بطن؛ طعم معدني,Hemochromatosis; Hemolytic anemia; Repeated blood transfusions,داء ترسب الأصبغة الدموية؛ فقر الدم الانحلالي؛ نقل الدم المتكرر,Iron Supplement,مكمل الحديد,OTC / Prescription,بدون وصفة / بوصفة طبية,medication_images/Ferrous_Sulfate.jpg,Green,أخضر,Round,دائري,FE 200,capsule_merged_dataset
KSA_162,Folic Acid,حمض الفوليك,Folic Acid,حمض الفوليك,Folic Acid 5 mg,Tablet,قرص,5 mg,Megaloblastic anemia; Neural tube defect prevention (pregnancy); Methotrexate adjunct,فقر الدم الضخم الأرومات؛ الوقاية من عيوب الأنبوب العصبي (حمل)؛ مكمل ميثوتريكسات,Various,شركات متعددة,Rarely: GI upset; Skin rash (hypersensitivity),نادراً: اضطراب هضمي؛ طفح جلدي (فرط الحساسية),Vitamin B12 deficiency (may mask diagnosis); Folic acid allergy,نقص فيتامين ب12 (قد يخفي التشخيص)؛ حساسية حمض الفوليك,B Vitamin (Folate),فيتامين ب (فولات),OTC / Prescription,بدون وصفة / بوصفة طبية,Not Available,Yellow,أصفر,Round,دائري,FA 5,capsule_merged_dataset
KSA_163,Calcium + Vitamin D,كالسيوم + فيتامين د,Calcium Carbonate / Cholecalciferol,كربونات الكالسيوم / كولكالسيفيرول,Calcium Carbonate 500 mg / Cholecalciferol 200 IU,Tablet,قرص,500/200 mg-IU,Osteoporosis prevention; Calcium deficiency; Hypoparathyroidism,الوقاية من هشاشة العظام؛ نقص الكالسيوم؛ قصور الغدة الجار درقية,Various,شركات متعددة,Constipation; Flatulence; Hypercalcemia (overdose); Renal calculi,إمساك؛ انتفاخ؛ فرط كالسيوم الدم (جرعة زائدة)؛ حصى الكلى,Hypercalcemia; Renal calculi; Severe renal impairment; Hypervitaminosis D,فرط كالسيوم الدم؛ حصى الكلى؛ قصور كلوي شديد؛ فرط فيتامين د,Calcium + Vitamin D Supplement,مكمل كالسيوم + فيتامين د,OTC,بدون وصفة,medication_images/Calcium_and_Vitamin_D.jpg,White,أبيض,Oval,بيضاوي,CA+D,capsule_merged_dataset
KSA_164,Vitamin B12,فيتامين ب12,Cyanocobalamin,سيانوكوبالامين,Cyanocobalamin 1000 mcg,Tablet,قرص,1000 mcg,Vitamin B12 deficiency; Pernicious anemia; Peripheral neuropathy; Metformin-induced B12 deficiency,نقص فيتامين ب12؛ فقر الدم الخبيث؛ اعتلال الأعصاب المحيطية؛ نقص ب12 بسبب الميتفورمين,Various,شركات متعددة,Rarely: itching; rash; diarrhea (all rare),نادراً: حكة؛ طفح جلدي؛ إسهال (جميعها نادرة),Hypersensitivity to cyanocobalamin or cobalt,فرط الحساسية للسيانوكوبالامين أو الكوبالت,Vitamin B12 Supplement,مكمل فيتامين ب12,OTC,بدون وصفة,medication_images/Calcium_and_Vitamin_D.jpg,Pink,وردي,Round,دائري,B12,capsule_merged_dataset
KSA_165,Centrum,سنتروم,Multivitamin / Multomineral,متعدد الفيتامينات / متعدد المعادن,Multivitamin and Mineral Complex,Tablet,قرص,Standard adult dose,General nutritional supplementation; Micronutrient deficiencies,مكمل غذائي عام؛ نقص العناصر الغذائية الدقيقة,Haleon / Pfizer,هاليون / فايزر,Nausea (if taken on empty stomach); Constipation; Dark stools (iron),غثيان (إذا أُخذ على معدة فارغة)؛ إمساك؛ براز داكن (حديد),Hemochromatosis; Hypervitaminosis A or D,داء ترسب الأصبغة الدموية؛ فرط فيتامين أ أو د,Multivitamin Supplement,مكمل متعدد الفيتامينات,OTC,بدون وصفة,medication_images/Centrum.jpg,Peach,خوخي,Oval,بيضاوي,CENTRUM,capsule_merged_dataset
KSA_166,Zinc,زنك,Zinc Sulfate,كبريتات الزنك,Zinc Sulfate 220 mg (50 mg elemental Zn),Capsule,كبسولة,220 mg,Zinc deficiency; Wound healing; Immune support; Diarrhea (in children),نقص الزنك؛ التئام الجروح؛ دعم المناعة؛ الإسهال (عند الأطفال),Various,شركات متعددة,Nausea; GI upset; Metallic taste; Copper deficiency (long-term high dose),غثيان؛ اضطراب هضمي؛ طعم معدني؛ نقص النحاس (جرعات عالية طويلة الأمد),Hypersensitivity to zinc; Concurrent fluoroquinolones (reduced absorption),فرط الحساسية للزنك؛ الكينولونات المتزامنة (تقليل الامتصاص),Zinc Supplement,مكمل الزنك,OTC,بدون وصفة,Not Available,White,أبيض,Capsule,كبسولة,ZN220,capsule_merged_dataset
KSA_167,Vitamin C,فيتامين ج,Ascorbic Acid,حمض الأسكوربيك,Ascorbic Acid 500 mg,Tablet,قرص,500 mg,Vitamin C deficiency (scurvy); Immune support; Iron absorption enhancement,نقص فيتامين ج (الإسقربوط)؛ دعم المناعة؛ تعزيز امتصاص الحديد,Various,شركات متعددة,GI upset; Kidney stones (high doses); Diarrhea,اضطراب هضمي؛ حصى الكلى (جرعات عالية)؛ إسهال,Kidney stones (oxalate); Hemochromatosis (with iron),حصى الكلى (أوكسالات)؛ داء ترسب الأصبغة الدموية (مع الحديد),Vitamin C (Water-soluble Vitamin),فيتامين ج (فيتامين قابل للذوبان في الماء),OTC,بدون وصفة,medication_images/Dalacin_C_150mg_Capsule.jpg,Orange,برتقالي,Round,دائري,VIT C 500,capsule_merged_dataset
KSA_168,Omega-3,أوميغا-3,Omega-3 Fatty Acids,أحماض أوميغا-3 الدهنية,EPA 360 mg / DHA 240 mg,Capsule,كبسولة,1000 mg,Hypertriglyceridemia; Cardiovascular health; Inflammatory conditions,فرط ثلاثيات الغليسريد؛ صحة القلب والأوعية؛ الحالات الالتهابية,Various,شركات متعددة,Fishy aftertaste; GI upset; Bleeding risk (high dose); Nausea,طعم سمكي لاحق؛ اضطراب هضمي؛ خطر نزيف (جرعة عالية)؛ غثيان,Fish/shellfish allergy; Active bleeding disorders,حساسية السمك/المحار؛ اضطرابات نزيف نشطة,Omega-3 Fatty Acid Supplement,مكمل أحماض أوميغا-3,OTC,بدون وصفة,Not Available,Yellow,أصفر,Capsule,كبسولة,OM3,capsule_merged_dataset
KSA_169,Magnesium,مغنيسيوم,Magnesium Oxide,أكسيد المغنيسيوم,Magnesium Oxide 500 mg,Tablet,قرص,500 mg,Magnesium deficiency; Constipation; Migraine prevention; Muscle cramps,نقص المغنيسيوم؛ إمساك؛ الوقاية من الصداع النصفي؛ تشنجات عضلية,Various,شركات متعددة,Diarrhea; Nausea; Abdominal cramping; Hypermagnesemia (renal impairment),إسهال؛ غثيان؛ تشنج بطن؛ فرط مغنيسيوم الدم (قصور كلوي),Severe renal impairment; Myasthenia gravis; Heart block,قصور كلوي شديد؛ الوهن العضلي الوبيل؛ إحصار قلبي,Magnesium Supplement,مكمل المغنيسيوم,OTC,بدون وصفة,Not Available,White,أبيض,Round,دائري,MG 500,capsule_merged_dataset
KSA_170,Biotin,بيوتين,Biotin,بيوتين,Biotin 5000 mcg,Tablet,قرص,5000 mcg,Biotin deficiency; Hair and nail growth; Skin health,نقص البيوتين؛ نمو الشعر والأظافر؛ صحة الجلد,Various,شركات متعددة,Rarely: skin rash; digestive upset; Interferes with lab tests (thyroid; troponin),نادراً: طفح جلدي؛ اضطراب هضمي؛ تتداخل مع نتائج المختبر (الغدة الدرقية؛ تروبونين),Hypersensitivity to biotin; Note: may interfere with lab immunoassays,فرط الحساسية للبيوتين؛ ملاحظة: قد تتداخل مع اختبارات المناعة المعملية,B Vitamin (Biotin/B7),فيتامين ب (بيوتين/ب7),OTC,بدون وصفة,medication_images/Biotin.jpg,White,أبيض,Oval,بيضاوي,BIO 5000,capsule_merged_dataset
KSA_171,Omnic,أومنيك,Tamsulosin,تامسولوسين,Tamsulosin HCl 0.4 mg,Modified-release Capsule,كبسولة ممتدة المفعول,0.4 mg,Benign prostatic hyperplasia (BPH),تضخم البروستاتا الحميد,Boehringer Ingelheim,بوهرنجر إنجلهايم,Orthostatic hypotension; Dizziness; Abnormal ejaculation; Headache; Retrograde ejaculation,انخفاض ضغط انتصابي؛ دوخة؛ قذف شاذ؛ صداع؛ قذف رجعي,Concurrent strong CYP3A4/2D6 inhibitors; Orthostatic hypotension history; Severe hepatic impairment,الاستخدام المتزامن مع مثبطات CYP3A4/2D6 القوية؛ تاريخ انخفاض ضغط انتصابي؛ قصور كبدي شديد,Alpha-1 Adrenergic Blocker,حاصر ألفا-1 الأدرينالي,Prescription,بوصفة طبية,Not Available,Orange/White,برتقالي/أبيض,Capsule,كبسولة,OA 04,capsule_merged_dataset
KSA_172,Proscar,بروسكار,Finasteride,فيناستيريد,Finasteride 5 mg,Tablet,قرص,5 mg,Benign prostatic hyperplasia (BPH),تضخم البروستاتا الحميد,MSD,إم إس دي,Sexual dysfunction; Decreased libido; Ejaculation disorders; Gynecomastia; Teratogenicity (to male fetus),ضعف جنسي؛ انخفاض الرغبة الجنسية؛ اضطرابات القذف؛ تثدي؛ تشوه جنيني (للجنين الذكر),Pregnancy (handling crushed tablets); Female patients,الحمل (التعامل مع الأقراص المسحوقة)؛ المريضات,5-Alpha Reductase Inhibitor,مثبط 5-ألفا ريداكتيز,Prescription,بوصفة طبية,Not Available,Blue,أزرق,Oval,بيضاوي,MSD 72,capsule_merged_dataset
KSA_173,Avodart,أفودارت,Dutasteride,دوتاستيريد,Dutasteride 0.5 mg,Capsule,كبسولة,0.5 mg,Benign prostatic hyperplasia (BPH),تضخم البروستاتا الحميد,GSK,جي إس كي,Sexual dysfunction; Decreased libido; Gynecomastia; Breast tenderness; Teratogenicity,ضعف جنسي؛ انخفاض الرغبة الجنسية؛ تثدي؛ ألم الثدي؛ تشوه جنيني,Pregnancy (handling); Female patients; Hepatic impairment,الحمل (التعامل)؛ المريضات؛ قصور كبدي,5-Alpha Reductase Inhibitor (Dual),مثبط 5-ألفا ريداكتيز (مزدوج),Prescription,بوصفة طبية,medication_images/Avodart.jpg,Yellow,أصفر,Capsule,كبسولة,GX CE2,capsule_merged_dataset
KSA_174,Cardura,كاردورا,Doxazosin,دوكسازوسين,Doxazosin Mesylate 4 mg,Tablet,قرص,4 mg,Benign prostatic hyperplasia; Hypertension,تضخم البروستاتا الحميد؛ ارتفاع ضغط الدم,Pfizer,فايزر,Orthostatic hypotension; Dizziness; Headache; Fatigue; Palpitations; Rhinitis,انخفاض ضغط انتصابي؛ دوخة؛ صداع؛ إرهاق؛ خفقان؛ التهاب الأنف,Concurrent PDE-5 inhibitors (risk of severe hypotension),الاستخدام المتزامن مع مثبطات PDE-5 (خطر انخفاض شديد في الضغط),Alpha-1 Adrenergic Blocker,حاصر ألفا-1 الأدرينالي,Prescription,بوصفة طبية,medication_images/Cardura.jpg,White,أبيض,Diamond,معيّن,CDR 4,capsule_merged_dataset
KSA_175,Viagra,فياغرا,Sildenafil,سيلدينافيل,Sildenafil Citrate 50 mg,Tablet,قرص,50 mg,Erectile dysfunction; Pulmonary arterial hypertension,ضعف الانتصاب؛ ارتفاع ضغط الشريان الرئوي,Pfizer,فايزر,Headache; Flushing; Dyspepsia; Blurred vision; Nasal congestion; Hypotension,صداع؛ احمرار الوجه؛ عسر الهضم؛ عدم وضوح الرؤية؛ احتقان الأنف؛ انخفاض ضغط الدم,Concurrent nitrates or nitric oxide donors; Severe hepatic impairment; Hypotension,الاستخدام المتزامن مع النترات أو مانحي أكسيد النيتريك؛ قصور كبدي شديد؛ انخفاض ضغط الدم,PDE-5 Inhibitor,مثبط فوسفوديستراز-5,Prescription,بوصفة طبية,medication_images/Viagra_50mg_Tablet.jpg,Blue,أزرق,Diamond,معيّن,VGR 50,capsule_merged_dataset
KSA_176,Viagra,فياغرا,Sildenafil,سيلدينافيل,Sildenafil Citrate 100 mg,Tablet,قرص,100 mg,Erectile dysfunction,ضعف الانتصاب,Pfizer,فايزر,Headache; Flushing; Dyspepsia; Priapism (rare); Vision changes; Hearing loss (rare),صداع؛ احمرار الوجه؛ عسر الهضم؛ الانتصاب المؤلم (نادر)؛ تغيرات البصر؛ فقدان السمع (نادر),Concurrent nitrates; Severe hepatic impairment; Hypotension; Retinitis pigmentosa,الاستخدام المتزامن مع النترات؛ قصور كبدي شديد؛ انخفاض ضغط الدم؛ التهاب الشبكية الصباغي,PDE-5 Inhibitor,مثبط فوسفوديستراز-5,Prescription,بوصفة طبية,medication_images/Viagra_50mg_Tablet.jpg,Blue,أزرق,Diamond,معيّن,VGR 100,capsule_merged_dataset
KSA_177,Cialis,سياليس,Tadalafil,تادالافيل,Tadalafil 20 mg,Tablet,قرص,20 mg,Erectile dysfunction; Benign prostatic hyperplasia; Pulmonary arterial hypertension,ضعف الانتصاب؛ تضخم البروستاتا الحميد؛ ارتفاع ضغط الشريان الرئوي,Eli Lilly,إيلي ليلي,Headache; Flushing; Dyspepsia; Back pain; Myalgia; Nasal congestion,صداع؛ احمرار الوجه؛ عسر الهضم؛ ألم الظهر؛ ألم عضلي؛ احتقان الأنف,Concurrent nitrates; Severe hepatic/renal impairment; History of non-arteritic ischemic optic neuropathy,الاستخدام المتزامن مع النترات؛ قصور كبدي/كلوي شديد؛ تاريخ اعتلال العصب البصري الإقفاري,PDE-5 Inhibitor,مثبط فوسفوديستراز-5,Prescription,بوصفة طبية,medication_images/Cialis.jpg,Yellow,أصفر,Almond-shaped,على شكل لوزة,C 20,capsule_merged_dataset
KSA_178,Vesicare,فيسيكير,Solifenacin,سوليفيناسين,Solifenacin Succinate 5 mg,Tablet,قرص,5 mg,Overactive bladder (urinary urgency; frequency; urge incontinence),المثانة المفرطة النشاط (إلحاح بولي؛ تكرار؛ سلس بولي إلحاحي),Astellas,أستيلاس,Dry mouth; Constipation; Blurred vision; Urinary retention; Somnolence,جفاف الفم؛ إمساك؛ عدم وضوح الرؤية؛ احتباس بولي؛ نعاس,Urinary retention; Gastric retention; Uncontrolled narrow-angle glaucoma; Myasthenia gravis,احتباس بولي؛ احتباس معدي؛ جلوكوما ضيقة الزاوية غير مسيطر عليها؛ الوهن العضلي الوبيل,Antimuscarinic (Urinary),مضاد للمسكارين (بولي),Prescription,بوصفة طبية,Not Available,Light Yellow,أصفر فاتح,Round,دائري,150,capsule_merged_dataset
KSA_179,Ditropan,ديتروبان,Oxybutynin,أوكسيبيوتينين,Oxybutynin HCl 5 mg,Tablet,قرص,5 mg,Overactive bladder; Urge incontinence; Neurogenic bladder,المثانة المفرطة النشاط؛ سلس بولي إلحاحي؛ المثانة العصبية,Various,شركات متعددة,Dry mouth; Constipation; Blurred vision; Tachycardia; Urinary retention; Drowsiness,جفاف الفم؛ إمساك؛ عدم وضوح الرؤية؛ تسرع القلب؛ احتباس بولي؛ نعاس,Urinary/gastric retention; Angle-closure glaucoma; Ulcerative colitis; Myasthenia gravis,احتباس بولي/معدي؛ جلوكوما انغلاق الزاوية؛ التهاب القولون التقرحي؛ الوهن العضلي الوبيل,Antimuscarinic (Urinary),مضاد للمسكارين (بولي),Prescription,بوصفة طبية,medication_images/Ditropan.jpg,Blue,أزرق,Round,دائري,OXY 5,capsule_merged_dataset
KSA_180,Dermovate,ديرموفيت,Clobetasol Propionate,كلوبيتازول بروبيونات,Clobetasol Propionate 0.05% w/w,Cream,كريم,0.05%,Severe inflammatory skin conditions; Psoriasis; Lichen planus; Discoid lupus,حالات جلدية التهابية شديدة؛ الصدفية؛ الحزاز المسطح؛ الذئبة القرصية,GSK,جي إس كي,Skin atrophy; Striae; Telangiectasia; HPA axis suppression; Acne; Perioral dermatitis,ضمور الجلد؛ شريات؛ توسع الشعريات؛ قمع محور HPA؛ حب الشباب؛ التهاب جلد حول الفم,Rosacea; Acne; Perioral dermatitis; Skin infections; Perianal/genital areas (caution),وردية الوجه؛ حب الشباب؛ التهاب جلد حول الفم؛ عدوى جلدية؛ المناطق المحيطة بالشرج/التناسلية (بحذر),Topical Corticosteroid (Very Potent),كورتيكوستيرويد موضعي (قوي جداً),Prescription,بوصفة طبية,medication_images/Dermovate.jpg,White,أبيض,Cream tube,أنبوب كريم,,capsule_merged_dataset
KSA_181,Betnovate,بيتنوفيت,Betamethasone Valerate,بيتاميثازون فاليرات,Betamethasone Valerate 0.1% w/w,Cream,كريم,0.1%,Eczema; Dermatitis; Psoriasis; Inflammatory skin conditions,أكزيما؛ التهاب جلد؛ صدفية؛ حالات جلدية التهابية,GSK,جي إس كي,Skin atrophy; Striae; Local irritation; HPA axis suppression (extensive/prolonged use),ضمور الجلد؛ شريات؛ تهيج موضعي؛ قمع محور HPA (استخدام واسع/مطول),Viral; fungal; or bacterial skin infections; Acne; Rosacea; Perioral dermatitis,عدوى جلدية فيروسية/فطرية/بكتيرية؛ حب الشباب؛ وردية الوجه؛ التهاب جلد حول الفم,Topical Corticosteroid (Potent),كورتيكوستيرويد موضعي (قوي),Prescription,بوصفة طبية,medication_images/Betnovate.jpg,White,أبيض,Cream tube,أنبوب كريم,,capsule_merged_dataset
KSA_182,Canesten,كانيستن,Clotrimazole,كلوتريمازول,Clotrimazole 1% w/w,Cream,كريم,1%,Fungal skin infections (tinea pedis; tinea corporis; tinea cruris); Candidiasis,عدوى جلدية فطرية (قدم الرياضي؛ سعفة الجسم؛ سعفة الفخذ)؛ داء المبيضات,Bayer,باير,Local irritation; Burning; Skin rash; Pruritus (uncommon),تهيج موضعي؛ حرقان؛ طفح جلدي؛ حكة (غير شائع),Hypersensitivity to clotrimazole,فرط الحساسية للكلوتريمازول,Topical Antifungal (Azole),مضاد فطري موضعي (أزول),OTC,بدون وصفة,medication_images/Canesten.jpg,White,أبيض,Cream tube,أنبوب كريم,,capsule_merged_dataset
KSA_183,Nizoral,نيزورال,Ketoconazole,كيتوكونازول,Ketoconazole 2% w/w,Cream,كريم,2%,Fungal skin infections; Seborrheic dermatitis; Dandruff (shampoo),عدوى جلدية فطرية؛ التهاب الجلد الدهني؛ قشرة الرأس (شامبو),Janssen,جانسن,Skin irritation; Burning; Pruritus; Rare hypersensitivity,تهيج جلدي؛ حرقان؛ حكة؛ فرط حساسية نادر,Hypersensitivity to ketoconazole,فرط الحساسية للكيتوكونازول,Topical Antifungal (Azole),مضاد فطري موضعي (أزول),OTC / Prescription,بدون وصفة / بوصفة طبية,Not Available,White,أبيض,Cream tube,أنبوب كريم,,capsule_merged_dataset
KSA_184,Bactroban,باكتروبان,Mupirocin,موبيروسين,Mupirocin 2% w/w,Ointment,مرهم,2%,Bacterial skin infections (impetigo; folliculitis); MRSA nasal decolonization,عدوى جلدية بكتيرية (قوباء؛ التهاب بصيلات شعر)؛ إزالة استعمار MRSA الأنفي,GSK,جي إس كي,Local burning; Stinging; Pruritus; Erythema; Dry skin,حرقان موضعي؛ لسعة؛ حكة؛ احمرار؛ جفاف الجلد,Hypersensitivity to mupirocin; Avoid eyes,فرط الحساسية للموبيروسين؛ تجنب العيون,Topical Antibiotic (Pseudomonic Acid),مضاد حيوي موضعي (حمض السودوموني),Prescription,بوصفة طبية,medication_images/Bactroban.jpg,White,أبيض,Ointment tube,أنبوب مرهم,,capsule_merged_dataset
KSA_185,Retin-A,ريتين-أ,Tretinoin,تريتينوين,Tretinoin 0.025% w/w,Cream,كريم,0.025%,Acne vulgaris; Photoaged skin; Keratosis pilaris,حب الشباب الشائع؛ شيخوخة الجلد الضوئية؛ التقران الشعيري,Janssen,جانسن,Skin dryness; Erythema; Peeling; Photosensitivity; Burning sensation,جفاف الجلد؛ احمرار؛ تقشر؛ حساسية للضوء؛ إحساس بالحرق,Pregnancy; Eczema; Rosacea; Sunburned skin; Hypersensitivity,الحمل؛ أكزيما؛ وردية الوجه؛ حرق شمس؛ فرط الحساسية,Topical Retinoid,ريتينويد موضعي,Prescription,بوصفة طبية,Not Available,Cream-white,أبيض كريمي,Cream tube,أنبوب كريم,,capsule_merged_dataset
KSA_186,Rogaine,روغين,Minoxidil,مينوكسيديل,Minoxidil 5% w/v,Topical Solution,محلول موضعي,5%,Androgenetic alopecia (male-pattern and female-pattern hair loss),الثعلبة الأندروجينية (تساقط الشعر الذكوري والأنثوي),Johnson & Johnson,جونسون وجونسون,Scalp irritation; Hypertrichosis; Contact dermatitis; Tachycardia (rare - systemic absorption),تهيج فروة الرأس؛ فرط الشعر؛ التهاب جلد تماسي؛ تسرع القلب (نادر - امتصاص جهازي),Hypersensitivity to minoxidil or propylene glycol; Avoid mucous membranes,فرط الحساسية لمينوكسيديل أو بروبيلين غليكول؛ تجنب الأغشية المخاطية,Topical Vasodilator (Hair Loss),موسع أوعية موضعي (لتساقط الشعر),OTC,بدون وصفة,Not Available,Clear solution,محلول شفاف,Bottle,زجاجة,,capsule_merged_dataset
KSA_187,Fucidin,فيوسيدين,Fusidic Acid,حمض الفيوسيديك,Fusidic Acid 2% w/w,Cream,كريم,2%,Bacterial skin infections (impetigo; infected eczema; folliculitis),عدوى جلدية بكتيرية (قوباء؛ أكزيما مصابة؛ التهاب بصيلات شعر),Leo Pharma,ليو فارما,Local irritation; Hypersensitivity reactions; Rarely systemic absorption effects,تهيج موضعي؛ تفاعلات فرط حساسية؛ نادراً آثار الامتصاص الجهازي,Hypersensitivity to fusidic acid,فرط الحساسية لحمض الفيوسيديك,Topical Antibiotic (Fusidane),مضاد حيوي موضعي (فيوسيدان),Prescription,بوصفة طبية,Not Available,White,أبيض,Cream tube,أنبوب كريم,,capsule_merged_dataset
KSA_188,Elimite,إليمايت,Permethrin,بيرميثرين,Permethrin 5% w/w,Cream,كريم,5%,Scabies; Pediculosis,الجرب؛ قمل الجسم,Various,شركات متعددة,Burning; Stinging; Itching; Erythema; Rash at application site,حرقان؛ لسعة؛ حكة؛ احمرار؛ طفح جلدي في موضع التطبيق,Hypersensitivity to permethrin; chrysanthemums; or pyrethrins,فرط الحساسية لبيرميثرين أو الأقحوان أو البيرثرينات,Antiparasitic (Pyrethroid),مضاد للطفيليات (بيرثرويد),Prescription,بوصفة طبية,medication_images/Elimite.jpg,White,أبيض,Cream tube,أنبوب كريم,,capsule_merged_dataset
KSA_189,Hydrocortisone 1%,هيدروكورتيزون 1%,Hydrocortisone,هيدروكورتيزون,Hydrocortisone 1% w/w,Cream,كريم,1%,Mild inflammatory skin conditions; Insect bites; Contact dermatitis; Eczema,حالات جلدية التهابية خفيفة؛ لدغات الحشرات؛ التهاب جلد تماسي؛ أكزيما,Various,شركات متعددة,Skin thinning (with prolonged use); Local irritation; Acne,ترقق الجلد (مع الاستخدام المطول)؛ تهيج موضعي؛ حب الشباب,Skin infections (bacterial; viral; fungal); Rosacea; Acne (do not apply),عدوى جلدية (بكتيرية؛ فيروسية؛ فطرية)؛ وردية الوجه؛ حب الشباب (لا تطبق),Topical Corticosteroid (Mild),كورتيكوستيرويد موضعي (خفيف),OTC,بدون وصفة,Not Available,White,أبيض,Cream tube,أنبوب كريم,,capsule_merged_dataset
KSA_190,Timoptol,تيموبتول,Timolol,تيمولول,Timolol Maleate 0.5%,Eye Drops,قطرة عينية,0.5%,Glaucoma (open-angle); Ocular hypertension,الجلوكوما (مفتوحة الزاوية)؛ ارتفاع ضغط العين,MSD,إم إس دي,Ocular stinging; Blurred vision; Bradycardia; Bronchospasm (systemic absorption); Fatigue,وخز العين؛ عدم وضوح الرؤية؛ بطء القلب؛ تشنج قصبي (امتصاص جهازي)؛ إرهاق,Asthma; COPD; Sinus bradycardia; AV block; Cardiogenic shock,الربو؛ مرض الانسداد الرئوي المزمن؛ بطء الجيب الأنفي؛ إحصار أذيني بطيني؛ صدمة قلبية,Beta-Blocker Eye Drops,حاصر بيتا للعين,Prescription,بوصفة طبية,Not Available,Clear,شفاف,Eye drop bottle,زجاجة قطرة عينية,,capsule_merged_dataset
KSA_191,Xalatan,زالاتان,Latanoprost,لاتانوبروست,Latanoprost 0.005%,Eye Drops,قطرة عينية,0.005%,Glaucoma (open-angle); Ocular hypertension,الجلوكوما (مفتوحة الزاوية)؛ ارتفاع ضغط العين,Pfizer,فايزر,Iris pigmentation change; Eyelash growth; Ocular irritation; Conjunctival hyperemia,تغيير تصبغ القزحية؛ نمو الرموش؛ تهيج العين؛ احتقان الملتحمة,Hypersensitivity to latanoprost; Aphakia (avoid),فرط الحساسية للاتانوبروست؛ الحبسة العدسية (تجنب),Prostaglandin Analogue Eye Drops,قطرة عينية من نظائر البروستاغلاندين,Prescription,بوصفة طبية,Not Available,Clear,شفاف,Eye drop bottle,زجاجة قطرة عينية,,capsule_merged_dataset
KSA_192,Refresh Tears,ريفريش تيرز,Carboxymethylcellulose,كربوكسيميثيل سيلولوز,Carboxymethylcellulose Sodium 0.5%,Eye Drops,قطرة عينية,0.5%,Dry eye syndrome; Ocular lubricant,متلازمة العين الجافة؛ مشحم العين,Allergan,أليرغان,Transient blurred vision; Mild eye irritation (uncommon),عدم وضوح الرؤية العابر؛ تهيج خفيف للعين (غير شائع),Hypersensitivity to ingredients,فرط الحساسية للمكونات,Artificial Tear / Ocular Lubricant,دموع اصطناعية / مشحم العين,OTC,بدون وصفة,Not Available,Clear,شفاف,Eye drop bottle,زجاجة قطرة عينية,,capsule_merged_dataset
KSA_193,Ciloxan,سيلوكسان,Ciprofloxacin,سيبروفلوكساسين,Ciprofloxacin HCl 0.3%,Eye Drops,قطرة عينية,0.3%,Bacterial conjunctivitis; Bacterial keratitis; Corneal ulcer,التهاب الملتحمة الجرثومي؛ التهاب قرنية جرثومي؛ قرحة القرنية,Alcon,ألكون,Ocular discomfort; White crystalline precipitate; Corneal staining; Eyelid pruritus,انزعاج عيني؛ ترسب بلوري أبيض؛ تلطيخ القرنية؛ حكة الجفن,Hypersensitivity to ciprofloxacin or quinolones,فرط الحساسية للسيبروفلوكساسين أو الكينولونات,Topical Fluoroquinolone,فلوروكينولون موضعي للعين,Prescription,بوصفة طبية,medication_images/Ciloxan.jpg,Clear,شفاف,Eye drop bottle,زجاجة قطرة عينية,,capsule_merged_dataset
KSA_194,Tobrex,توبريكس,Tobramycin,توبراميسين,Tobramycin 0.3%,Eye Drops,قطرة عينية,0.3%,Bacterial eye infections; Conjunctivitis; Keratitis,عدوى العين البكتيرية؛ التهاب الملتحمة؛ التهاب القرنية,Alcon,ألكون,Ocular irritation; Lid itching; Conjunctival erythema; Lacrimation,تهيج العين؛ حكة الجفن؛ احمرار الملتحمة؛ تدمع,Hypersensitivity to tobramycin or aminoglycosides,فرط الحساسية للتوبراميسين أو الأمينوغليكوسيدات,Topical Aminoglycoside Antibiotic,مضاد حيوي أمينوغليكوسيد موضعي للعين,Prescription,بوصفة طبية,Not Available,Clear,شفاف,Eye drop bottle,زجاجة قطرة عينية,,capsule_merged_dataset
KSA_195,Maxidex,ماكسيديكس,Dexamethasone,ديكساميثازون,Dexamethasone 0.1%,Eye Drops,قطرة عينية,0.1%,Ocular inflammation (post-surgical; uveitis; allergic conjunctivitis),التهاب العين (ما بعد الجراحة؛ التهاب العنبية؛ التهاب الملتحمة التحسسي),Alcon,ألكون,Raised intraocular pressure; Cataract formation; Delayed wound healing; Secondary infection,ارتفاع ضغط العين؛ تكون الساد؛ تأخر التئام الجروح؛ عدوى ثانوية,Viral; fungal or mycobacterial eye infections; Acute herpes simplex keratitis,عدوى فيروسية/فطرية/ميكوباكتيرية للعين؛ التهاب القرنية الهربسي الحاد,Topical Corticosteroid Eye Drops,قطرة عينية كورتيكوستيرويد موضعية,Prescription,بوصفة طبية,Not Available,Clear,شفاف,Eye drop bottle,زجاجة قطرة عينية,,capsule_merged_dataset
KSA_196,Xarelto,زاريلتو,Rivaroxaban,ريفاروكسابان,Rivaroxaban 20 mg,Tablet,قرص,20 mg,DVT/PE treatment and prevention; Stroke prevention in atrial fibrillation; ACS adjunct,علاج ووقاية DVT/PE؛ الوقاية من السكتة في الرجفان الأذيني؛ متلازمة الشريان التاجي الحادة,Bayer / Janssen,باير / جانسن,Bleeding; Bruising; Nausea; Elevated liver enzymes; Anemia,نزيف؛ كدمات؛ غثيان؛ ارتفاع إنزيمات الكبد؛ فقر الدم,Active significant bleeding; Severe hepatic impairment; Pregnancy; Antiphospholipid syndrome,نزيف نشط معتد به؛ قصور كبدي شديد؛ الحمل؛ متلازمة أضداد الفوسفوليبيد,DOAC – Factor Xa Inhibitor,مضاد تخثر مباشر – مثبط العامل Xa,Prescription,بوصفة طبية,Not Available,Dark Red,أحمر غامق,Round,دائري,Xa 20,capsule_merged_dataset
KSA_197,Eliquis,إليكويس,Apixaban,أبيكسابان,Apixaban 5 mg,Tablet,قرص,5 mg,DVT/PE treatment and prevention; Stroke prevention in atrial fibrillation,علاج ووقاية DVT/PE؛ الوقاية من السكتة في الرجفان الأذيني,Bristol-Myers Squibb / Pfizer,بريستول مايرز سكويب / فايزر,Bleeding; Bruising; Nausea; Anemia,نزيف؛ كدمات؛ غثيان؛ فقر الدم,Active significant bleeding; Severe hepatic impairment; Pregnancy; Prosthetic heart valves,نزيف نشط معتد به؛ قصور كبدي شديد؛ الحمل؛ صمامات القلب الاصطناعية,DOAC – Factor Xa Inhibitor,مضاد تخثر مباشر – مثبط العامل Xa,Prescription,بوصفة طبية,medication_images/Eliquis.jpg,Pink,وردي,Oval,بيضاوي,893,capsule_merged_dataset
KSA_198,Pradaxa,برادكسا,Dabigatran Etexilate,داباغاتران إيتيكسيلات,Dabigatran Etexilate 150 mg,Capsule,كبسولة,150 mg,Stroke prevention in atrial fibrillation; DVT/PE treatment and prevention,الوقاية من السكتة في الرجفان الأذيني؛ علاج ووقاية DVT/PE,Boehringer Ingelheim,بوهرنجر إنجلهايم,Bleeding; GI bleeding; Dyspepsia; Nausea; Bruising,نزيف؛ نزيف معدي معوي؛ عسر الهضم؛ غثيان؛ كدمات,Active significant bleeding; Severe renal impairment (CrCl <30); Prosthetic heart valves; Pregnancy,نزيف نشط معتد به؛ قصور كلوي شديد؛ صمامات القلب الاصطناعية؛ الحمل,DOAC – Direct Thrombin Inhibitor,مضاد تخثر مباشر – مثبط الثرومبين المباشر,Prescription,بوصفة طبية,Not Available,Blue/White,أزرق/أبيض,Capsule,كبسولة,R150,capsule_merged_dataset
KSA_199,Clexane,كليكسان,Enoxaparin,إينوكسابارين,Enoxaparin Sodium 40 mg / 0.4 mL,Pre-filled Injection,حقن معبأة مسبقاً,40 mg (4000 IU),DVT prophylaxis (surgery; immobility); Acute coronary syndromes; Treatment of DVT/PE,الوقاية من DVT (جراحة؛ خمول)؛ متلازمة الشريان التاجي الحادة؛ علاج DVT/PE,Sanofi,سانوفي,Bleeding; Thrombocytopenia (HIT); Injection site hematoma; Hyperkalemia,نزيف؛ نقص الصفيحات (HIT)؛ ورم دموي في موضع الحقن؛ فرط بوتاسيوم الدم,Active bleeding; HIT history; Severe renal impairment (with caution),نزيف نشط؛ تاريخ HIT؛ قصور كلوي شديد (بحذر),LMWH (Low Molecular Weight Heparin),هيبارين منخفض الوزن الجزيئي,Prescription,بوصفة طبية,medication_images/Clexane.jpg,Clear,شفاف,Pre-filled syringe,محقنة معبأة مسبقاً,,capsule_merged_dataset
KSA_200,Heparin,هيبارين,Heparin Sodium,هيبارين الصوديوم,Heparin Sodium 5000 IU/mL,Injection,حقن,5000 IU/mL,DVT/PE treatment; ACS; Hemodialysis anticoagulation; Flush (IV catheter),علاج DVT/PE؛ متلازمة الشريان التاجي الحادة؛ مضاد تخثر الديلزة الدموية؛ غسيل قثطار وريدي,Various,شركات متعددة,Bleeding; HIT (heparin-induced thrombocytopenia); Osteoporosis (prolonged use); Injection site hematoma,نزيف؛ HIT (نقص صفيحات بسبب الهيبارين)؛ هشاشة العظام (استخدام مطول)؛ ورم دموي موضع الحقن,Active bleeding; HIT history; Severe thrombocytopenia; Intracranial hemorrhage,نزيف نشط؛ تاريخ HIT؛ نقص الصفيحات الشديد؛ نزيف داخل الجمجمة,Unfractionated Heparin (UFH),هيبارين غير مجزأ,Prescription,بوصفة طبية,Not Available,Clear,شفاف,Vial,قارورة,,capsule_merged_dataset
KSA_201,Zyloric,زيلوريك,Allopurinol,ألوبيورينول,Allopurinol 100 mg,Tablet,قرص,100 mg,Gout; Hyperuricemia; Uric acid kidney stones; Tumor lysis syndrome prevention,النقرس؛ فرط حمض اليوريك؛ حصى الكلى من حمض اليوريك؛ الوقاية من متلازمة انحلال الورم,GSK,جي إس كي,Rash (including SJS - rare); GI upset; Gout flare (initial); Hepatotoxicity,طفح جلدي (بما فيه SJS - نادر)؛ اضطراب هضمي؛ نوبة نقرس (مبدئياً)؛ سمية كبدية,Acute gout attack (do not start); Severe hypersensitivity; HLA-B*5801 carriers (Asian - SJS risk),نوبة نقرس حادة (لا تبدأ)؛ فرط حساسية شديد؛ حاملو HLA-B*5801 (آسيويون - خطر SJS),Xanthine Oxidase Inhibitor,مثبط زانثين أوكسيداز,Prescription,بوصفة طبية,Not Available,White,أبيض,Round,دائري,ZLR 100,capsule_merged_dataset
KSA_202,Zyloric,زيلوريك,Allopurinol,ألوبيورينول,Allopurinol 300 mg,Tablet,قرص,300 mg,Gout; Hyperuricemia; Uric acid nephrolithiasis,النقرس؛ فرط حمض اليوريك؛ تحصي الكلى بحمض اليوريك,GSK,جي إس كي,Rash; GI upset; Gout flare (initial); SJS (rare); Allopurinol hypersensitivity syndrome,طفح جلدي؛ اضطراب هضمي؛ نوبة نقرس (مبدئياً)؛ SJS (نادر)؛ متلازمة فرط الحساسية لألوبيورينول,Acute gout attack; Severe hypersensitivity reaction to allopurinol,نوبة نقرس حادة؛ تفاعل فرط حساسية شديد للألوبيورينول,Xanthine Oxidase Inhibitor,مثبط زانثين أوكسيداز,Prescription,بوصفة طبية,Not Available,White,أبيض,Round,دائري,ZLR 300,capsule_merged_dataset
KSA_203,Colchicine,كولشيسين,Colchicine,كولشيسين,Colchicine 0.5 mg,Tablet,قرص,0.5 mg,Acute gout flare; Gout prophylaxis; Familial Mediterranean Fever; Pericarditis,نوبة نقرس حادة؛ الوقاية من النقرس؛ حمى البحر المتوسط العائلية؛ التهاب التأمور,Various,شركات متعددة,Nausea; Vomiting; Diarrhea; Abdominal pain; Myopathy (long-term); Bone marrow suppression (rare),غثيان؛ قيء؛ إسهال؛ ألم بطن؛ اعتلال عضلي (طويل الأمد)؛ قمع نقي العظم (نادر),Severe renal/hepatic impairment; Concurrent strong CYP3A4/P-gp inhibitors; Pregnancy,قصور كلوي/كبدي شديد؛ الاستخدام المتزامن مع مثبطات CYP3A4/P-gp القوية؛ الحمل,Antigout Agent,عامل مضاد للنقرس,Prescription,بوصفة طبية,medication_images/Colchicine.jpg,Yellow,أصفر,Round,دائري,COL 0.5,capsule_merged_dataset
KSA_204,Plaquenil,بلاكونيل,Hydroxychloroquine,هيدروكسي كلوروكين,Hydroxychloroquine Sulfate 200 mg,Tablet,قرص,200 mg,Rheumatoid arthritis; Systemic lupus erythematosus; Malaria prophylaxis and treatment,التهاب المفاصل الروماتويدي؛ الذئبة الحمامية الجهازية؛ الوقاية من الملاريا وعلاجها,Sanofi,سانوفي,Retinopathy (long-term); Nausea; GI upset; Headache; Skin rash; QT prolongation,اعتلال الشبكية (طويل الأمد)؛ غثيان؛ اضطراب هضمي؛ صداع؛ طفح جلدي؛ إطالة QT,Retinal disease; QT prolongation; G6PD deficiency; Porphyria,مرض الشبكية؛ إطالة QT؛ نقص G6PD؛ البورفيريا,Antimalarial / DMARD,مضاد الملاريا / دواء مُعدِّل للمرض,Prescription,بوصفة طبية,Not Available,White,أبيض,Film-coated oval,بيضاوي مغلف,PLAQUENIL,capsule_merged_dataset
KSA_205,Methotrexate,ميثوتريكسات,Methotrexate,ميثوتريكسات,Methotrexate 2.5 mg,Tablet,قرص,2.5 mg,Rheumatoid arthritis; Psoriasis; Cancer (various); Ectopic pregnancy,التهاب المفاصل الروماتويدي؛ الصدفية؛ السرطان (متعدد)؛ الحمل خارج الرحم,Various,شركات متعددة,Hepatotoxicity; Bone marrow suppression; Nausea; Mucositis; Pulmonary toxicity; Teratogenicity,سمية كبدية؛ قمع نقي العظم؛ غثيان؛ التهاب الأغشية المخاطية؛ سمية رئوية؛ تشوه جنيني,Pregnancy; Breastfeeding; Severe renal/hepatic impairment; Significant bone marrow suppression; Immunodeficiency,الحمل؛ الرضاعة؛ قصور كلوي/كبدي شديد؛ قمع نقي العظم الكبير؛ نقص المناعة,DMARD / Antimetabolite,دواء مُعدِّل للمرض / مضاد للاستقلاب,Prescription,بوصفة طبية,Not Available,Yellow,أصفر,Round,دائري,M 2.5,capsule_merged_dataset
KSA_206,Fosamax,فوساماكس,Alendronate,أليندرونات,Alendronate Sodium 70 mg,Tablet,قرص,70 mg (once weekly),Osteoporosis (post-menopausal; male; glucocorticoid-induced),هشاشة العظام (ما بعد انقطاع الطمث؛ الذكور؛ الناجم عن الكورتيكوستيرويد),MSD,إم إس دي,Esophageal irritation/ulceration; GI upset; Musculoskeletal pain; Osteonecrosis of jaw (rare),تهيج/تقرح المريء؛ اضطراب هضمي؛ ألم عضلي هيكلي؛ نخر الفك (نادر),Esophageal abnormalities; Inability to stand/sit upright for 30 min; Hypocalcemia; Severe renal impairment,شذوذات المريء؛ عدم القدرة على الجلوس/الوقوف منتصباً 30 دقيقة؛ نقص كالسيوم الدم؛ قصور كلوي شديد,Bisphosphonate,بيسفوسفونات,Prescription,بوصفة طبية,Not Available,White,أبيض,Oval,بيضاوي,MSD 936,capsule_merged_dataset
KSA_207,Tamoxifen,تاموكسيفين,Tamoxifen,تاموكسيفين,Tamoxifen Citrate 20 mg,Tablet,قرص,20 mg,Breast cancer (hormone receptor-positive); DCIS; Infertility (off-label),سرطان الثدي (إيجابي المستقبلات الهرمونية)؛ سرطان القناة في الموضع؛ العقم (خارج النشرة),Various,شركات متعددة,Hot flushes; Vaginal discharge; Thromboembolic events; Endometrial cancer; Cataracts,هبات ساخنة؛ إفرازات مهبلية؛ أحداث جلطوية؛ سرطان بطانة الرحم؛ ساد,DVT/PE history; Concurrent coumarin anticoagulants; Pregnancy,تاريخ DVT/PE؛ مضادات التخثر الكومارينية المتزامنة؛ الحمل,SERM (Selective Estrogen Receptor Modulator),مُعدِّل انتقائي لمستقبلات الإستروجين,Prescription,بوصفة طبية,Not Available,White,أبيض,Round,دائري,TAM 20,capsule_merged_dataset
KSA_208,ORS,محلول معالجة الجفاف الفموي,Oral Rehydration Salts,أملاح معالجة الجفاف الفموية,Sodium 2.6 g; Glucose 13.5 g; Potassium 1.5 g; Trisodium Citrate 2.9 g per sachet,Oral Powder (Sachet),مسحوق فموي (كيس),Per sachet dissolved in 1 L water,Dehydration from diarrhea/vomiting; Fluid and electrolyte replacement,الجفاف من الإسهال/القيء؛ تعويض السوائل والكهارل,WHO / Various,منظمة الصحة العالمية / شركات متعددة,Hypernatremia (if over-concentrated); Vomiting (if taken too fast),فرط صوديوم الدم (إذا كان مركزاً)؛ قيء (إذا تناول بسرعة),Anuria; Intractable vomiting; Glucose-galactose malabsorption,انقطاع البول؛ قيء مستعصٍ؛ سوء امتصاص الغلوكوز-الغالاكتوز,Electrolyte Replacement,مستحضر تعويض الكهارل,OTC,بدون وصفة,Not Available,White powder,مسحوق أبيض,Sachet,كيس,,capsule_merged_dataset
KSA_209,Melatonin 3mg,ميلاتونين 3 ملغ,Melatonin,الميلاتونين,Melatonin 3 mg,Tablet,قرص,3 mg,Sleep-onset insomnia; Jet lag; Shift-work sleep disorder; Circadian rhythm disorders,أرق بدء النوم؛ اضطراب الطائرة النفاثة؛ اضطراب نوم العمل بالمناوبة؛ اضطرابات الإيقاع اليوماوي,Various,شركات متعددة,Drowsiness; Headache; Dizziness; Nausea,نعاس؛ صداع؛ دوخة؛ غثيان,Autoimmune conditions (use with caution); Pregnancy; Concurrent anticoagulants (monitor),حالات مناعية ذاتية (استخدام بحذر)؛ الحمل؛ مضادات التخثر المتزامنة (مراقبة),Melatonin Receptor Agonist,ناهض مستقبلات الميلاتونين,OTC,بدون وصفة,Not Available,White,أبيض,Round,دائري,MEL 3,capsule_merged_dataset
KSA_210,Xylocaine Gel,زيلوكين جيل,Lidocaine,ليدوكائين,Lidocaine HCl 2%,Gel,جل,2%,Local anesthesia for urethral procedures; Topical pain relief; Lubrication for catheterization,التخدير الموضعي للإجراءات الإحليلية؛ تسكين الألم الموضعي؛ التشحيم لإدخال القثطار,AstraZeneca,أسترازينيكا,Local burning; Tissue irritation; Systemic toxicity (CNS; cardiovascular) if absorbed in excess,حرقان موضعي؛ تهيج النسيج؛ سمية جهازية (جهاز عصبي مركزي؛ قلبية وعائية) عند الامتصاص الزائد,Hypersensitivity to lidocaine or amide-type local anesthetics; Heart block (high degree),فرط الحساسية لليدوكائين أو المخدرات الموضعية من نوع الأميد؛ إحصار قلبي (عالي الدرجة),Local Anesthetic (Topical),مخدر موضعي,Prescription,بوصفة طبية,Not Available,Clear gel,جل شفاف,Tube,أنبوب,,capsule_merged_dataset
KSA_211,Quillivant XR,كويليفانت إكس آر,Methylphenidate,ميثيلفينيديت,,Powder for Oral Suspension,مسحوق للتعليق الفموي,5,ADHD (Attention Deficit Hyperactivity Disorder),اضطراب نقص الانتباه وفرط الحركة,Tris Pharma Inc,تريس فارما,Decreased appetite; Insomnia; Headache; Abdominal pain,فقدان الشهية؛ أرق؛ صداع؛ آلام في البطن,Known hypersensitivity to methylphenidate; MAO inhibitors use,فرط الحساسية للميثيلفينيديت؛ استخدام مثبطات أوكسيداز أحادي الأمين,ADHD,أدوية اضطراب نقص الانتباه,Prescription,بوصفة طبية,medication_images/Quillivant XR.jpg,,,,,,capsule_merged_dataset
KSA_212,Zyglic MR,زيجليك إم آر,Gliclazide,غليكلازيد,,Modified-Release Tablet,قرص ممتد المفعول,30,Type 2 Diabetes Mellitus,داء السكري من النوع الثاني,Zydus Lifesciences Limited,زيدوس لايف ساينسز,Hypoglycemia; Nausea; Dizziness; Weight gain,انخفاض سكر الدم؛ غثيان؛ دوخة؛ زيادة الوزن,Type 1 diabetes; Diabetic ketoacidosis; Severe renal/hepatic impairment,السكري النوع الأول؛ الحماض الكيتوني السكري؛ قصور كلوي أو كبدي شديد,Diabetes,أدوية السكري,Prescription,بوصفة طبية,medication_images/Zyglic MR.jpg,,,round,دائري,,capsule_merged_dataset
KSA_213,Emedius,إيميديوس,Palonosetron Hydrochloride,بالونوسيترون هيدروكلوريد,,Solution for Injection,محلول للحقن,0.05,Prevention of nausea and vomiting caused by chemotherapy,الوقاية من الغثيان والقيء الناتج عن العلاج الكيميائي,Jamjoom Pharmaceuticals,مصنع جمجوم للأدوية,Headache; Constipation; Dizziness,صداع؛ إمساك؛ دوخة,Hypersensitivity to palonosetron,فرط الحساسية للبالونوسيترون,Antiemetic,مضاد للغثيان والقيء,Prescription,بوصفة طبية,medication_images/Emedius.jpg,,,,,,capsule_merged_dataset
KSA_214,Ozanex,أوزانيكس,Ozenoxacin,أوزينوكساسين,,Cream,كريم,1,Impetigo; Bacterial skin infections,القوباء؛ الالتهابات الجلدية البكتيرية,Ferrer International,فيرير إنترناشيونال,Skin irritation; Rash,تهيج الجلد؛ طفح جلدي,Hypersensitivity to ozenoxacin,فرط الحساسية للأوزينوكساسين,Antibiotic/Antifungal,مضاد حيوي / مضاد فطري,Prescription,بوصفة طبية,medication_images/Ozanex.jpg,white,أبيض,,,,capsule_merged_dataset
KSA_215,Vatowis,فاتويس,Vasopressin,فازوبريسين,,Injection,حقن,20,Vasodilatory shock; Cardiac arrest; Diabetes insipidus,صدمة توسع الأوعية؛ توقف القلب؛ السكري الكاذب,Eugia Pharma,يوجيا فارما,Hypertension; Bradycardia; Hyponatremia,ارتفاع ضغط الدم؛ بطء القلب؛ نقص صوديوم الدم,Hypersensitivity to vasopressin,فرط الحساسية للفازوبريسين,Vasopressor,مقبض الأوعية الدموية,Prescription,بوصفة طبية,medication_images/Vatowis.jpg,,,,,,capsule_merged_dataset
KSA_216,Prevymis,بريفيميس,Letermovir,ليترموفير,,Film-Coated Tablet,قرص مغلف,480,Prevention of CMV infection in transplant patients,الوقاية من عدوى الفيروس المضخم للخلايا في مرضى زراعة الأعضاء,MSD International,إم إس دي إنترناشيونال,Nausea; Diarrhea; Vomiting; Peripheral edema,غثيان؛ إسهال؛ قيء؛ وذمة طرفية,Co-administration with pimozide or ergot alkaloids,الاستخدام المتزامن مع بيموزايد أو قلويدات الإرغوت,Antiviral,مضاد فيروسي,Prescription,بوصفة طبية,medication_images/Prevymis.jpg,orange,برتقالي,oval,بيضوي,,capsule_merged_dataset
KSA_217,Olimel N12E,أوليمل ن12 إي,Glucose/Amino Acid/Lipid Emulsion,غلوكوز / أحماض أمينية / مستحلب دهني,,Emulsion for Infusion,مستحلب للتسريب,27.5/14.2/17.5,Parenteral nutrition for adults when oral or enteral feeding is insufficient,التغذية الوريدية للبالغين عندما تكون التغذية الفموية أو المعوية غير كافية,Baxter,باكستر,Hyperglycemia; Nausea; Elevated liver enzymes,ارتفاع سكر الدم؛ غثيان؛ ارتفاع إنزيمات الكبد,Severe hyperlipidemia; Severe hepatic insufficiency,فرط شحميات الدم الشديد؛ قصور الكبد الشديد,Parenteral Nutrition,تغذية وريدية,Prescription,بوصفة طبية,medication_images/Olimel N12E.jpg,white,أبيض,,,,capsule_merged_dataset
KSA_218,Alzil,الزيل,Donepezil Hydrochloride,دونيبيزيل هيدروكلوريد,,Orodispersible Tablet,قرص فموي سريع الذوبان,10,Mild to moderate Alzheimer's disease; Dementia,مرض الزهايمر الخفيف إلى المتوسط؛ الخرف,Al-Taqaddom Pharmaceutical,مصنع التقدم للصناعات الدوائية,Nausea; Diarrhea; Insomnia; Muscle cramps,غثيان؛ إسهال؛ أرق؛ تشنجات عضلية,Hypersensitivity to donepezil or piperidine derivatives,فرط الحساسية للدونيبيزيل أو مشتقات البيبيريدين,Neurological/Alzheimer,أدوية عصبية / الزهايمر,Prescription,بوصفة طبية,medication_images/Alzil.jpg,white,أبيض,round,دائري,,capsule_merged_dataset
KSA_219,Disflax,ديسفلاكس,Deflazacort,ديفلازاكورت,,Tablet,قرص,6,Inflammatory and autoimmune conditions; Duchenne muscular dystrophy,الحالات الالتهابية والمناعية الذاتية؛ ضمور دوشين العضلي,Faes Farma,فايس فارما,Weight gain; Increased appetite; Cushing syndrome; Osteoporosis,زيادة الوزن؛ زيادة الشهية؛ متلازمة كوشينغ؛ هشاشة العظام,Systemic fungal infections; Live vaccines,العدوى الفطرية الجهازية؛ اللقاحات الحية,Anti-Inflammatory/Corticosteroid,مضاد التهاب / كورتيكوستيرويد,Prescription,بوصفة طبية,medication_images/Disflax.jpg,white,أبيض,round,دائري,,capsule_merged_dataset
KSA_220,Lipiget,ليبيجت,Atorvastatin,أتورفاستاتين,,Film-Coated Tablet,قرص مغلف,20,Hypercholesterolemia; Cardiovascular risk reduction,ارتفاع الكوليسترول؛ تقليل مخاطر أمراض القلب والأوعية الدموية,Pfizer,فايزر,Myalgia; Elevated liver enzymes; Headache; Gastrointestinal disturbances,آلام عضلية؛ ارتفاع إنزيمات الكبد؛ صداع؛ اضطرابات هضمية,Active liver disease; Pregnancy; Breastfeeding,أمراض الكبد النشطة؛ الحمل؛ الرضاعة الطبيعية,Cholesterol,أدوية الكوليسترول,Prescription,بوصفة طبية,medication_images/Lipiget.jpg,white,أبيض,oval,بيضوي,,capsule_merged_dataset
KSA_221,Azithral,أزيثرال,Azithromycin,أزيثروميسين,,Film-Coated Tablet,قرص مغلف,500,Respiratory infections; Skin infections; Otitis media; Pharyngitis,التهابات الجهاز التنفسي؛ التهابات الجلد؛ التهاب الأذن الوسطى؛ التهاب البلعوم,Alkem,ألكيم,Diarrhea; Nausea; Abdominal pain; Headache,إسهال؛ غثيان؛ آلام في البطن؛ صداع,Hypersensitivity to azithromycin or macrolide antibiotics; Hepatic impairment,فرط الحساسية للأزيثروميسين أو المضادات الحيوية الماكروليدية؛ قصور كبدي,Antibiotic,مضاد حيوي,Prescription,بوصفة طبية,medication_images/Azithral.jpg,pink,وردي,oval,بيضوي,,capsule_merged_dataset
KSA_222,Losartan Actavis,لوسارتان أكتافيس,Losartan Potassium,لوسارتان بوتاسيوم,,Film-Coated Tablet,قرص مغلف,50,Hypertension; Diabetic nephropathy; Heart failure,ارتفاع ضغط الدم؛ اعتلال الكلية السكري؛ قصور القلب,Actavis,أكتافيس,Dizziness; Hyperkalemia; Hypotension; Fatigue,دوخة؛ ارتفاع البوتاسيوم في الدم؛ انخفاض ضغط الدم؛ إرهاق,Pregnancy; Severe hepatic impairment; Co-administration with aliskiren in diabetics,الحمل؛ قصور كبدي شديد؛ الاستخدام المتزامن مع أليسكيرين في مرضى السكري,Hypertension,أدوية ارتفاع ضغط الدم,Prescription,بوصفة طبية,medication_images/Losartan Actavis.jpg,white,أبيض,oval,بيضوي,,capsule_merged_dataset
KSA_223,Zantac,زانتاك,Ranitidine,رانيتيدين,,Film-Coated Tablet,قرص مغلف,150,Gastric ulcer; Duodenal ulcer; Gastroesophageal reflux disease (GERD),قرحة المعدة؛ قرحة الاثني عشر؛ مرض الارتجاع المعدي المريئي,GSK,جي إس كيه,Headache; Dizziness; Constipation; Diarrhea,صداع؛ دوخة؛ إمساك؛ إسهال,Hypersensitivity to ranitidine; Acute porphyria,فرط الحساسية للرانيتيدين؛ البرفيرية الحادة,Gastrointestinal,أدوية الجهاز الهضمي,OTC,بدون وصفة طبية,medication_images/Zantac.jpg,white,أبيض,round,دائري,,capsule_merged_dataset
KSA_224,Omeprazole Capsule,أوميبرازول كبسولة,Omeprazole,أوميبرازول,,Gastro-Resistant Capsule,كبسولة مقاومة للحمض,20,Gastric ulcer; Duodenal ulcer; GERD; Zollinger-Ellison syndrome,قرحة المعدة؛ قرحة الاثني عشر؛ الارتجاع المعدي المريئي؛ متلازمة زولينجر إيليسون,AstraZeneca,أسترازينيكا,Headache; Nausea; Diarrhea; Abdominal pain,صداع؛ غثيان؛ إسهال؛ آلام في البطن,Hypersensitivity to omeprazole or substituted benzimidazoles,فرط الحساسية للأوميبرازول أو مشتقات البنزيميدازول,Gastrointestinal,أدوية الجهاز الهضمي,OTC,بدون وصفة طبية,medication_images/Omeprazole Capsule.jpg,purple,بنفسجي,capsule,كبسولة,,capsule_merged_dataset
KSA_225,Fevadol,فيفادول,Paracetamol + Ibuprofen,باراسيتامول + إيبوبروفين,,Tablet,قرص,250/200,Pain relief; Headache; Fever; Toothache; Muscle pain; Menstrual pain,تسكين الألم؛ صداع؛ حمى؛ ألم الأسنان؛ آلام العضلات؛ آلام الدورة الشهرية,Riyadh Pharma,الرياض فارما,Nausea; Stomach upset; Dizziness; Allergic reactions,غثيان؛ اضطراب المعدة؛ دوخة؛ تفاعلات تحسسية,Peptic ulcer; Severe hepatic impairment; Aspirin allergy; Last trimester of pregnancy,قرحة هضمية؛ قصور كبدي شديد؛ حساسية الأسبرين؛ الثلث الأخير من الحمل,Pain Relief / Antipyretic,مسكن للألم / خافض للحرارة,OTC,بدون وصفة طبية,medication_images/Fevadol.jpg,white,أبيض,round,دائري,,capsule_merged_dataset
KSA_226,Ritalin,ريتالين,Methylphenidate,ميثيلفينيديت,,Tablet,قرص,10,ADHD (Attention Deficit Hyperactivity Disorder); Narcolepsy,اضطراب نقص الانتباه وفرط الحركة؛ النوم القهري,Novartis,نوفارتس,Decreased appetite; Insomnia; Nervousness; Headache; Tachycardia,فقدان الشهية؛ أرق؛ عصبية؛ صداع؛ تسارع نبضات القلب,Anxiety disorders; Glaucoma; Tics; MAO inhibitor use; Cardiovascular disorders,اضطرابات القلق؛ الجلوكوما؛ التشنجات اللاإرادية؛ استخدام مثبطات أوكسيداز أحادي الأمين؛ اضطرابات القلب والأوعية الدموية,ADHD,أدوية اضطراب نقص الانتباه,Prescription,بوصفة طبية,medication_images/Ritalin.jpg,white,أبيض,round,دائري,,capsule_merged_dataset
KSA_227,Strattera,ستراتيرا,Atomoxetine,أتوموكسيتين,,Capsule,كبسولة,25,ADHD (Attention Deficit Hyperactivity Disorder),اضطراب نقص الانتباه وفرط الحركة,Lilly,ليلي,Nausea; Decreased appetite; Dizziness; Dry mouth; Insomnia,غثيان؛ فقدان الشهية؛ دوخة؛ جفاف الفم؛ أرق,Narrow-angle glaucoma; Pheochromocytoma; MAO inhibitor use; Severe cardiovascular disorders,الجلوكوما ضيقة الزاوية؛ ورم القواتم؛ استخدام مثبطات أوكسيداز أحادي الأمين؛ اضطرابات القلب والأوعية الدموية الشديدة,ADHD,أدوية اضطراب نقص الانتباه,Prescription,بوصفة طبية,medication_images/Strattera.jpg,gold white,ذهبي وأبيض,capsule,كبسولة,,capsule_merged_dataset
KSA_228,Alaxan,الاكسان,Ibuprofen + Paracetamol,إيبوبروفين + باراسيتامول,,Tablet,قرص,200/325,Mild to moderate pain; Headache; Toothache; Muscle pain; Back pain; Arthritis; Fever,ألم خفيف إلى متوسط؛ صداع؛ ألم الأسنان؛ آلام العضلات؛ آلام الظهر؛ التهاب المفاصل؛ حمى,United American Pharmaceuticals,يونايتد أمريكان للأدوية,Nausea; Stomach upset; Dizziness; Drowsiness,غثيان؛ اضطراب المعدة؛ دوخة؛ نعاس,Peptic ulcer; Aspirin allergy; Severe hepatic/renal impairment,قرحة هضمية؛ حساسية الأسبرين؛ قصور كبدي أو كلوي شديد,Pain Relief / NSAID,مسكن ألم / مضاد التهاب غير ستيرويدي,OTC,بدون وصفة طبية,medication_images/Alaxan.jpg,red white,أحمر وأبيض,oval,بيضوي,,capsule_merged_dataset
KSA_229,Bactidol,باكتيدول,Hexetidine,هيكسيتيدين,,Mouthwash Solution,غسول فموي,0.1,Sore throat; Mouth infections; Oral hygiene; Tonsillitis; Gingivitis,التهاب الحلق؛ التهابات الفم؛ نظافة الفم؛ التهاب اللوزتين؛ التهاب اللثة,Johnson and Johnson,جونسون آند جونسون,Mild mouth irritation; Taste alteration,تهيج خفيف بالفم؛ تغير في الطعم,Hypersensitivity to hexetidine; Children under 6 years,فرط الحساسية للهيكسيتيدين؛ الأطفال تحت 6 سنوات,Antiseptic / Oral Hygiene,مطهر / عناية بالفم,OTC,بدون وصفة طبية,medication_images/Bactidol.jpg,clear blue,أزرق شفاف,liquid,سائل,,capsule_merged_dataset
KSA_230,Bioflu,بيوفلو,Phenylephrine + Chlorphenamine + Paracetamol,فينيلإفرين + كلورفينامين + باراسيتامول,,Tablet,قرص,10/2/500,Common cold; Flu; Fever; Nasal congestion; Runny nose; Sneezing,نزلة البرد؛ الإنفلونزا؛ حمى؛ احتقان الأنف؛ سيلان الأنف؛ العطس,Pascual Laboratories,مختبرات باسكوال,Drowsiness; Dry mouth; Dizziness; Nervousness,نعاس؛ جفاف الفم؛ دوخة؛ عصبية,Severe hypertension; MAO inhibitor use; Severe liver disease,ارتفاع ضغط الدم الشديد؛ استخدام مثبطات أوكسيداز أحادي الأمين؛ أمراض الكبد الشديدة,Cold and Flu Remedy,علاج البرد والإنفلونزا,OTC,بدون وصفة طبية,medication_images/Bioflu.jpg,yellow,أصفر,oval,بيضوي,,capsule_merged_dataset
KSA_231,Biogesic,بيوجيسك,Paracetamol,باراسيتامول,,Tablet,قرص,500,Pain relief; Headache; Fever; Body pain; Toothache,تسكين الألم؛ صداع؛ حمى؛ آلام الجسم؛ ألم الأسنان,United American Pharmaceuticals,يونايتد أمريكان للأدوية,Nausea; Allergic reactions (rare); Liver damage with overdose,غثيان؛ تفاعلات تحسسية (نادرة)؛ تلف الكبد مع الجرعة الزائدة,Severe hepatic impairment; Hypersensitivity to paracetamol,قصور كبدي شديد؛ فرط الحساسية للباراسيتامول,Pain Relief / Antipyretic,مسكن للألم / خافض للحرارة,OTC,بدون وصفة طبية,medication_images/Biogesic.jpg,white,أبيض,round,دائري,,capsule_merged_dataset
KSA_232,DayZinc,داي زنك,Zinc Sulfate,كبريتات الزنك,,Capsule,كبسولة,20,Zinc deficiency; Immune support; Wound healing,نقص الزنك؛ دعم المناعة؛ التئام الجروح,Pascual Laboratories,مختبرات باسكوال,Nausea; Metallic taste; Stomach upset,غثيان؛ طعم معدني؛ اضطراب المعدة,Hypersensitivity to zinc sulfate,فرط الحساسية لكبريتات الزنك,Vitamin / Mineral Supplement,فيتامينات / مكملات معدنية,OTC,بدون وصفة طبية,medication_images/DayZinc.jpg,orange,برتقالي,capsule,كبسولة,,capsule_merged_dataset
KSA_233,Decolgen,ديكولجن,Phenylpropanolamine + Chlorphenamine,فينيل بروبانولامين + كلورفينامين,,Tablet,قرص,25/2,Nasal congestion; Common cold; Runny nose; Sneezing; Allergic rhinitis,احتقان الأنف؛ نزلة البرد؛ سيلان الأنف؛ العطس؛ التهاب الأنف التحسسي,United American Pharmaceuticals,يونايتد أمريكان للأدوية,Drowsiness; Dry mouth; Nervousness; Insomnia,نعاس؛ جفاف الفم؛ عصبية؛ أرق,Severe hypertension; Coronary artery disease; MAO inhibitor use,ارتفاع ضغط الدم الشديد؛ مرض الشريان التاجي؛ استخدام مثبطات أوكسيداز أحادي الأمين,Cold / Decongestant / Antihistamine,مزيل الاحتقان / مضاد هيستامين,OTC,بدون وصفة طبية,medication_images/Decolgen.jpg,white,أبيض,round,دائري,,capsule_merged_dataset
KSA_234,Fish Oil,زيت السمك,Omega-3 Fatty Acids (EPA + DHA),أحماض أوميغا 3 الدهنية (إي بي إيه + دي إتش إيه),,Softgel Capsule,كبسولة جيلاتينية لينة,1000,Cardiovascular health; Triglyceride reduction; Brain function; Joint health,صحة القلب والأوعية الدموية؛ تقليل الدهون الثلاثية؛ وظائف الدماغ؛ صحة المفاصل,Pascual Laboratories,مختبرات باسكوال,Fishy aftertaste; Nausea; Diarrhea; Belching,طعم سمكي؛ غثيان؛ إسهال؛ تجشؤ,Allergy to fish; Bleeding disorders (use with caution),حساسية الأسماك؛ اضطرابات النزيف (استخدم بحذر),Nutritional / Omega-3 Supplement,مكملات غذائية / أوميغا 3,OTC,بدون وصفة طبية,medication_images/Fish Oil.jpg,yellow gold,أصفر ذهبي,oval,بيضوي,,capsule_merged_dataset
KSA_235,Kremil S,كريمل إس,Aluminum Hydroxide + Magnesium Hydroxide + Simethicone,هيدروكسيد الألومنيوم + هيدروكسيد المغنيسيوم + سايميثيكون,,Chewable Tablet,قرص قابل للمضغ,225/200/25,Heartburn; Acid indigestion; Stomach ulcer; Gas; Bloating; Hyperacidity,حرقة المعدة؛ عسر الهضم الحمضي؛ قرحة المعدة؛ غازات؛ انتفاخ؛ فرط الحموضة,Pascual Laboratories,مختبرات باسكوال,Constipation; Diarrhea (rare); Nausea,إمساك؛ إسهال (نادر)؛ غثيان,Severe renal impairment; Hypophosphatemia,قصور كلوي شديد؛ نقص فوسفات الدم,Antacid / Gastrointestinal,مضاد الحموضة / الجهاز الهضمي,OTC,بدون وصفة طبية,medication_images/Kremil S.jpg,white green,أبيض وأخضر,round,دائري,,capsule_merged_dataset
KSA_236,Medicol,ميديكول,Ibuprofen,إيبوبروفين,,Capsule,كبسولة,200,Pain relief; Headache; Muscle pain; Menstrual pain; Toothache; Fever,تسكين الألم؛ صداع؛ آلام العضلات؛ آلام الدورة الشهرية؛ ألم الأسنان؛ حمى,Pascual Laboratories,مختبرات باسكوال,Stomach upset; Nausea; Dizziness; Heartburn,اضطراب المعدة؛ غثيان؛ دوخة؛ حرقة,Peptic ulcer; Aspirin allergy; Severe renal impairment; Last trimester of pregnancy,قرحة هضمية؛ حساسية الأسبرين؛ قصور كلوي شديد؛ الثلث الأخير من الحمل,Pain Relief / NSAID / Antipyretic,مسكن ألم / مضاد التهاب غير ستيرويدي / خافض للحرارة,OTC,بدون وصفة طبية,medication_images/Medicol.jpg,red white,أحمر وأبيض,capsule,كبسولة,,capsule_merged_dataset
KSA_237,Neozep,نيوزيب,Phenylephrine + Chlorphenamine + Paracetamol,فينيلإفرين + كلورفينامين + باراسيتامول,,Tablet,قرص,10/2/325,Common cold; Flu; Fever; Nasal congestion; Runny nose; Body pain,نزلة البرد؛ الإنفلونزا؛ حمى؛ احتقان الأنف؛ سيلان الأنف؛ آلام الجسم,United American Pharmaceuticals,يونايتد أمريكان للأدوية,Drowsiness; Dry mouth; Nervousness; Dizziness,نعاس؛ جفاف الفم؛ عصبية؛ دوخة,Severe hypertension; MAO inhibitor use; Severe liver disease,ارتفاع ضغط الدم الشديد؛ استخدام مثبطات أوكسيداز أحادي الأمين؛ أمراض الكبد الشديدة,Cold and Flu Remedy,علاج البرد والإنفلونزا,OTC,بدون وصفة طبية,medication_images/Neozep.jpg,white,أبيض,round,دائري,,capsule_merged_dataset
